observation_date,NFCI
1971-01-08,0.596
1971-01-15,0.628
1971-01-22,0.665
1971-01-29,0.705
1971-02-05,0.748
1971-02-12,0.791
1971-02-19,0.834
1971-02-26,0.876
1971-03-05,0.918
1971-03-12,0.965
1971-03-19,1.016
1971-03-26,1.075
1971-04-02,1.141
1971-04-09,1.214
1971-04-16,1.288
1971-04-23,1.358
1971-04-30,1.417
1971-05-07,1.456
1971-05-14,1.467
1971-05-21,1.446
1971-05-28,1.393
1971-06-04,1.314
1971-06-11,1.215
1971-06-18,1.114
1971-06-25,1.026
1971-07-02,0.969
1971-07-09,0.956
1971-07-16,0.999
1971-07-23,1.099
1971-07-30,1.251
1971-08-06,1.441
1971-08-13,1.649
1971-08-20,1.853
1971-08-27,2.027
1971-09-03,2.155
1971-09-10,2.225
1971-09-17,2.234
1971-09-24,2.188
1971-10-01,2.095
1971-10-08,1.97
1971-10-15,1.831
1971-10-22,1.693
1971-10-29,1.572
1971-11-05,1.477
1971-11-12,1.411
1971-11-19,1.373
1971-11-26,1.357
1971-12-03,1.355
1971-12-10,1.358
1971-12-17,1.355
1971-12-24,1.339
1971-12-31,1.307
1972-01-07,1.249
1972-01-14,1.174
1972-01-21,1.083
1972-01-28,0.982
1972-02-04,0.88
1972-02-11,0.78
1972-02-18,0.687
1972-02-25,0.604
1972-03-03,0.533
1972-03-10,0.472
1972-03-17,0.421
1972-03-24,0.376
1972-03-31,0.333
1972-04-07,0.289
1972-04-14,0.243
1972-04-21,0.194
1972-04-28,0.147
1972-05-05,0.102
1972-05-12,0.065
1972-05-19,0.039
1972-05-26,0.029
1972-06-02,0.036
1972-06-09,0.062
1972-06-16,0.103
1972-06-23,0.155
1972-06-30,0.21
1972-07-07,0.262
1972-07-14,0.303
1972-07-21,0.327
1972-07-28,0.331
1972-08-04,0.312
1972-08-11,0.274
1972-08-18,0.219
1972-08-25,0.154
1972-09-01,0.086
1972-09-08,0.021
1972-09-15,-0.035
1972-09-22,-0.08
1972-09-29,-0.114
1972-10-06,-0.137
1972-10-13,-0.154
1972-10-20,-0.168
1972-10-27,-0.181
1972-11-03,-0.196
1972-11-10,-0.214
1972-11-17,-0.234
1972-11-24,-0.255
1972-12-01,-0.272
1972-12-08,-0.282
1972-12-15,-0.279
1972-12-22,-0.257
1972-12-29,-0.211
1973-01-05,-0.138
1973-01-12,-0.036
1973-01-19,0.093
1973-01-26,0.245
1973-02-02,0.413
1973-02-09,0.587
1973-02-16,0.756
1973-02-23,0.911
1973-03-02,1.042
1973-03-09,1.145
1973-03-16,1.215
1973-03-23,1.258
1973-03-30,1.275
1973-04-06,1.272
1973-04-13,1.256
1973-04-20,1.231
1973-04-27,1.203
1973-05-04,1.175
1973-05-11,1.151
1973-05-18,1.132
1973-05-25,1.121
1973-06-01,1.121
1973-06-08,1.135
1973-06-15,1.166
1973-06-22,1.214
1973-06-29,1.284
1973-07-06,1.372
1973-07-13,1.479
1973-07-20,1.599
1973-07-27,1.729
1973-08-03,1.861
1973-08-10,1.99
1973-08-17,2.11
1973-08-24,2.217
1973-08-31,2.305
1973-09-07,2.369
1973-09-14,2.407
1973-09-21,2.42
1973-09-28,2.41
1973-10-05,2.378
1973-10-12,2.333
1973-10-19,2.28
1973-10-26,2.229
1973-11-02,2.184
1973-11-09,2.151
1973-11-16,2.128
1973-11-23,2.11
1973-11-30,2.088
1973-12-07,2.05
1973-12-14,1.986
1973-12-21,1.891
1973-12-28,1.763
1974-01-04,1.602
1974-01-11,1.42
1974-01-18,1.225
1974-01-25,1.03
1974-02-01,0.847
1974-02-08,0.687
1974-02-15,0.562
1974-02-22,0.478
1974-03-01,0.441
1974-03-08,0.456
1974-03-15,0.523
1974-03-22,0.643
1974-03-29,0.813
1974-04-05,1.028
1974-04-12,1.285
1974-04-19,1.576
1974-04-26,1.896
1974-05-03,2.238
1974-05-10,2.596
1974-05-17,2.963
1974-05-24,3.329
1974-05-31,3.687
1974-06-07,4.03
1974-06-14,4.346
1974-06-21,4.626
1974-06-28,4.861
1974-07-05,5.039
1974-07-12,5.154
1974-07-19,5.206
1974-07-26,5.199
1974-08-02,5.143
1974-08-09,5.047
1974-08-16,4.925
1974-08-23,4.785
1974-08-30,4.635
1974-09-06,4.481
1974-09-13,4.324
1974-09-20,4.163
1974-09-27,3.996
1974-10-04,3.822
1974-10-11,3.641
1974-10-18,3.46
1974-10-25,3.288
1974-11-01,3.133
1974-11-08,3.0
1974-11-15,2.892
1974-11-22,2.806
1974-11-29,2.736
1974-12-06,2.674
1974-12-13,2.61
1974-12-20,2.538
1974-12-27,2.448
1975-01-03,2.339
1975-01-10,2.208
1975-01-17,2.06
1975-01-24,1.901
1975-01-31,1.736
1975-02-07,1.573
1975-02-14,1.416
1975-02-21,1.269
1975-02-28,1.133
1975-03-07,1.007
1975-03-14,0.891
1975-03-21,0.783
1975-03-28,0.681
1975-04-04,0.582
1975-04-11,0.485
1975-04-18,0.39
1975-04-25,0.296
1975-05-02,0.206
1975-05-09,0.122
1975-05-16,0.045
1975-05-23,-0.021
1975-05-30,-0.076
1975-06-06,-0.117
1975-06-13,-0.146
1975-06-20,-0.164
1975-06-27,-0.172
1975-07-04,-0.173
1975-07-11,-0.17
1975-07-18,-0.164
1975-07-25,-0.157
1975-08-01,-0.147
1975-08-08,-0.134
1975-08-15,-0.118
1975-08-22,-0.097
1975-08-29,-0.071
1975-09-05,-0.042
1975-09-12,-0.009
1975-09-19,0.026
1975-09-26,0.06
1975-10-03,0.091
1975-10-10,0.118
1975-10-17,0.137
1975-10-24,0.149
1975-10-31,0.153
1975-11-07,0.146
1975-11-14,0.129
1975-11-21,0.101
1975-11-28,0.062
1975-12-05,0.012
1975-12-12,-0.047
1975-12-19,-0.114
1975-12-26,-0.187
1976-01-02,-0.262
1976-01-09,-0.337
1976-01-16,-0.408
1976-01-23,-0.475
1976-01-30,-0.534
1976-02-06,-0.586
1976-02-13,-0.629
1976-02-20,-0.666
1976-02-27,-0.695
1976-03-05,-0.718
1976-03-12,-0.734
1976-03-19,-0.743
1976-03-26,-0.744
1976-04-02,-0.737
1976-04-09,-0.722
1976-04-16,-0.697
1976-04-23,-0.666
1976-04-30,-0.628
1976-05-07,-0.588
1976-05-14,-0.549
1976-05-21,-0.514
1976-05-28,-0.485
1976-06-04,-0.467
1976-06-11,-0.46
1976-06-18,-0.464
1976-06-25,-0.478
1976-07-02,-0.501
1976-07-09,-0.53
1976-07-16,-0.561
1976-07-23,-0.593
1976-07-30,-0.624
1976-08-06,-0.651
1976-08-13,-0.675
1976-08-20,-0.694
1976-08-27,-0.709
1976-09-03,-0.718
1976-09-10,-0.724
1976-09-17,-0.726
1976-09-24,-0.725
1976-10-01,-0.721
1976-10-08,-0.715
1976-10-15,-0.707
1976-10-22,-0.699
1976-10-29,-0.689
1976-11-05,-0.679
1976-11-12,-0.672
1976-11-19,-0.667
1976-11-26,-0.666
1976-12-03,-0.672
1976-12-10,-0.684
1976-12-17,-0.704
1976-12-24,-0.73
1976-12-31,-0.762
1977-01-07,-0.798
1977-01-14,-0.835
1977-01-21,-0.87
1977-01-28,-0.901
1977-02-04,-0.925
1977-02-11,-0.941
1977-02-18,-0.948
1977-02-25,-0.946
1977-03-04,-0.933
1977-03-11,-0.913
1977-03-18,-0.886
1977-03-25,-0.853
1977-04-01,-0.816
1977-04-08,-0.777
1977-04-15,-0.735
1977-04-22,-0.693
1977-04-29,-0.652
1977-05-06,-0.613
1977-05-13,-0.577
1977-05-20,-0.547
1977-05-27,-0.522
1977-06-03,-0.505
1977-06-10,-0.494
1977-06-17,-0.489
1977-06-24,-0.489
1977-07-01,-0.493
1977-07-08,-0.499
1977-07-15,-0.505
1977-07-22,-0.51
1977-07-29,-0.512
1977-08-05,-0.511
1977-08-12,-0.506
1977-08-19,-0.497
1977-08-26,-0.485
1977-09-02,-0.47
1977-09-09,-0.451
1977-09-16,-0.428
1977-09-23,-0.403
1977-09-30,-0.376
1977-10-07,-0.348
1977-10-14,-0.32
1977-10-21,-0.293
1977-10-28,-0.269
1977-11-04,-0.248
1977-11-11,-0.231
1977-11-18,-0.22
1977-11-25,-0.215
1977-12-02,-0.215
1977-12-09,-0.22
1977-12-16,-0.23
1977-12-23,-0.243
1977-12-30,-0.259
1978-01-06,-0.274
1978-01-13,-0.286
1978-01-20,-0.294
1978-01-27,-0.295
1978-02-03,-0.289
1978-02-10,-0.273
1978-02-17,-0.249
1978-02-24,-0.216
1978-03-03,-0.175
1978-03-10,-0.127
1978-03-17,-0.074
1978-03-24,-0.017
1978-03-31,0.042
1978-04-07,0.104
1978-04-14,0.166
1978-04-21,0.23
1978-04-28,0.294
1978-05-05,0.357
1978-05-12,0.417
1978-05-19,0.474
1978-05-26,0.525
1978-06-02,0.57
1978-06-09,0.606
1978-06-16,0.633
1978-06-23,0.648
1978-06-30,0.652
1978-07-07,0.645
1978-07-14,0.626
1978-07-21,0.6
1978-07-28,0.568
1978-08-04,0.534
1978-08-11,0.503
1978-08-18,0.483
1978-08-25,0.48
1978-09-01,0.5
1978-09-08,0.55
1978-09-15,0.631
1978-09-22,0.744
1978-09-29,0.887
1978-10-06,1.053
1978-10-13,1.235
1978-10-20,1.42
1978-10-27,1.597
1978-11-03,1.753
1978-11-10,1.881
1978-11-17,1.973
1978-11-24,2.023
1978-12-01,2.032
1978-12-08,2.002
1978-12-15,1.937
1978-12-22,1.842
1978-12-29,1.722
1979-01-05,1.585
1979-01-12,1.437
1979-01-19,1.284
1979-01-26,1.131
1979-02-02,0.984
1979-02-09,0.846
1979-02-16,0.719
1979-02-23,0.605
1979-03-02,0.506
1979-03-09,0.422
1979-03-16,0.354
1979-03-23,0.302
1979-03-30,0.266
1979-04-06,0.245
1979-04-13,0.238
1979-04-20,0.246
1979-04-27,0.266
1979-05-04,0.298
1979-05-11,0.34
1979-05-18,0.392
1979-05-25,0.454
1979-06-01,0.523
1979-06-08,0.598
1979-06-15,0.677
1979-06-22,0.757
1979-06-29,0.838
1979-07-06,0.919
1979-07-13,0.999
1979-07-20,1.082
1979-07-27,1.168
1979-08-03,1.26
1979-08-10,1.358
1979-08-17,1.464
1979-08-24,1.578
1979-08-31,1.697
1979-09-07,1.821
1979-09-14,1.947
1979-09-21,2.071
1979-09-28,2.189
1979-10-05,2.296
1979-10-12,2.387
1979-10-19,2.457
1979-10-26,2.502
1979-11-02,2.519
1979-11-09,2.505
1979-11-16,2.462
1979-11-23,2.392
1979-11-30,2.302
1979-12-07,2.197
1979-12-14,2.087
1979-12-21,1.981
1979-12-28,1.885
1980-01-04,1.809
1980-01-11,1.762
1980-01-18,1.751
1980-01-25,1.783
1980-02-01,1.867
1980-02-08,2.001
1980-02-15,2.187
1980-02-22,2.419
1980-02-29,2.686
1980-03-07,2.971
1980-03-14,3.258
1980-03-21,3.523
1980-03-28,3.744
1980-04-04,3.907
1980-04-11,3.995
1980-04-18,4.002
1980-04-25,3.93
1980-05-02,3.783
1980-05-09,3.571
1980-05-16,3.313
1980-05-23,3.02
1980-05-30,2.708
1980-06-06,2.391
1980-06-13,2.08
1980-06-20,1.782
1980-06-27,1.509
1980-07-04,1.272
1980-07-11,1.076
1980-07-18,0.929
1980-07-25,0.829
1980-08-01,0.774
1980-08-08,0.76
1980-08-15,0.779
1980-08-22,0.82
1980-08-29,0.88
1980-09-05,0.953
1980-09-12,1.033
1980-09-19,1.123
1980-09-26,1.222
1980-10-03,1.335
1980-10-10,1.463
1980-10-17,1.615
1980-10-24,1.79
1980-10-31,1.989
1980-11-07,2.207
1980-11-14,2.433
1980-11-21,2.66
1980-11-28,2.877
1980-12-05,3.061
1980-12-12,3.202
1980-12-19,3.295
1980-12-26,3.321
1981-01-02,3.288
1981-01-09,3.197
1981-01-16,3.062
1981-01-23,2.892
1981-01-30,2.701
1981-02-06,2.5
1981-02-13,2.305
1981-02-20,2.128
1981-02-27,1.97
1981-03-06,1.842
1981-03-13,1.747
1981-03-20,1.688
1981-03-27,1.667
1981-04-03,1.683
1981-04-10,1.734
1981-04-17,1.819
1981-04-24,1.927
1981-05-01,2.057
1981-05-08,2.205
1981-05-15,2.365
1981-05-22,2.532
1981-05-29,2.706
1981-06-05,2.874
1981-06-12,3.038
1981-06-19,3.186
1981-06-26,3.314
1981-07-03,3.415
1981-07-10,3.486
1981-07-17,3.527
1981-07-24,3.535
1981-07-31,3.518
1981-08-07,3.475
1981-08-14,3.414
1981-08-21,3.341
1981-08-28,3.264
1981-09-04,3.187
1981-09-11,3.115
1981-09-18,3.049
1981-09-25,2.986
1981-10-02,2.931
1981-10-09,2.876
1981-10-16,2.822
1981-10-23,2.768
1981-10-30,2.708
1981-11-06,2.639
1981-11-13,2.562
1981-11-20,2.476
1981-11-27,2.388
1981-12-04,2.302
1981-12-11,2.221
1981-12-18,2.144
1981-12-25,2.076
1982-01-01,2.014
1982-01-08,1.963
1982-01-15,1.928
1982-01-22,1.908
1982-01-29,1.907
1982-02-05,1.918
1982-02-12,1.942
1982-02-19,1.973
1982-02-26,2.007
1982-03-05,2.037
1982-03-12,2.064
1982-03-19,2.088
1982-03-26,2.11
1982-04-02,2.129
1982-04-09,2.152
1982-04-16,2.181
1982-04-23,2.217
1982-04-30,2.266
1982-05-07,2.328
1982-05-14,2.405
1982-05-21,2.497
1982-05-28,2.594
1982-06-04,2.691
1982-06-11,2.782
1982-06-18,2.86
1982-06-25,2.919
1982-07-02,2.959
1982-07-09,2.984
1982-07-16,3.0
1982-07-23,3.019
1982-07-30,3.05
1982-08-06,3.101
1982-08-13,3.174
1982-08-20,3.259
1982-08-27,3.347
1982-09-03,3.421
1982-09-10,3.463
1982-09-17,3.455
1982-09-24,3.382
1982-10-01,3.238
1982-10-08,3.028
1982-10-15,2.763
1982-10-22,2.465
1982-10-29,2.156
1982-11-05,1.856
1982-11-12,1.58
1982-11-19,1.337
1982-11-26,1.134
1982-12-03,0.966
1982-12-10,0.83
1982-12-17,0.718
1982-12-24,0.621
1982-12-31,0.533
1983-01-07,0.452
1983-01-14,0.376
1983-01-21,0.305
1983-01-28,0.24
1983-02-04,0.183
1983-02-11,0.135
1983-02-18,0.096
1983-02-25,0.067
1983-03-04,0.046
1983-03-11,0.031
1983-03-18,0.021
1983-03-25,0.011
1983-04-01,-0.001
1983-04-08,-0.018
1983-04-15,-0.04
1983-04-22,-0.066
1983-04-29,-0.096
1983-05-06,-0.127
1983-05-13,-0.155
1983-05-20,-0.177
1983-05-27,-0.192
1983-06-03,-0.199
1983-06-10,-0.197
1983-06-17,-0.189
1983-06-24,-0.175
1983-07-01,-0.157
1983-07-08,-0.138
1983-07-15,-0.118
1983-07-22,-0.102
1983-07-29,-0.089
1983-08-05,-0.082
1983-08-12,-0.079
1983-08-19,-0.081
1983-08-26,-0.086
1983-09-02,-0.091
1983-09-09,-0.096
1983-09-16,-0.097
1983-09-23,-0.094
1983-09-30,-0.084
1983-10-07,-0.068
1983-10-14,-0.047
1983-10-21,-0.02
1983-10-28,0.007
1983-11-04,0.035
1983-11-11,0.06
1983-11-18,0.081
1983-11-25,0.097
1983-12-02,0.106
1983-12-09,0.107
1983-12-16,0.1
1983-12-23,0.084
1983-12-30,0.057
1984-01-06,0.024
1984-01-13,-0.015
1984-01-20,-0.057
1984-01-27,-0.098
1984-02-03,-0.135
1984-02-10,-0.165
1984-02-17,-0.186
1984-02-24,-0.197
1984-03-02,-0.194
1984-03-09,-0.178
1984-03-16,-0.146
1984-03-23,-0.098
1984-03-30,-0.033
1984-04-06,0.049
1984-04-13,0.146
1984-04-20,0.256
1984-04-27,0.377
1984-05-04,0.505
1984-05-11,0.637
1984-05-18,0.765
1984-05-25,0.885
1984-06-01,0.991
1984-06-08,1.08
1984-06-15,1.149
1984-06-22,1.193
1984-06-29,1.21
1984-07-06,1.198
1984-07-13,1.156
1984-07-20,1.091
1984-07-27,1.009
1984-08-03,0.918
1984-08-10,0.825
1984-08-17,0.735
1984-08-24,0.651
1984-08-31,0.573
1984-09-07,0.503
1984-09-14,0.439
1984-09-21,0.379
1984-09-28,0.321
1984-10-05,0.265
1984-10-12,0.21
1984-10-19,0.156
1984-10-26,0.104
1984-11-02,0.056
1984-11-09,0.01
1984-11-16,-0.035
1984-11-23,-0.077
1984-11-30,-0.119
1984-12-07,-0.16
1984-12-14,-0.202
1984-12-21,-0.243
1984-12-28,-0.283
1985-01-04,-0.32
1985-01-11,-0.352
1985-01-18,-0.376
1985-01-25,-0.39
1985-02-01,-0.393
1985-02-08,-0.386
1985-02-15,-0.372
1985-02-22,-0.352
1985-03-01,-0.329
1985-03-08,-0.307
1985-03-15,-0.29
1985-03-22,-0.278
1985-03-29,-0.273
1985-04-05,-0.277
1985-04-12,-0.29
1985-04-19,-0.311
1985-04-26,-0.338
1985-05-03,-0.367
1985-05-10,-0.398
1985-05-17,-0.425
1985-05-24,-0.448
1985-05-31,-0.463
1985-06-07,-0.471
1985-06-14,-0.47
1985-06-21,-0.46
1985-06-28,-0.443
1985-07-05,-0.419
1985-07-12,-0.39
1985-07-19,-0.357
1985-07-26,-0.32
1985-08-02,-0.282
1985-08-09,-0.244
1985-08-16,-0.208
1985-08-23,-0.176
1985-08-30,-0.15
1985-09-06,-0.133
1985-09-13,-0.126
1985-09-20,-0.131
1985-09-27,-0.147
1985-10-04,-0.173
1985-10-11,-0.205
1985-10-18,-0.24
1985-10-25,-0.274
1985-11-01,-0.304
1985-11-08,-0.326
1985-11-15,-0.338
1985-11-22,-0.341
1985-11-29,-0.334
1985-12-06,-0.321
1985-12-13,-0.305
1985-12-20,-0.287
1985-12-27,-0.271
1986-01-03,-0.26
1986-01-10,-0.253
1986-01-17,-0.252
1986-01-24,-0.256
1986-01-31,-0.265
1986-02-07,-0.276
1986-02-14,-0.287
1986-02-21,-0.297
1986-02-28,-0.305
1986-03-07,-0.313
1986-03-14,-0.321
1986-03-21,-0.33
1986-03-28,-0.342
1986-04-04,-0.359
1986-04-11,-0.38
1986-04-18,-0.404
1986-04-25,-0.428
1986-05-02,-0.45
1986-05-09,-0.468
1986-05-16,-0.479
1986-05-23,-0.484
1986-05-30,-0.482
1986-06-06,-0.475
1986-06-13,-0.465
1986-06-20,-0.456
1986-06-27,-0.45
1986-07-04,-0.451
1986-07-11,-0.46
1986-07-18,-0.476
1986-07-25,-0.498
1986-08-01,-0.524
1986-08-08,-0.549
1986-08-15,-0.571
1986-08-22,-0.587
1986-08-29,-0.594
1986-09-05,-0.593
1986-09-12,-0.583
1986-09-19,-0.571
1986-09-26,-0.558
1986-10-03,-0.547
1986-10-10,-0.541
1986-10-17,-0.54
1986-10-24,-0.542
1986-10-31,-0.547
1986-11-07,-0.552
1986-11-14,-0.557
1986-11-21,-0.558
1986-11-28,-0.555
1986-12-05,-0.549
1986-12-12,-0.539
1986-12-19,-0.527
1986-12-26,-0.515
1987-01-02,-0.506
1987-01-09,-0.498
1987-01-16,-0.494
1987-01-23,-0.492
1987-01-30,-0.491
1987-02-06,-0.489
1987-02-13,-0.481
1987-02-20,-0.465
1987-02-27,-0.44
1987-03-06,-0.401
1987-03-13,-0.345
1987-03-20,-0.27
1987-03-27,-0.177
1987-04-03,-0.066
1987-04-10,0.055
1987-04-17,0.183
1987-04-24,0.306
1987-05-01,0.415
1987-05-08,0.507
1987-05-15,0.572
1987-05-22,0.612
1987-05-29,0.619
1987-06-05,0.6
1987-06-12,0.558
1987-06-19,0.496
1987-06-26,0.422
1987-07-03,0.342
1987-07-10,0.261
1987-07-17,0.183
1987-07-24,0.11
1987-07-31,0.049
1987-08-07,0.006
1987-08-14,-0.015
1987-08-21,-0.005
1987-08-28,0.038
1987-09-04,0.115
1987-09-11,0.22
1987-09-18,0.348
1987-09-25,0.49
1987-10-02,0.641
1987-10-09,0.786
1987-10-16,0.916
1987-10-23,1.024
1987-10-30,1.101
1987-11-06,1.141
1987-11-13,1.152
1987-11-20,1.14
1987-11-27,1.108
1987-12-04,1.06
1987-12-11,0.996
1987-12-18,0.919
1987-12-25,0.832
1988-01-01,0.737
1988-01-08,0.639
1988-01-15,0.543
1988-01-22,0.45
1988-01-29,0.363
1988-02-05,0.285
1988-02-12,0.219
1988-02-19,0.169
1988-02-26,0.134
1988-03-04,0.114
1988-03-11,0.108
1988-03-18,0.116
1988-03-25,0.132
1988-04-01,0.157
1988-04-08,0.185
1988-04-15,0.211
1988-04-22,0.233
1988-04-29,0.248
1988-05-06,0.255
1988-05-13,0.257
1988-05-20,0.257
1988-05-27,0.256
1988-06-03,0.259
1988-06-10,0.267
1988-06-17,0.281
1988-06-24,0.303
1988-07-01,0.33
1988-07-08,0.36
1988-07-15,0.388
1988-07-22,0.413
1988-07-29,0.429
1988-08-05,0.436
1988-08-12,0.433
1988-08-19,0.42
1988-08-26,0.398
1988-09-02,0.37
1988-09-09,0.338
1988-09-16,0.306
1988-09-23,0.278
1988-09-30,0.254
1988-10-07,0.233
1988-10-14,0.215
1988-10-21,0.2
1988-10-28,0.186
1988-11-04,0.175
1988-11-11,0.167
1988-11-18,0.16
1988-11-25,0.155
1988-12-02,0.151
1988-12-09,0.148
1988-12-16,0.144
1988-12-23,0.142
1988-12-30,0.141
1989-01-06,0.144
1989-01-13,0.151
1989-01-20,0.164
1989-01-27,0.188
1989-02-03,0.224
1989-02-10,0.274
1989-02-17,0.337
1989-02-24,0.409
1989-03-03,0.487
1989-03-10,0.562
1989-03-17,0.63
1989-03-24,0.684
1989-03-31,0.717
1989-04-07,0.727
1989-04-14,0.713
1989-04-21,0.674
1989-04-28,0.62
1989-05-05,0.553
1989-05-12,0.484
1989-05-19,0.418
1989-05-26,0.362
1989-06-02,0.32
1989-06-09,0.292
1989-06-16,0.275
1989-06-23,0.264
1989-06-30,0.255
1989-07-07,0.245
1989-07-14,0.232
1989-07-21,0.218
1989-07-28,0.206
1989-08-04,0.199
1989-08-11,0.201
1989-08-18,0.214
1989-08-25,0.236
1989-09-01,0.267
1989-09-08,0.302
1989-09-15,0.335
1989-09-22,0.362
1989-09-29,0.379
1989-10-06,0.382
1989-10-13,0.369
1989-10-20,0.341
1989-10-27,0.3
1989-11-03,0.25
1989-11-10,0.197
1989-11-17,0.146
1989-11-24,0.1
1989-12-01,0.064
1989-12-08,0.038
1989-12-15,0.024
1989-12-22,0.02
1989-12-29,0.024
1990-01-05,0.034
1990-01-12,0.046
1990-01-19,0.055
1990-01-26,0.063
1990-02-02,0.065
1990-02-09,0.062
1990-02-16,0.057
1990-02-23,0.05
1990-03-02,0.046
1990-03-09,0.045
1990-03-16,0.051
1990-03-23,0.062
1990-03-30,0.076
1990-04-06,0.093
1990-04-13,0.105
1990-04-20,0.112
1990-04-27,0.109
1990-05-04,0.094
1990-05-11,0.069
1990-05-18,0.034
1990-05-25,-0.007
1990-06-01,-0.05
1990-06-08,-0.09
1990-06-15,-0.123
1990-06-22,-0.146
1990-06-29,-0.157
1990-07-06,-0.153
1990-07-13,-0.138
1990-07-20,-0.111
1990-07-27,-0.074
1990-08-03,-0.03
1990-08-10,0.02
1990-08-17,0.073
1990-08-24,0.128
1990-08-31,0.182
1990-09-07,0.235
1990-09-14,0.287
1990-09-21,0.334
1990-09-28,0.377
1990-10-05,0.41
1990-10-12,0.434
1990-10-19,0.448
1990-10-26,0.453
1990-11-02,0.454
1990-11-09,0.453
1990-11-16,0.453
1990-11-23,0.457
1990-11-30,0.468
1990-12-07,0.481
1990-12-14,0.496
1990-12-21,0.511
1990-12-28,0.518
1991-01-04,0.51
1991-01-11,0.489
1991-01-18,0.45
1991-01-25,0.391
1991-02-01,0.323
1991-02-08,0.248
1991-02-15,0.173
1991-02-22,0.101
1991-03-01,0.037
1991-03-08,-0.021
1991-03-15,-0.071
1991-03-22,-0.113
1991-03-29,-0.149
1991-04-05,-0.179
1991-04-12,-0.203
1991-04-19,-0.222
1991-04-26,-0.236
1991-05-03,-0.244
1991-05-10,-0.248
1991-05-17,-0.246
1991-05-24,-0.242
1991-05-31,-0.237
1991-06-07,-0.235
1991-06-14,-0.239
1991-06-21,-0.25
1991-06-28,-0.27
1991-07-05,-0.299
1991-07-12,-0.335
1991-07-19,-0.375
1991-07-26,-0.416
1991-08-02,-0.453
1991-08-09,-0.486
1991-08-16,-0.511
1991-08-23,-0.529
1991-08-30,-0.542
1991-09-06,-0.549
1991-09-13,-0.555
1991-09-20,-0.558
1991-09-27,-0.562
1991-10-04,-0.565
1991-10-11,-0.569
1991-10-18,-0.575
1991-10-25,-0.582
1991-11-01,-0.591
1991-11-08,-0.6
1991-11-15,-0.61
1991-11-22,-0.62
1991-11-29,-0.63
1991-12-06,-0.64
1991-12-13,-0.65
1991-12-20,-0.658
1991-12-27,-0.665
1992-01-03,-0.667
1992-01-10,-0.667
1992-01-17,-0.664
1992-01-24,-0.661
1992-01-31,-0.658
1992-02-07,-0.656
1992-02-14,-0.655
1992-02-21,-0.655
1992-02-28,-0.656
1992-03-06,-0.659
1992-03-13,-0.664
1992-03-20,-0.672
1992-03-27,-0.684
1992-04-03,-0.7
1992-04-10,-0.719
1992-04-17,-0.74
1992-04-24,-0.762
1992-05-01,-0.785
1992-05-08,-0.806
1992-05-15,-0.826
1992-05-22,-0.844
1992-05-29,-0.86
1992-06-05,-0.875
1992-06-12,-0.889
1992-06-19,-0.903
1992-06-26,-0.915
1992-07-03,-0.926
1992-07-10,-0.933
1992-07-17,-0.938
1992-07-24,-0.94
1992-07-31,-0.938
1992-08-07,-0.933
1992-08-14,-0.925
1992-08-21,-0.913
1992-08-28,-0.898
1992-09-04,-0.88
1992-09-11,-0.858
1992-09-18,-0.833
1992-09-25,-0.804
1992-10-02,-0.773
1992-10-09,-0.742
1992-10-16,-0.715
1992-10-23,-0.694
1992-10-30,-0.682
1992-11-06,-0.681
1992-11-13,-0.689
1992-11-20,-0.707
1992-11-27,-0.735
1992-12-04,-0.77
1992-12-11,-0.808
1992-12-18,-0.846
1992-12-25,-0.881
1993-01-01,-0.91
1993-01-08,-0.931
1993-01-15,-0.946
1993-01-22,-0.955
1993-01-29,-0.959
1993-02-05,-0.959
1993-02-12,-0.959
1993-02-19,-0.957
1993-02-26,-0.958
1993-03-05,-0.96
1993-03-12,-0.964
1993-03-19,-0.969
1993-03-26,-0.976
1993-04-02,-0.983
1993-04-09,-0.989
1993-04-16,-0.994
1993-04-23,-0.995
1993-04-30,-0.995
1993-05-07,-0.992
1993-05-14,-0.987
1993-05-21,-0.984
1993-05-28,-0.982
1993-06-04,-0.985
1993-06-11,-0.992
1993-06-18,-1.005
1993-06-25,-1.02
1993-07-02,-1.038
1993-07-09,-1.055
1993-07-16,-1.071
1993-07-23,-1.084
1993-07-30,-1.092
1993-08-06,-1.097
1993-08-13,-1.098
1993-08-20,-1.096
1993-08-27,-1.091
1993-09-03,-1.084
1993-09-10,-1.075
1993-09-17,-1.063
1993-09-24,-1.05
1993-10-01,-1.035
1993-10-08,-1.019
1993-10-15,-1.002
1993-10-22,-0.984
1993-10-29,-0.966
1993-11-05,-0.951
1993-11-12,-0.941
1993-11-19,-0.936
1993-11-26,-0.938
1993-12-03,-0.947
1993-12-10,-0.96
1993-12-17,-0.975
1993-12-24,-0.991
1993-12-31,-1.005
1994-01-07,-1.015
1994-01-14,-1.021
1994-01-21,-1.02
1994-01-28,-1.013
1994-02-04,-0.999
1994-02-11,-0.978
1994-02-18,-0.951
1994-02-25,-0.92
1994-03-04,-0.887
1994-03-11,-0.853
1994-03-18,-0.821
1994-03-25,-0.791
1994-04-01,-0.766
1994-04-08,-0.747
1994-04-15,-0.734
1994-04-22,-0.725
1994-04-29,-0.722
1994-05-06,-0.72
1994-05-13,-0.72
1994-05-20,-0.722
1994-05-27,-0.723
1994-06-03,-0.721
1994-06-10,-0.721
1994-06-17,-0.719
1994-06-24,-0.717
1994-07-01,-0.719
1994-07-08,-0.725
1994-07-15,-0.737
1994-07-22,-0.754
1994-07-29,-0.771
1994-08-05,-0.787
1994-08-12,-0.801
1994-08-19,-0.808
1994-08-26,-0.807
1994-09-02,-0.797
1994-09-09,-0.779
1994-09-16,-0.753
1994-09-23,-0.724
1994-09-30,-0.693
1994-10-07,-0.665
1994-10-14,-0.641
1994-10-21,-0.62
1994-10-28,-0.6
1994-11-04,-0.58
1994-11-11,-0.558
1994-11-18,-0.532
1994-11-25,-0.503
1994-12-02,-0.473
1994-12-09,-0.444
1994-12-16,-0.421
1994-12-23,-0.407
1994-12-30,-0.405
1995-01-06,-0.416
1995-01-13,-0.439
1995-01-20,-0.47
1995-01-27,-0.505
1995-02-03,-0.542
1995-02-10,-0.575
1995-02-17,-0.602
1995-02-24,-0.622
1995-03-03,-0.634
1995-03-10,-0.639
1995-03-17,-0.64
1995-03-24,-0.639
1995-03-31,-0.639
1995-04-07,-0.642
1995-04-14,-0.649
1995-04-21,-0.659
1995-04-28,-0.673
1995-05-05,-0.687
1995-05-12,-0.7
1995-05-19,-0.709
1995-05-26,-0.712
1995-06-02,-0.709
1995-06-09,-0.702
1995-06-16,-0.692
1995-06-23,-0.681
1995-06-30,-0.673
1995-07-07,-0.669
1995-07-14,-0.67
1995-07-21,-0.674
1995-07-28,-0.682
1995-08-04,-0.691
1995-08-11,-0.701
1995-08-18,-0.708
1995-08-25,-0.713
1995-09-01,-0.714
1995-09-08,-0.712
1995-09-15,-0.708
1995-09-22,-0.703
1995-09-29,-0.698
1995-10-06,-0.697
1995-10-13,-0.699
1995-10-20,-0.705
1995-10-27,-0.714
1995-11-03,-0.726
1995-11-10,-0.738
1995-11-17,-0.748
1995-11-24,-0.754
1995-12-01,-0.755
1995-12-08,-0.753
1995-12-15,-0.749
1995-12-22,-0.745
1995-12-29,-0.745
1996-01-05,-0.751
1996-01-12,-0.762
1996-01-19,-0.776
1996-01-26,-0.794
1996-02-02,-0.81
1996-02-09,-0.822
1996-02-16,-0.826
1996-02-23,-0.821
1996-03-01,-0.808
1996-03-08,-0.789
1996-03-15,-0.765
1996-03-22,-0.742
1996-03-29,-0.72
1996-04-05,-0.703
1996-04-12,-0.691
1996-04-19,-0.685
1996-04-26,-0.686
1996-05-03,-0.692
1996-05-10,-0.7
1996-05-17,-0.709
1996-05-24,-0.715
1996-05-31,-0.718
1996-06-07,-0.716
1996-06-14,-0.712
1996-06-21,-0.706
1996-06-28,-0.702
1996-07-05,-0.699
1996-07-12,-0.7
1996-07-19,-0.704
1996-07-26,-0.713
1996-08-02,-0.722
1996-08-09,-0.733
1996-08-16,-0.741
1996-08-23,-0.746
1996-08-30,-0.746
1996-09-06,-0.742
1996-09-13,-0.737
1996-09-20,-0.734
1996-09-27,-0.732
1996-10-04,-0.736
1996-10-11,-0.743
1996-10-18,-0.754
1996-10-25,-0.766
1996-11-01,-0.777
1996-11-08,-0.785
1996-11-15,-0.787
1996-11-22,-0.783
1996-11-29,-0.772
1996-12-06,-0.757
1996-12-13,-0.739
1996-12-20,-0.722
1996-12-27,-0.708
1997-01-03,-0.698
1997-01-10,-0.693
1997-01-17,-0.694
1997-01-24,-0.701
1997-01-31,-0.71
1997-02-07,-0.721
1997-02-14,-0.73
1997-02-21,-0.736
1997-02-28,-0.736
1997-03-07,-0.731
1997-03-14,-0.72
1997-03-21,-0.707
1997-03-28,-0.691
1997-04-04,-0.675
1997-04-11,-0.661
1997-04-18,-0.649
1997-04-25,-0.639
1997-05-02,-0.633
1997-05-09,-0.63
1997-05-16,-0.628
1997-05-23,-0.628
1997-05-30,-0.629
1997-06-06,-0.63
1997-06-13,-0.633
1997-06-20,-0.637
1997-06-27,-0.641
1997-07-04,-0.647
1997-07-11,-0.651
1997-07-18,-0.655
1997-07-25,-0.658
1997-08-01,-0.659
1997-08-08,-0.659
1997-08-15,-0.657
1997-08-22,-0.653
1997-08-29,-0.649
1997-09-05,-0.643
1997-09-12,-0.635
1997-09-19,-0.626
1997-09-26,-0.614
1997-10-03,-0.599
1997-10-10,-0.58
1997-10-17,-0.558
1997-10-24,-0.534
1997-10-31,-0.512
1997-11-07,-0.494
1997-11-14,-0.48
1997-11-21,-0.474
1997-11-28,-0.474
1997-12-05,-0.478
1997-12-12,-0.486
1997-12-19,-0.499
1997-12-26,-0.514
1998-01-02,-0.53
1998-01-09,-0.547
1998-01-16,-0.565
1998-01-23,-0.582
1998-01-30,-0.599
1998-02-06,-0.614
1998-02-13,-0.626
1998-02-20,-0.635
1998-02-27,-0.639
1998-03-06,-0.639
1998-03-13,-0.636
1998-03-20,-0.632
1998-03-27,-0.627
1998-04-03,-0.621
1998-04-10,-0.616
1998-04-17,-0.611
1998-04-24,-0.605
1998-05-01,-0.598
1998-05-08,-0.592
1998-05-15,-0.585
1998-05-22,-0.579
1998-05-29,-0.571
1998-06-05,-0.565
1998-06-12,-0.56
1998-06-19,-0.558
1998-06-26,-0.556
1998-07-03,-0.556
1998-07-10,-0.554
1998-07-17,-0.547
1998-07-24,-0.534
1998-07-31,-0.511
1998-08-07,-0.477
1998-08-14,-0.432
1998-08-21,-0.377
1998-08-28,-0.315
1998-09-04,-0.249
1998-09-11,-0.185
1998-09-18,-0.124
1998-09-25,-0.07
1998-10-02,-0.027
1998-10-09,0.003
1998-10-16,0.016
1998-10-23,0.011
1998-10-30,-0.007
1998-11-06,-0.033
1998-11-13,-0.061
1998-11-20,-0.09
1998-11-27,-0.115
1998-12-04,-0.137
1998-12-11,-0.156
1998-12-18,-0.174
1998-12-25,-0.191
1999-01-01,-0.208
1999-01-08,-0.223
1999-01-15,-0.238
1999-01-22,-0.255
1999-01-29,-0.274
1999-02-05,-0.294
1999-02-12,-0.314
1999-02-19,-0.335
1999-02-26,-0.354
1999-03-05,-0.371
1999-03-12,-0.385
1999-03-19,-0.396
1999-03-26,-0.405
1999-04-02,-0.411
1999-04-09,-0.416
1999-04-16,-0.42
1999-04-23,-0.424
1999-04-30,-0.426
1999-05-07,-0.426
1999-05-14,-0.422
1999-05-21,-0.414
1999-05-28,-0.401
1999-06-04,-0.386
1999-06-11,-0.37
1999-06-18,-0.351
1999-06-25,-0.332
1999-07-02,-0.31
1999-07-09,-0.287
1999-07-16,-0.261
1999-07-23,-0.235
1999-07-30,-0.212
1999-08-06,-0.19
1999-08-13,-0.173
1999-08-20,-0.161
1999-08-27,-0.15
1999-09-03,-0.138
1999-09-10,-0.126
1999-09-17,-0.113
1999-09-24,-0.101
1999-10-01,-0.091
1999-10-08,-0.084
1999-10-15,-0.087
1999-10-22,-0.096
1999-10-29,-0.111
1999-11-05,-0.129
1999-11-12,-0.146
1999-11-19,-0.161
1999-11-26,-0.168
1999-12-03,-0.17
1999-12-10,-0.169
1999-12-17,-0.168
1999-12-24,-0.169
1999-12-31,-0.172
2000-01-07,-0.182
2000-01-14,-0.193
2000-01-21,-0.204
2000-01-28,-0.211
2000-02-04,-0.213
2000-02-11,-0.211
2000-02-18,-0.203
2000-02-25,-0.19
2000-03-03,-0.174
2000-03-10,-0.154
2000-03-17,-0.132
2000-03-24,-0.11
2000-03-31,-0.089
2000-04-07,-0.073
2000-04-14,-0.059
2000-04-21,-0.046
2000-04-28,-0.032
2000-05-05,-0.017
2000-05-12,-0.002
2000-05-19,0.012
2000-05-26,0.024
2000-06-02,0.032
2000-06-09,0.033
2000-06-16,0.028
2000-06-23,0.017
2000-06-30,-0.001
2000-07-07,-0.026
2000-07-14,-0.055
2000-07-21,-0.086
2000-07-28,-0.116
2000-08-04,-0.144
2000-08-11,-0.168
2000-08-18,-0.186
2000-08-25,-0.198
2000-09-01,-0.206
2000-09-08,-0.208
2000-09-15,-0.207
2000-09-22,-0.203
2000-09-29,-0.197
2000-10-06,-0.19
2000-10-13,-0.182
2000-10-20,-0.175
2000-10-27,-0.168
2000-11-03,-0.158
2000-11-10,-0.145
2000-11-17,-0.127
2000-11-24,-0.107
2000-12-01,-0.086
2000-12-08,-0.071
2000-12-15,-0.066
2000-12-22,-0.071
2000-12-29,-0.091
2001-01-05,-0.12
2001-01-12,-0.155
2001-01-19,-0.192
2001-01-26,-0.225
2001-02-02,-0.252
2001-02-09,-0.27
2001-02-16,-0.279
2001-02-23,-0.278
2001-03-02,-0.272
2001-03-09,-0.263
2001-03-16,-0.255
2001-03-23,-0.251
2001-03-30,-0.254
2001-04-06,-0.264
2001-04-13,-0.283
2001-04-20,-0.307
2001-04-27,-0.334
2001-05-04,-0.362
2001-05-11,-0.387
2001-05-18,-0.407
2001-05-25,-0.423
2001-06-01,-0.434
2001-06-08,-0.442
2001-06-15,-0.448
2001-06-22,-0.453
2001-06-29,-0.46
2001-07-06,-0.469
2001-07-13,-0.479
2001-07-20,-0.49
2001-07-27,-0.499
2001-08-03,-0.504
2001-08-10,-0.499
2001-08-17,-0.486
2001-08-24,-0.462
2001-08-31,-0.431
2001-09-07,-0.398
2001-09-14,-0.366
2001-09-21,-0.344
2001-09-28,-0.337
2001-10-05,-0.339
2001-10-12,-0.35
2001-10-19,-0.366
2001-10-26,-0.382
2001-11-02,-0.393
2001-11-09,-0.399
2001-11-16,-0.397
2001-11-23,-0.387
2001-11-30,-0.373
2001-12-07,-0.361
2001-12-14,-0.355
2001-12-21,-0.357
2001-12-28,-0.37
2002-01-04,-0.39
2002-01-11,-0.416
2002-01-18,-0.441
2002-01-25,-0.462
2002-02-01,-0.477
2002-02-08,-0.487
2002-02-15,-0.491
2002-02-22,-0.491
2002-03-01,-0.491
2002-03-08,-0.49
2002-03-15,-0.49
2002-03-22,-0.494
2002-03-29,-0.503
2002-04-05,-0.516
2002-04-12,-0.535
2002-04-19,-0.556
2002-04-26,-0.579
2002-05-03,-0.601
2002-05-10,-0.618
2002-05-17,-0.628
2002-05-24,-0.63
2002-05-31,-0.624
2002-06-07,-0.61
2002-06-14,-0.59
2002-06-21,-0.565
2002-06-28,-0.538
2002-07-05,-0.51
2002-07-12,-0.483
2002-07-19,-0.46
2002-07-26,-0.439
2002-08-02,-0.425
2002-08-09,-0.414
2002-08-16,-0.406
2002-08-23,-0.398
2002-08-30,-0.39
2002-09-06,-0.379
2002-09-13,-0.369
2002-09-20,-0.359
2002-09-27,-0.354
2002-10-04,-0.353
2002-10-11,-0.359
2002-10-18,-0.371
2002-10-25,-0.386
2002-11-01,-0.405
2002-11-08,-0.422
2002-11-15,-0.437
2002-11-22,-0.448
2002-11-29,-0.454
2002-12-06,-0.457
2002-12-13,-0.461
2002-12-20,-0.465
2002-12-27,-0.471
2003-01-03,-0.482
2003-01-10,-0.495
2003-01-17,-0.508
2003-01-24,-0.517
2003-01-31,-0.524
2003-02-07,-0.528
2003-02-14,-0.531
2003-02-21,-0.533
2003-02-28,-0.537
2003-03-07,-0.544
2003-03-14,-0.554
2003-03-21,-0.568
2003-03-28,-0.588
2003-04-04,-0.611
2003-04-11,-0.637
2003-04-18,-0.661
2003-04-25,-0.683
2003-05-02,-0.699
2003-05-09,-0.708
2003-05-16,-0.713
2003-05-23,-0.713
2003-05-30,-0.712
2003-06-06,-0.71
2003-06-13,-0.709
2003-06-20,-0.71
2003-06-27,-0.713
2003-07-04,-0.716
2003-07-11,-0.717
2003-07-18,-0.716
2003-07-25,-0.711
2003-08-01,-0.701
2003-08-08,-0.691
2003-08-15,-0.682
2003-08-22,-0.674
2003-08-29,-0.669
2003-09-05,-0.667
2003-09-12,-0.669
2003-09-19,-0.674
2003-09-26,-0.681
2003-10-03,-0.689
2003-10-10,-0.697
2003-10-17,-0.705
2003-10-24,-0.71
2003-10-31,-0.715
2003-11-07,-0.717
2003-11-14,-0.717
2003-11-21,-0.716
2003-11-28,-0.715
2003-12-05,-0.713
2003-12-12,-0.713
2003-12-19,-0.717
2003-12-26,-0.723
2004-01-02,-0.733
2004-01-09,-0.746
2004-01-16,-0.76
2004-01-23,-0.774
2004-01-30,-0.786
2004-02-06,-0.796
2004-02-13,-0.805
2004-02-20,-0.811
2004-02-27,-0.814
2004-03-05,-0.815
2004-03-12,-0.813
2004-03-19,-0.809
2004-03-26,-0.802
2004-04-02,-0.794
2004-04-09,-0.783
2004-04-16,-0.77
2004-04-23,-0.755
2004-04-30,-0.74
2004-05-07,-0.725
2004-05-14,-0.713
2004-05-21,-0.703
2004-05-28,-0.695
2004-06-04,-0.69
2004-06-11,-0.687
2004-06-18,-0.686
2004-06-25,-0.686
2004-07-02,-0.687
2004-07-09,-0.689
2004-07-16,-0.691
2004-07-23,-0.693
2004-07-30,-0.696
2004-08-06,-0.697
2004-08-13,-0.699
2004-08-20,-0.7
2004-08-27,-0.701
2004-09-03,-0.701
2004-09-10,-0.701
2004-09-17,-0.701
2004-09-24,-0.7
2004-10-01,-0.699
2004-10-08,-0.699
2004-10-15,-0.7
2004-10-22,-0.703
2004-10-29,-0.706
2004-11-05,-0.709
2004-11-12,-0.713
2004-11-19,-0.715
2004-11-26,-0.715
2004-12-03,-0.714
2004-12-10,-0.71
2004-12-17,-0.706
2004-12-24,-0.701
2004-12-31,-0.697
2005-01-07,-0.695
2005-01-14,-0.696
2005-01-21,-0.698
2005-01-28,-0.703
2005-02-04,-0.708
2005-02-11,-0.712
2005-02-18,-0.713
2005-02-25,-0.71
2005-03-04,-0.703
2005-03-11,-0.692
2005-03-18,-0.679
2005-03-25,-0.665
2005-04-01,-0.651
2005-04-08,-0.638
2005-04-15,-0.627
2005-04-22,-0.617
2005-04-29,-0.61
2005-05-06,-0.605
2005-05-13,-0.601
2005-05-20,-0.6
2005-05-27,-0.6
2005-06-03,-0.6
2005-06-10,-0.601
2005-06-17,-0.602
2005-06-24,-0.604
2005-07-01,-0.606
2005-07-08,-0.607
2005-07-15,-0.61
2005-07-22,-0.613
2005-07-29,-0.614
2005-08-05,-0.613
2005-08-12,-0.61
2005-08-19,-0.605
2005-08-26,-0.599
2005-09-02,-0.591
2005-09-09,-0.583
2005-09-16,-0.576
2005-09-23,-0.57
2005-09-30,-0.567
2005-10-07,-0.568
2005-10-14,-0.572
2005-10-21,-0.578
2005-10-28,-0.584
2005-11-04,-0.588
2005-11-11,-0.589
2005-11-18,-0.586
2005-11-25,-0.581
2005-12-02,-0.574
2005-12-09,-0.568
2005-12-16,-0.563
2005-12-23,-0.562
2005-12-30,-0.563
2006-01-06,-0.57
2006-01-13,-0.58
2006-01-20,-0.591
2006-01-27,-0.603
2006-02-03,-0.614
2006-02-10,-0.623
2006-02-17,-0.629
2006-02-24,-0.633
2006-03-03,-0.634
2006-03-10,-0.634
2006-03-17,-0.632
2006-03-24,-0.631
2006-03-31,-0.628
2006-04-07,-0.626
2006-04-14,-0.624
2006-04-21,-0.622
2006-04-28,-0.619
2006-05-05,-0.614
2006-05-12,-0.607
2006-05-19,-0.595
2006-05-26,-0.582
2006-06-02,-0.568
2006-06-09,-0.554
2006-06-16,-0.542
2006-06-23,-0.533
2006-06-30,-0.529
2006-07-07,-0.529
2006-07-14,-0.535
2006-07-21,-0.545
2006-07-28,-0.559
2006-08-04,-0.573
2006-08-11,-0.586
2006-08-18,-0.596
2006-08-25,-0.603
2006-09-01,-0.606
2006-09-08,-0.607
2006-09-15,-0.606
2006-09-22,-0.605
2006-09-29,-0.606
2006-10-06,-0.61
2006-10-13,-0.616
2006-10-20,-0.622
2006-10-27,-0.628
2006-11-03,-0.632
2006-11-10,-0.633
2006-11-17,-0.631
2006-11-24,-0.628
2006-12-01,-0.623
2006-12-08,-0.62
2006-12-15,-0.621
2006-12-22,-0.625
2006-12-29,-0.633
2007-01-05,-0.645
2007-01-12,-0.658
2007-01-19,-0.671
2007-01-26,-0.68
2007-02-02,-0.684
2007-02-09,-0.682
2007-02-16,-0.675
2007-02-23,-0.662
2007-03-02,-0.647
2007-03-09,-0.633
2007-03-16,-0.62
2007-03-23,-0.612
2007-03-30,-0.606
2007-04-06,-0.603
2007-04-13,-0.599
2007-04-20,-0.594
2007-04-27,-0.588
2007-05-04,-0.579
2007-05-11,-0.57
2007-05-18,-0.561
2007-05-25,-0.553
2007-06-01,-0.546
2007-06-08,-0.543
2007-06-15,-0.539
2007-06-22,-0.534
2007-06-29,-0.522
2007-07-06,-0.497
2007-07-13,-0.452
2007-07-20,-0.384
2007-07-27,-0.29
2007-08-03,-0.178
2007-08-10,-0.058
2007-08-17,0.06
2007-08-24,0.154
2007-08-31,0.206
2007-09-07,0.222
2007-09-14,0.199
2007-09-21,0.142
2007-09-28,0.077
2007-10-05,0.017
2007-10-12,-0.024
2007-10-19,-0.031
2007-10-26,0.0
2007-11-02,0.067
2007-11-09,0.164
2007-11-16,0.275
2007-11-23,0.388
2007-11-30,0.481
2007-12-07,0.545
2007-12-14,0.572
2007-12-21,0.561
2007-12-28,0.522
2008-01-04,0.474
2008-01-11,0.43
2008-01-18,0.406
2008-01-25,0.413
2008-02-01,0.443
2008-02-08,0.504
2008-02-15,0.589
2008-02-22,0.689
2008-02-29,0.789
2008-03-07,0.881
2008-03-14,0.942
2008-03-21,0.967
2008-03-28,0.946
2008-04-04,0.894
2008-04-11,0.82
2008-04-18,0.738
2008-04-25,0.652
2008-05-02,0.577
2008-05-09,0.522
2008-05-16,0.49
2008-05-23,0.485
2008-05-30,0.506
2008-06-06,0.552
2008-06-13,0.605
2008-06-20,0.662
2008-06-27,0.714
2008-07-04,0.746
2008-07-11,0.754
2008-07-18,0.745
2008-07-25,0.716
2008-08-01,0.685
2008-08-08,0.67
2008-08-15,0.678
2008-08-22,0.734
2008-08-29,0.842
2008-09-05,1.01
2008-09-12,1.23
2008-09-19,1.514
2008-09-26,1.795
2008-10-03,2.075
2008-10-10,2.327
2008-10-17,2.523
2008-10-24,2.666
2008-10-31,2.789
2008-11-07,2.882
2008-11-14,2.963
2008-11-21,3.04
2008-11-28,3.067
2008-12-05,3.06
2008-12-12,2.996
2008-12-19,2.872
2008-12-26,2.712
2009-01-02,2.56
2009-01-09,2.407
2009-01-16,2.283
2009-01-23,2.193
2009-01-30,2.133
2009-02-06,2.103
2009-02-13,2.104
2009-02-20,2.12
2009-02-27,2.136
2009-03-06,2.14
2009-03-13,2.103
2009-03-20,2.03
2009-03-27,1.925
2009-04-03,1.801
2009-04-10,1.661
2009-04-17,1.519
2009-04-24,1.379
2009-05-01,1.244
2009-05-08,1.12
2009-05-15,1.019
2009-05-22,0.935
2009-05-29,0.876
2009-06-05,0.829
2009-06-12,0.793
2009-06-19,0.762
2009-06-26,0.725
2009-07-03,0.68
2009-07-10,0.625
2009-07-17,0.558
2009-07-24,0.487
2009-07-31,0.418
2009-08-07,0.358
2009-08-14,0.309
2009-08-21,0.269
2009-08-28,0.232
2009-09-04,0.2
2009-09-11,0.167
2009-09-18,0.134
2009-09-25,0.105
2009-10-02,0.083
2009-10-09,0.062
2009-10-16,0.045
2009-10-23,0.032
2009-10-30,0.024
2009-11-06,0.015
2009-11-13,0.003
2009-11-20,-0.01
2009-11-27,-0.029
2009-12-04,-0.053
2009-12-11,-0.084
2009-12-18,-0.116
2009-12-25,-0.147
2010-01-01,-0.172
2010-01-08,-0.192
2010-01-15,-0.201
2010-01-22,-0.2
2010-01-29,-0.196
2010-02-05,-0.193
2010-02-12,-0.196
2010-02-19,-0.213
2010-02-26,-0.242
2010-03-05,-0.281
2010-03-12,-0.327
2010-03-19,-0.372
2010-03-26,-0.413
2010-04-02,-0.441
2010-04-09,-0.453
2010-04-16,-0.442
2010-04-23,-0.406
2010-04-30,-0.347
2010-05-07,-0.271
2010-05-14,-0.195
2010-05-21,-0.122
2010-05-28,-0.068
2010-06-04,-0.037
2010-06-11,-0.027
2010-06-18,-0.042
2010-06-25,-0.069
2010-07-02,-0.103
2010-07-09,-0.145
2010-07-16,-0.185
2010-07-23,-0.218
2010-07-30,-0.243
2010-08-06,-0.257
2010-08-13,-0.262
2010-08-20,-0.264
2010-08-27,-0.266
2010-09-03,-0.273
2010-09-10,-0.288
2010-09-17,-0.307
2010-09-24,-0.329
2010-10-01,-0.353
2010-10-08,-0.377
2010-10-15,-0.398
2010-10-22,-0.416
2010-10-29,-0.429
2010-11-05,-0.438
2010-11-12,-0.442
2010-11-19,-0.444
2010-11-26,-0.447
2010-12-03,-0.452
2010-12-10,-0.464
2010-12-17,-0.479
2010-12-24,-0.498
2010-12-31,-0.519
2011-01-07,-0.541
2011-01-14,-0.561
2011-01-21,-0.579
2011-01-28,-0.591
2011-02-04,-0.596
2011-02-11,-0.594
2011-02-18,-0.585
2011-02-25,-0.57
2011-03-04,-0.557
2011-03-11,-0.547
2011-03-18,-0.541
2011-03-25,-0.546
2011-04-01,-0.557
2011-04-08,-0.571
2011-04-15,-0.584
2011-04-22,-0.593
2011-04-29,-0.597
2011-05-06,-0.594
2011-05-13,-0.585
2011-05-20,-0.573
2011-05-27,-0.559
2011-06-03,-0.546
2011-06-10,-0.533
2011-06-17,-0.525
2011-06-24,-0.517
2011-07-01,-0.51
2011-07-08,-0.498
2011-07-15,-0.475
2011-07-22,-0.441
2011-07-29,-0.392
2011-08-05,-0.329
2011-08-12,-0.258
2011-08-19,-0.195
2011-08-26,-0.137
2011-09-02,-0.094
2011-09-09,-0.062
2011-09-16,-0.045
2011-09-23,-0.036
2011-09-30,-0.038
2011-10-07,-0.05
2011-10-14,-0.071
2011-10-21,-0.089
2011-10-28,-0.103
2011-11-04,-0.104
2011-11-11,-0.097
2011-11-18,-0.085
2011-11-25,-0.072
2011-12-02,-0.071
2011-12-09,-0.077
2011-12-16,-0.09
2011-12-23,-0.115
2011-12-30,-0.148
2012-01-06,-0.19
2012-01-13,-0.236
2012-01-20,-0.281
2012-01-27,-0.323
2012-02-03,-0.355
2012-02-10,-0.379
2012-02-17,-0.395
2012-02-24,-0.407
2012-03-02,-0.418
2012-03-09,-0.426
2012-03-16,-0.434
2012-03-23,-0.437
2012-03-30,-0.435
2012-04-06,-0.427
2012-04-13,-0.415
2012-04-20,-0.399
2012-04-27,-0.378
2012-05-04,-0.352
2012-05-11,-0.321
2012-05-18,-0.288
2012-05-25,-0.261
2012-06-01,-0.243
2012-06-08,-0.235
2012-06-15,-0.241
2012-06-22,-0.256
2012-06-29,-0.275
2012-07-06,-0.298
2012-07-13,-0.322
2012-07-20,-0.346
2012-07-27,-0.367
2012-08-03,-0.389
2012-08-10,-0.408
2012-08-17,-0.426
2012-08-24,-0.444
2012-08-31,-0.461
2012-09-07,-0.48
2012-09-14,-0.499
2012-09-21,-0.515
2012-09-28,-0.528
2012-10-05,-0.539
2012-10-12,-0.546
2012-10-19,-0.55
2012-10-26,-0.55
2012-11-02,-0.549
2012-11-09,-0.547
2012-11-16,-0.547
2012-11-23,-0.55
2012-11-30,-0.556
2012-12-07,-0.564
2012-12-14,-0.576
2012-12-21,-0.588
2012-12-28,-0.6
2013-01-04,-0.615
2013-01-11,-0.627
2013-01-18,-0.637
2013-01-25,-0.643
2013-02-01,-0.647
2013-02-08,-0.648
2013-02-15,-0.65
2013-02-22,-0.651
2013-03-01,-0.651
2013-03-08,-0.653
2013-03-15,-0.656
2013-03-22,-0.659
2013-03-29,-0.664
2013-04-05,-0.671
2013-04-12,-0.681
2013-04-19,-0.692
2013-04-26,-0.704
2013-05-03,-0.714
2013-05-10,-0.718
2013-05-17,-0.716
2013-05-24,-0.707
2013-05-31,-0.69
2013-06-07,-0.671
2013-06-14,-0.652
2013-06-21,-0.637
2013-06-28,-0.63
2013-07-05,-0.63
2013-07-12,-0.637
2013-07-19,-0.649
2013-07-26,-0.66
2013-08-02,-0.669
2013-08-09,-0.673
2013-08-16,-0.672
2013-08-23,-0.668
2013-08-30,-0.665
2013-09-06,-0.663
2013-09-13,-0.665
2013-09-20,-0.669
2013-09-27,-0.677
2013-10-04,-0.686
2013-10-11,-0.698
2013-10-18,-0.712
2013-10-25,-0.726
2013-11-01,-0.738
2013-11-08,-0.748
2013-11-15,-0.757
2013-11-22,-0.764
2013-11-29,-0.769
2013-12-06,-0.773
2013-12-13,-0.776
2013-12-20,-0.778
2013-12-27,-0.778
2014-01-03,-0.776
2014-01-10,-0.773
2014-01-17,-0.769
2014-01-24,-0.765
2014-01-31,-0.763
2014-02-07,-0.764
2014-02-14,-0.767
2014-02-21,-0.772
2014-02-28,-0.776
2014-03-07,-0.779
2014-03-14,-0.779
2014-03-21,-0.779
2014-03-28,-0.776
2014-04-04,-0.774
2014-04-11,-0.771
2014-04-18,-0.769
2014-04-25,-0.769
2014-05-02,-0.77
2014-05-09,-0.773
2014-05-16,-0.777
2014-05-23,-0.783
2014-05-30,-0.789
2014-06-06,-0.792
2014-06-13,-0.793
2014-06-20,-0.789
2014-06-27,-0.782
2014-07-04,-0.772
2014-07-11,-0.761
2014-07-18,-0.749
2014-07-25,-0.739
2014-08-01,-0.73
2014-08-08,-0.725
2014-08-15,-0.725
2014-08-22,-0.724
2014-08-29,-0.722
2014-09-05,-0.716
2014-09-12,-0.706
2014-09-19,-0.691
2014-09-26,-0.673
2014-10-03,-0.657
2014-10-10,-0.646
2014-10-17,-0.638
2014-10-24,-0.639
2014-10-31,-0.644
2014-11-07,-0.651
2014-11-14,-0.656
2014-11-21,-0.656
2014-11-28,-0.649
2014-12-05,-0.637
2014-12-12,-0.617
2014-12-19,-0.594
2014-12-26,-0.572
2015-01-02,-0.55
2015-01-09,-0.532
2015-01-16,-0.517
2015-01-23,-0.509
2015-01-30,-0.505
2015-02-06,-0.507
2015-02-13,-0.511
2015-02-20,-0.518
2015-02-27,-0.525
2015-03-06,-0.53
2015-03-13,-0.534
2015-03-20,-0.537
2015-03-27,-0.539
2015-04-03,-0.54
2015-04-10,-0.542
2015-04-17,-0.543
2015-04-24,-0.545
2015-05-01,-0.546
2015-05-08,-0.546
2015-05-15,-0.546
2015-05-22,-0.547
2015-05-29,-0.546
2015-06-05,-0.546
2015-06-12,-0.545
2015-06-19,-0.542
2015-06-26,-0.539
2015-07-03,-0.534
2015-07-10,-0.529
2015-07-17,-0.524
2015-07-24,-0.514
2015-07-31,-0.5
2015-08-07,-0.481
2015-08-14,-0.459
2015-08-21,-0.437
2015-08-28,-0.417
2015-09-04,-0.404
2015-09-11,-0.398
2015-09-18,-0.398
2015-09-25,-0.404
2015-10-02,-0.414
2015-10-09,-0.429
2015-10-16,-0.444
2015-10-23,-0.457
2015-10-30,-0.466
2015-11-06,-0.47
2015-11-13,-0.466
2015-11-20,-0.457
2015-11-27,-0.443
2015-12-04,-0.424
2015-12-11,-0.402
2015-12-18,-0.381
2015-12-25,-0.361
2016-01-01,-0.343
2016-01-08,-0.328
2016-01-15,-0.315
2016-01-22,-0.305
2016-01-29,-0.298
2016-02-05,-0.295
2016-02-12,-0.295
2016-02-19,-0.303
2016-02-26,-0.316
2016-03-04,-0.331
2016-03-11,-0.347
2016-03-18,-0.36
2016-03-25,-0.37
2016-04-01,-0.377
2016-04-08,-0.38
2016-04-15,-0.383
2016-04-22,-0.385
2016-04-29,-0.385
2016-05-06,-0.383
2016-05-13,-0.381
2016-05-20,-0.378
2016-05-27,-0.373
2016-06-03,-0.367
2016-06-10,-0.36
2016-06-17,-0.352
2016-06-24,-0.347
2016-07-01,-0.344
2016-07-08,-0.345
2016-07-15,-0.349
2016-07-22,-0.353
2016-07-29,-0.358
2016-08-05,-0.36
2016-08-12,-0.36
2016-08-19,-0.358
2016-08-26,-0.353
2016-09-02,-0.346
2016-09-09,-0.34
2016-09-16,-0.336
2016-09-23,-0.334
2016-09-30,-0.337
2016-10-07,-0.345
2016-10-14,-0.354
2016-10-21,-0.365
2016-10-28,-0.378
2016-11-04,-0.39
2016-11-11,-0.405
2016-11-18,-0.417
2016-11-25,-0.429
2016-12-02,-0.438
2016-12-09,-0.447
2016-12-16,-0.454
2016-12-23,-0.459
2016-12-30,-0.466
2017-01-06,-0.471
2017-01-13,-0.477
2017-01-20,-0.482
2017-01-27,-0.485
2017-02-03,-0.488
2017-02-10,-0.489
2017-02-17,-0.489
2017-02-24,-0.486
2017-03-03,-0.484
2017-03-10,-0.482
2017-03-17,-0.48
2017-03-24,-0.478
2017-03-31,-0.479
2017-04-07,-0.483
2017-04-14,-0.488
2017-04-21,-0.496
2017-04-28,-0.507
2017-05-05,-0.517
2017-05-12,-0.527
2017-05-19,-0.536
2017-05-26,-0.545
2017-06-02,-0.552
2017-06-09,-0.558
2017-06-16,-0.562
2017-06-23,-0.565
2017-06-30,-0.569
2017-07-07,-0.572
2017-07-14,-0.575
2017-07-21,-0.577
2017-07-28,-0.577
2017-08-04,-0.574
2017-08-11,-0.568
2017-08-18,-0.563
2017-08-25,-0.559
2017-09-01,-0.557
2017-09-08,-0.556
2017-09-15,-0.559
2017-09-22,-0.563
2017-09-29,-0.569
2017-10-06,-0.576
2017-10-13,-0.583
2017-10-20,-0.59
2017-10-27,-0.595
2017-11-03,-0.599
2017-11-10,-0.601
2017-11-17,-0.603
2017-11-24,-0.603
2017-12-01,-0.604
2017-12-08,-0.606
2017-12-15,-0.608
2017-12-22,-0.612
2017-12-29,-0.616
2018-01-05,-0.619
2018-01-12,-0.619
2018-01-19,-0.615
2018-01-26,-0.606
2018-02-02,-0.593
2018-02-09,-0.575
2018-02-16,-0.56
2018-02-23,-0.545
2018-03-02,-0.53
2018-03-09,-0.517
2018-03-16,-0.506
2018-03-23,-0.499
2018-03-30,-0.497
2018-04-06,-0.501
2018-04-13,-0.511
2018-04-20,-0.525
2018-04-27,-0.539
2018-05-04,-0.551
2018-05-11,-0.56
2018-05-18,-0.565
2018-05-25,-0.565
2018-06-01,-0.56
2018-06-08,-0.554
2018-06-15,-0.547
2018-06-22,-0.542
2018-06-29,-0.538
2018-07-06,-0.54
2018-07-13,-0.545
2018-07-20,-0.553
2018-07-27,-0.562
2018-08-03,-0.571
2018-08-10,-0.58
2018-08-17,-0.587
2018-08-24,-0.593
2018-08-31,-0.597
2018-09-07,-0.599
2018-09-14,-0.6
2018-09-21,-0.597
2018-09-28,-0.593
2018-10-05,-0.586
2018-10-12,-0.576
2018-10-19,-0.565
2018-10-26,-0.552
2018-11-02,-0.537
2018-11-09,-0.521
2018-11-16,-0.502
2018-11-23,-0.481
2018-11-30,-0.461
2018-12-07,-0.442
2018-12-14,-0.429
2018-12-21,-0.423
2018-12-28,-0.426
2019-01-04,-0.439
2019-01-11,-0.459
2019-01-18,-0.482
2019-01-25,-0.506
2019-02-01,-0.53
2019-02-08,-0.55
2019-02-15,-0.568
2019-02-22,-0.581
2019-03-01,-0.59
2019-03-08,-0.595
2019-03-15,-0.599
2019-03-22,-0.603
2019-03-29,-0.606
2019-04-05,-0.61
2019-04-12,-0.613
2019-04-19,-0.615
2019-04-26,-0.614
2019-05-03,-0.611
2019-05-10,-0.604
2019-05-17,-0.596
2019-05-24,-0.588
2019-05-31,-0.581
2019-06-07,-0.575
2019-06-14,-0.573
2019-06-21,-0.573
2019-06-28,-0.575
2019-07-05,-0.579
2019-07-12,-0.581
2019-07-19,-0.58
2019-07-26,-0.577
2019-08-02,-0.569
2019-08-09,-0.559
2019-08-16,-0.547
2019-08-23,-0.537
2019-08-30,-0.527
2019-09-06,-0.52
2019-09-13,-0.515
2019-09-20,-0.511
2019-09-27,-0.511
2019-10-04,-0.515
2019-10-11,-0.524
2019-10-18,-0.536
2019-10-25,-0.55
2019-11-01,-0.562
2019-11-08,-0.571
2019-11-15,-0.576
2019-11-22,-0.575
2019-11-29,-0.57
2019-12-06,-0.561
2019-12-13,-0.553
2019-12-20,-0.549
2019-12-27,-0.554
2020-01-03,-0.567
2020-01-10,-0.587
2020-01-17,-0.609
2020-01-24,-0.622
2020-01-31,-0.62
2020-02-07,-0.595
2020-02-14,-0.535
2020-02-21,-0.435
2020-02-28,-0.297
2020-03-06,-0.136
2020-03-13,0.03
2020-03-20,0.174
2020-03-27,0.266
2020-04-03,0.304
2020-04-10,0.29
2020-04-17,0.235
2020-04-24,0.157
2020-05-01,0.06
2020-05-08,-0.039
2020-05-15,-0.128
2020-05-22,-0.207
2020-05-29,-0.27
2020-06-05,-0.316
2020-06-12,-0.346
2020-06-19,-0.368
2020-06-26,-0.386
2020-07-03,-0.403
2020-07-10,-0.422
2020-07-17,-0.44
2020-07-24,-0.459
2020-07-31,-0.476
2020-08-07,-0.49
2020-08-14,-0.5
2020-08-21,-0.506
2020-08-28,-0.508
2020-09-04,-0.506
2020-09-11,-0.502
2020-09-18,-0.498
2020-09-25,-0.493
2020-10-02,-0.49
2020-10-09,-0.49
2020-10-16,-0.493
2020-10-23,-0.499
2020-10-30,-0.507
2020-11-06,-0.521
2020-11-13,-0.537
2020-11-20,-0.553
2020-11-27,-0.568
2020-12-04,-0.58
2020-12-11,-0.591
2020-12-18,-0.598
2020-12-25,-0.604
2021-01-01,-0.609
2021-01-08,-0.614
2021-01-15,-0.617
2021-01-22,-0.619
2021-01-29,-0.619
2021-02-05,-0.621
2021-02-12,-0.623
2021-02-19,-0.625
2021-02-26,-0.627
2021-03-05,-0.632
2021-03-12,-0.637
2021-03-19,-0.642
2021-03-26,-0.649
2021-04-02,-0.656
2021-04-09,-0.664
2021-04-16,-0.671
2021-04-23,-0.677
2021-04-30,-0.682
2021-05-07,-0.687
2021-05-14,-0.689
2021-05-21,-0.691
2021-05-28,-0.693
2021-06-04,-0.694
2021-06-11,-0.694
2021-06-18,-0.69
2021-06-25,-0.686
2021-07-02,-0.681
2021-07-09,-0.674
2021-07-16,-0.667
2021-07-23,-0.661
2021-07-30,-0.656
2021-08-06,-0.651
2021-08-13,-0.648
2021-08-20,-0.646
2021-08-27,-0.647
2021-09-03,-0.648
2021-09-10,-0.65
2021-09-17,-0.652
2021-09-24,-0.654
2021-10-01,-0.654
2021-10-08,-0.652
2021-10-15,-0.647
2021-10-22,-0.637
2021-10-29,-0.622
2021-11-05,-0.605
2021-11-12,-0.585
2021-11-19,-0.567
2021-11-26,-0.552
2021-12-03,-0.541
2021-12-10,-0.538
2021-12-17,-0.541
2021-12-24,-0.548
2021-12-31,-0.556
2022-01-07,-0.562
2022-01-14,-0.562
2022-01-21,-0.556
2022-01-28,-0.542
2022-02-04,-0.523
2022-02-11,-0.498
2022-02-18,-0.468
2022-02-25,-0.439
2022-03-04,-0.412
2022-03-11,-0.391
2022-03-18,-0.38
2022-03-25,-0.374
2022-04-01,-0.371
2022-04-08,-0.369
2022-04-15,-0.362
2022-04-22,-0.352
2022-04-29,-0.337
2022-05-06,-0.319
2022-05-13,-0.3
2022-05-20,-0.281
2022-05-27,-0.259
2022-06-03,-0.236
2022-06-10,-0.212
2022-06-17,-0.188
2022-06-24,-0.173
2022-07-01,-0.166
2022-07-08,-0.17
2022-07-15,-0.183
2022-07-22,-0.202
2022-07-29,-0.22
2022-08-05,-0.233
2022-08-12,-0.24
2022-08-19,-0.238
2022-08-26,-0.226
2022-09-02,-0.205
2022-09-09,-0.179
2022-09-16,-0.152
2022-09-23,-0.127
2022-09-30,-0.108
2022-10-07,-0.1
2022-10-14,-0.102
2022-10-21,-0.112
2022-10-28,-0.127
2022-11-04,-0.144
2022-11-11,-0.161
2022-11-18,-0.174
2022-11-25,-0.182
2022-12-02,-0.187
2022-12-09,-0.19
2022-12-16,-0.197
2022-12-23,-0.207
2022-12-30,-0.224
2023-01-06,-0.247
2023-01-13,-0.271
2023-01-20,-0.292
2023-01-27,-0.308
2023-02-03,-0.315
2023-02-10,-0.311
2023-02-17,-0.297
2023-02-24,-0.272
2023-03-03,-0.241
2023-03-10,-0.208
2023-03-17,-0.177
2023-03-24,-0.158
2023-03-31,-0.154
2023-04-07,-0.157
2023-04-14,-0.168
2023-04-21,-0.182
2023-04-28,-0.193
2023-05-05,-0.201
2023-05-12,-0.208
2023-05-19,-0.212
2023-05-26,-0.215
2023-06-02,-0.216
2023-06-09,-0.217
2023-06-16,-0.219
2023-06-23,-0.223
2023-06-30,-0.23
2023-07-07,-0.238
2023-07-14,-0.251
2023-07-21,-0.266
2023-07-28,-0.282
2023-08-04,-0.299
2023-08-11,-0.315
2023-08-18,-0.327
2023-08-25,-0.336
2023-09-01,-0.341
2023-09-08,-0.341
2023-09-15,-0.336
2023-09-22,-0.327
2023-09-29,-0.315
2023-10-06,-0.304
2023-10-13,-0.294
2023-10-20,-0.289
2023-10-27,-0.288
2023-11-03,-0.292
2023-11-10,-0.301
2023-11-17,-0.311
2023-11-24,-0.322
2023-12-01,-0.333
2023-12-08,-0.342
2023-12-15,-0.351
2023-12-22,-0.36
2023-12-29,-0.368
2024-01-05,-0.376
2024-01-12,-0.384
2024-01-19,-0.391
2024-01-26,-0.398
2024-02-02,-0.404
2024-02-09,-0.411
2024-02-16,-0.419
2024-02-23,-0.427
2024-03-01,-0.434
2024-03-08,-0.437
2024-03-15,-0.439
2024-03-22,-0.437
2024-03-29,-0.432
2024-04-05,-0.427
2024-04-12,-0.421
2024-04-19,-0.416
2024-04-26,-0.413
2024-05-03,-0.413
2024-05-10,-0.414
2024-05-17,-0.414
2024-05-24,-0.413
2024-05-31,-0.41
2024-06-07,-0.404
2024-06-14,-0.397
2024-06-21,-0.389
2024-06-28,-0.382
2024-07-05,-0.377
2024-07-12,-0.371
2024-07-19,-0.366
2024-07-26,-0.363
2024-08-02,-0.361
2024-08-09,-0.362
2024-08-16,-0.371
2024-08-23,-0.381
2024-08-30,-0.393
2024-09-06,-0.404
2024-09-13,-0.414
2024-09-20,-0.422
2024-09-27,-0.429
2024-10-04,-0.433
2024-10-11,-0.436
2024-10-18,-0.441
2024-10-25,-0.446
2024-11-01,-0.452
2024-11-08,-0.459
2024-11-15,-0.467
2024-11-22,-0.472
2024-11-29,-0.475
2024-12-06,-0.477
2024-12-13,-0.479
2024-12-20,-0.48
2024-12-27,-0.484
2025-01-03,-0.489
2025-01-10,-0.495
2025-01-17,-0.5
2025-01-24,-0.505
2025-01-31,-0.508
2025-02-07,-0.507
2025-02-14,-0.503
2025-02-21,-0.494
2025-02-28,-0.48
2025-03-07,-0.464
2025-03-14,-0.445
2025-03-21,-0.427
2025-03-28,-0.411
2025-04-04,-0.396
2025-04-11,-0.385
2025-04-18,-0.385
2025-04-25,-0.392
2025-05-02,-0.405
2025-05-09,-0.423
2025-05-16,-0.44
2025-05-23,-0.455
2025-05-30,-0.467
2025-06-06,-0.476
2025-06-13,-0.484
2025-06-20,-0.49
2025-06-27,-0.497
2025-07-04,-0.503
2025-07-11,-0.51
2025-07-18,-0.515
2025-07-25,-0.519
2025-08-01,-0.522
2025-08-08,-0.523
2025-08-15,-0.526
2025-08-22,-0.527
2025-08-29,-0.528
2025-09-05,-0.528
2025-09-12,-0.528
2025-09-19,-0.527
2025-09-26,-0.526
2025-10-03,-0.525
2025-10-10,-0.523
2025-10-17,-0.519
2025-10-24,-0.517
2025-10-31,-0.513
2025-11-07,-0.51
2025-11-14,-0.508
2025-11-21,-0.507
2025-11-28,-0.509
2025-12-05,-0.511
2025-12-12,-0.516
2025-12-19,-0.525
2025-12-26,-0.536
2026-01-02,-0.547
2026-01-09,-0.558
2026-01-16,-0.565
2026-01-23,-0.567
2026-01-30,-0.563
2026-02-06,-0.555
2026-02-13,-0.542
2026-02-20,-0.525
2026-02-27,-0.507
2026-03-06,-0.487
2026-03-13,-0.47
2026-03-20,-0.46
2026-03-27,-0.455
2026-04-03,-0.459
2026-04-10,-0.47
2026-04-17,-0.483
2026-04-24,-0.495
2026-05-01,-0.505
2026-05-08,-0.512
2026-05-15,-0.513
2026-05-22,-0.51
