Date,CME_AG_EW
2018-01-02,1.0
2018-01-03,1.0033402247918828
2018-01-04,0.9997344780663127
2018-01-05,0.9982487029198082
2018-01-08,0.9910117844996279
2018-01-09,0.995275615537206
2018-01-10,0.9937569898250866
2018-01-11,0.9904798569798203
2018-01-12,0.9795299305773465
2018-01-16,0.9865117932951728
2018-01-17,0.9951833895103467
2018-01-18,0.9981656399808835
2018-01-19,0.9985993007089579
2018-01-22,1.0028655200090801
2018-01-23,0.9994830376657599
2018-01-24,1.0155421763304215
2018-01-25,1.0155238100187665
2018-01-26,1.0194361644873458
2018-01-29,1.029989245382132
2018-01-30,1.041754321319882
2018-01-31,1.036002280361128
2018-02-01,1.0319267948358812
2018-02-02,1.0262582576936075
2018-02-05,1.0155285550392603
2018-02-06,1.030382179337225
2018-02-07,1.0417565610476176
2018-02-08,1.0406863755352922
2018-02-09,1.0299384266292781
2018-02-12,1.0526635472813803
2018-02-13,1.05344373627165
2018-02-14,1.0519954112849095
2018-02-15,1.059490266963235
2018-02-16,1.0552365073635201
2018-02-20,1.0484633621941049
2018-02-21,1.0497724955500713
2018-02-22,1.0530867058311213
2018-02-23,1.0548289392917918
2018-02-26,1.0619187714492706
2018-02-27,1.0680103218239774
2018-02-28,1.090424874568658
2018-03-01,1.1145336310676939
2018-03-02,1.1041911176129027
2018-03-05,1.1148821527461605
2018-03-06,1.1153833926784387
2018-03-07,1.104884229692375
2018-03-08,1.1120344129629605
2018-03-09,1.0964393704939166
2018-03-12,1.0996125730604251
2018-03-13,1.1001714039456678
2018-03-14,1.1016726836660828
2018-03-15,1.0963190526397688
2018-03-16,1.0871236193170994
2018-03-19,1.0572683348452037
2018-03-20,1.0605342519518584
2018-03-21,1.06191210618663
2018-03-22,1.0646100451620735
2018-03-23,1.0687653697327362
2018-03-26,1.0600894676219002
2018-03-27,1.053926140568452
2018-03-28,1.0501962975836183
2018-03-29,1.077015684859621
2018-04-02,1.0695843463558652
2018-04-03,1.080525308879864
2018-04-04,1.0642655451902567
2018-04-05,1.084772647721519
2018-04-06,1.0905224806284473
2018-04-09,1.1114171932952626
2018-04-10,1.1119948939326614
2018-04-11,1.1054742038308711
2018-04-12,1.1069243938311508
2018-04-13,1.0957540647126596
2018-04-16,1.080025007391722
2018-04-17,1.08238484464185
2018-04-18,1.0904437180601336
2018-04-19,1.0890662212652886
2018-04-20,1.070545682416889
2018-04-23,1.0683021718009182
2018-04-24,1.079853184853222
2018-04-25,1.0970811836312715
2018-04-26,1.0926347855668492
2018-04-27,1.1130916438645022
2018-04-30,1.125945085474515
2018-05-01,1.1442733239840013
2018-05-02,1.1370991695013442
2018-05-03,1.1548938725305309
2018-05-04,1.1389593443300632
2018-05-07,1.114750708637086
2018-05-08,1.1229234777641763
2018-05-09,1.1183816944481906
2018-05-10,1.115675800352979
2018-05-11,1.0907520585688835
2018-05-14,1.0899149212953023
2018-05-15,1.1141031338881373
2018-05-16,1.1049334565823514
2018-05-17,1.1018888796982362
2018-05-18,1.1251045307792265
2018-05-21,1.1272084773131459
2018-05-22,1.1414884131108503
2018-05-23,1.1551649163153326
2018-05-24,1.1493095125716697
2018-05-25,1.1622605521950953
2018-05-29,1.1478038838430302
2018-05-30,1.1284233818143758
2018-05-31,1.1302943933686462
2018-06-01,1.1267636025458891
2018-06-04,1.096335929341498
2018-06-05,1.1024582453377243
2018-06-06,1.1015345668782301
2018-06-07,1.0970479439045169
2018-06-08,1.0919170836005856
2018-06-11,1.0721009895561262
2018-06-12,1.0959215462906973
2018-06-13,1.0751930749461693
2018-06-14,1.048978499751328
2018-06-15,1.0376535742317576
2018-06-18,1.0271458644483136
2018-06-19,1.0090393131586017
2018-06-20,1.0170472732819011
2018-06-21,1.0210550059783634
2018-06-22,1.0239061870642583
2018-06-25,0.9997420623209332
2018-06-26,0.9937751380607059
2018-06-27,1.0008773413492538
2018-06-28,0.9913357446908886
2018-06-29,1.0075786617428146
2018-07-02,0.9797293484190551
2018-07-03,0.9906561259625167
2018-07-05,0.996344886085303
2018-07-06,1.0253186443118083
2018-07-09,1.0074338513216667
2018-07-10,0.9896193440537941
2018-07-11,0.9593235317266586
2018-07-12,0.9731100209870942
2018-07-13,0.9601290857780858
2018-07-16,0.9819852080275496
2018-07-17,0.9964351421463993
2018-07-18,0.996303467964237
2018-07-19,1.0081364554333216
2018-07-20,1.021253220752797
2018-07-23,1.0208746247506808
2018-07-24,1.0176054874902583
2018-07-25,1.0469670137393818
2018-07-26,1.045307836665045
2018-07-27,1.0455930714725212
2018-07-30,1.0629066559325384
2018-07-31,1.0840285092417812
2018-08-01,1.0730403415327454
2018-08-02,1.0744724139188817
2018-08-03,1.0761841801313143
2018-08-06,1.085352702247992
2018-08-07,1.0860669835693195
2018-08-08,1.0895008572480436
2018-08-09,1.0816003748244893
2018-08-10,1.042048783879421
2018-08-13,1.0353986947437261
2018-08-14,1.0507495740139086
2018-08-15,1.0410249833448584
2018-08-16,1.0624322266485275
2018-08-17,1.0716203445528896
2018-08-20,1.057774237042468
2018-08-21,1.0428796354501921
2018-08-22,1.02855616405445
2018-08-23,1.0138525709095358
2018-08-24,1.0108317202403734
2018-08-27,0.9960292882227197
2018-08-28,0.9841664197644725
2018-08-29,0.9969108683632244
2018-08-30,0.9901419670504795
2018-08-31,1.0120657897083187
2018-09-04,1.0046288994688657
2018-09-05,0.9934085254717787
2018-09-06,0.9903189337919581
2018-09-07,0.9932823503220698
2018-09-10,1.0070098082379277
2018-09-11,0.9945751336108439
2018-09-12,0.9770064690617107
2018-09-13,0.962769853259719
2018-09-14,0.9685781939937401
2018-09-17,0.9973427000708799
2018-09-18,0.991711503905578
2018-09-19,1.0083639496431178
2018-09-20,1.0240491505658693
2018-09-21,1.0259445204620643
2018-09-24,1.0299411544330948
2018-09-25,1.0308604577233342
2018-09-26,1.0297230166543145
2018-09-27,1.0303893917914335
2018-09-28,1.0158678306338933
2018-10-01,1.0300813764112204
2018-10-02,1.0415793606536563
2018-10-03,1.034501948401584
2018-10-04,1.038031820081976
2018-10-05,1.0446605722030118
2018-10-08,1.0386095154418868
2018-10-09,1.034698067197246
2018-10-10,1.0257271346121644
2018-10-11,1.0325421631713618
2018-10-12,1.0467079274739697
2018-10-15,1.0657654763327047
2018-10-16,1.0592401596874177
2018-10-17,1.054636732208699
2018-10-18,1.0394303837458954
2018-10-19,1.0343812261636836
2018-10-22,1.0328754069255175
2018-10-23,1.0338497921543466
2018-10-24,1.0226258066801577
2018-10-25,1.004128229927307
2018-10-26,1.023953786217743
2018-10-29,1.0219425885774878
2018-10-30,1.0128062076339481
2018-10-31,1.014142556078065
2018-11-01,1.034490060913344
2018-11-02,1.0417002939044904
2018-11-05,1.042344036161214
2018-11-06,1.0444890053230234
2018-11-07,1.0406688761620455
2018-11-08,1.0400282256809217
2018-11-09,1.0356741226729282
2018-11-12,1.0477542331545384
2018-11-13,1.0333906438999472
2018-11-14,1.03191215230313
2018-11-15,1.0412647290949977
2018-11-16,1.0408791843667722
2018-11-19,1.025640985275854
2018-11-20,1.0290663078391744
2018-11-21,1.0289458093127724
2018-11-23,1.0262413399183299
2018-11-26,1.0212879346077832
2018-11-27,1.0205245605110922
2018-11-28,1.029799187109735
2018-11-29,1.0276176039200497
2018-11-30,1.049655436799993
2018-12-03,1.0584730363963981
2018-12-04,1.0660554974926506
2018-12-06,1.053397881280323
2018-12-07,1.067934154498871
2018-12-10,1.0621891515998314
2018-12-11,1.0614795967334225
2018-12-12,1.0684049648128335
2018-12-13,1.0711664018380613
2018-12-14,1.0697858734698695
2018-12-17,1.0815494907834344
2018-12-18,1.080808175874457
2018-12-19,1.0707244880633608
2018-12-20,1.0627206020448472
2018-12-21,1.0558242763131767
2018-12-24,1.05653561164501
2018-12-26,1.0423291105360035
2018-12-27,1.0434321972967628
2018-12-28,1.0505245852195988
2018-12-31,1.0442833983802668
2019-01-02,1.0522201233075668
2019-01-03,1.0629496693710645
2019-01-04,1.0718626196525616
2019-01-07,1.072068171532209
2019-01-08,1.0682978637546505
2019-01-09,1.0737823107280946
2019-01-10,1.0578069836747537
2019-01-11,1.0650992945903854
2019-01-14,1.0583771550969927
2019-01-15,1.0503367982616547
2019-01-16,1.0544444962011674
2019-01-17,1.0688869445819178
2019-01-18,1.074051590757429
2019-01-22,1.0709387867451015
2019-01-23,1.0762048509290885
2019-01-24,1.0718618925425512
2019-01-25,1.0775042836916116
2019-01-28,1.0753921325124915
2019-01-29,1.0675781863050864
2019-01-30,1.0745462378657713
2019-01-31,1.0676612157643919
2019-02-01,1.07561217239162
2019-02-04,1.0778784665700019
2019-02-05,1.0810087954683658
2019-02-06,1.08003031994889
2019-02-07,1.0646405213204424
2019-02-08,1.065754376511645
2019-02-11,1.0613133636333334
2019-02-12,1.0726002728718473
2019-02-13,1.0742275968412225
2019-02-14,1.0548750924254189
2019-02-15,1.0545160140679144
2019-02-19,1.0370604803072576
2019-02-20,1.0322645342084074
2019-02-21,1.0440280642953284
2019-02-22,1.043688508238764
2019-02-25,1.0253950635580025
2019-02-26,1.013713038101598
2019-02-27,1.0118570147223598
2019-02-28,1.0017568538165884
2019-03-01,1.005358636402203
2019-03-04,1.0023750557817184
2019-03-05,1.0081277089426555
2019-03-06,0.9904116923850148
2019-03-07,0.9780716295295846
2019-03-08,0.975299693773336
2019-03-11,0.9631080021000827
2019-03-12,0.9873274924101308
2019-03-13,0.9851436743244489
2019-03-14,0.9951761731788517
2019-03-15,1.0236743011724525
2019-03-18,1.016694227203352
2019-03-19,1.015625688143807
2019-03-20,1.022689797611675
2019-03-21,1.0300172253584923
2019-03-22,1.028915018895089
2019-03-25,1.0338928086376176
2019-03-26,1.0292504183810098
2019-03-27,1.0211828328468342
2019-03-28,1.018535591919067
2019-03-29,0.9955492982685371
2019-04-01,1.008281900151983
2019-04-02,1.0106436444635114
2019-04-03,1.0163989223314343
2019-04-04,1.021467545509642
2019-04-05,1.013916720269958
2019-04-08,1.0096814575875845
2019-04-09,1.0055046699964314
2019-04-10,1.007245425804253
2019-04-11,1.0049256706791838
2019-04-12,1.0087592621810144
2019-04-15,1.008058491025243
2019-04-16,0.9899142904809821
2019-04-17,0.987345878868125
2019-04-18,0.9861063852404705
2019-04-22,0.975053060456044
2019-04-23,0.9684756251733135
2019-04-24,0.9570250456358358
2019-04-25,0.9610509938512171
2019-04-26,0.9626177988615733
2019-04-29,0.9548322638143357
2019-04-30,0.947420306051691
2019-05-01,0.9576625310364925
2019-05-02,0.9621380236019523
2019-05-03,0.958732346415373
2019-05-06,0.9476921102961364
2019-05-07,0.9516283327514775
2019-05-08,0.948379386935208
2019-05-09,0.9263997989570225
2019-05-10,0.9213389370338317
2019-05-13,0.9323849444454546
2019-05-14,0.9602573706554166
2019-05-15,0.9821177756521368
2019-05-16,1.0054114335236615
2019-05-17,1.0004607653256277
2019-05-20,1.019000151440281
2019-05-21,1.0199038257558375
2019-05-22,1.0185104078911256
2019-05-23,1.0097548565544971
2019-05-24,1.0393419275675153
2019-05-28,1.0748001626816874
2019-05-29,1.0699050175932785
2019-05-30,1.1091304929620363
2019-05-31,1.0883385638505394
2019-06-03,1.0984413166744862
2019-06-04,1.091555278528393
2019-06-05,1.0657503865133717
2019-06-06,1.0840569963004292
2019-06-07,1.0708774898839908
2019-06-10,1.073934975851076
2019-06-11,1.0919134735402711
2019-06-12,1.1075418496133067
2019-06-13,1.1285133182087694
2019-06-14,1.1436510955990067
2019-06-17,1.1526048733202512
2019-06-18,1.1429733812598408
2019-06-19,1.1246484476934595
2019-06-20,1.1404201039154567
2019-06-21,1.128189741210467
2019-06-24,1.1431731759697286
2019-06-25,1.1399074116740822
2019-06-26,1.1380048327616734
2019-06-27,1.1350568457647316
2019-06-28,1.1093356044425842
2019-07-01,1.0864041574053538
2019-07-02,1.0764886585001083
2019-07-03,1.1073110892303175
2019-07-05,1.1035978768870054
2019-07-08,1.106885044300868
2019-07-09,1.099303357346418
2019-07-10,1.107111846263395
2019-07-11,1.1374154979992204
2019-07-12,1.1433257212441779
2019-07-15,1.11352509644943
2019-07-16,1.1027158605326544
2019-07-17,1.0997211387636878
2019-07-18,1.080761285534531
2019-07-19,1.1009074562139864
2019-07-22,1.077111574430504
2019-07-23,1.0788539179842873
2019-07-24,1.0874101818059496
2019-07-25,1.0804972727008637
2019-07-26,1.0748265966118926
2019-07-29,1.0834046177177865
2019-07-30,1.0710846588542575
2019-07-31,1.0483527264037973
2019-08-01,1.0266787796067396
2019-08-02,1.0445992175684493
2019-08-05,1.0522536447527753
2019-08-06,1.0426533919962604
2019-08-07,1.0482607264985158
2019-08-08,1.0661446927873557
2019-08-09,1.0697908418365119
2019-08-12,1.023006511498394
2019-08-13,1.0099231055909648
2019-08-14,1.0004392601287149
2019-08-15,0.9975406649060908
2019-08-16,1.0117610764996687
2019-08-19,0.9973905724311021
2019-08-20,0.9891063653727407
2019-08-21,0.9954787479830807
2019-08-22,0.997818039498176
2019-08-23,0.9952561686174125
2019-08-26,0.9966334466416527
2019-08-27,0.9928428036454423
2019-08-28,0.9996366197648321
2019-08-29,0.9964706479798348
2019-08-30,0.9819034964867583
2019-09-03,0.9712259221476676
2019-09-04,0.976460047837422
2019-09-05,0.9775656128277366
2019-09-06,0.9693459780128082
2019-09-09,0.977577916073914
2019-09-10,0.9973489931398015
2019-09-11,0.9902600133079893
2019-09-12,1.0130674683060361
2019-09-13,1.014688598743241
2019-09-16,1.0400209299723098
2019-09-17,1.028852110963803
2019-09-18,1.0336528571749668
2019-09-19,1.0356303350402303
2019-09-20,1.0271596653826705
2019-09-23,1.032349716074005
2019-09-24,1.0335128718855853
2019-09-25,1.0279034538724579
2019-09-26,1.0310021356606298
2019-09-27,1.0300672399625384
2019-09-30,1.0601874706606473
2019-10-01,1.0716835220227507
2019-10-02,1.0581270184154856
2019-10-03,1.058082261254528
2019-10-04,1.0574317056280096
2019-10-07,1.0582029412980303
2019-10-08,1.0760994016740404
2019-10-09,1.0760014806073832
2019-10-10,1.0578549744504209
2019-10-11,1.0894944823503145
2019-10-14,1.0933815674215168
2019-10-15,1.083884421569067
2019-10-16,1.0846020771487115
2019-10-17,1.0973226866137682
2019-10-18,1.0994822434689937
2019-10-21,1.0896252426549704
2019-10-22,1.0867873446990255
2019-10-23,1.0883761558109168
2019-10-24,1.0839297248999245
2019-10-25,1.0800914727864317
2019-10-28,1.073541208583533
2019-10-29,1.074484465971292
2019-10-30,1.0761767818084014
2019-10-31,1.0754290607066237
2019-11-01,1.0827571145601962
2019-11-04,1.0733783341593524
2019-11-05,1.0742660464422862
2019-11-06,1.0698589536843477
2019-11-07,1.0674819816098642
2019-11-08,1.065687284279162
2019-11-11,1.0531814820916165
2019-11-12,1.0654741191420614
2019-11-13,1.0563398977200276
2019-11-14,1.0550648045115945
2019-11-15,1.0543098846012586
2019-11-18,1.0510424582070985
2019-11-19,1.0569421998406083
2019-11-20,1.0537176204854264
2019-11-21,1.0493856970241335
2019-11-22,1.0523396713786615
2019-11-25,1.0628503129579707
2019-11-26,1.0561999641051216
2019-11-27,1.0495797699219922
2019-11-29,1.0681130932848928
2019-12-02,1.064947399943465
2019-12-03,1.055335659481083
2019-12-04,1.05803953100793
2019-12-05,1.0554390196975638
2019-12-06,1.0588187739743375
2019-12-09,1.060827892212782
2019-12-10,1.0617990929555432
2019-12-11,1.0507430337762154
2019-12-12,1.0672338708024058
2019-12-13,1.0701547717311104
2019-12-16,1.103784811183284
2019-12-17,1.1127209663680424
2019-12-18,1.104414982993191
2019-12-19,1.1003372479821096
2019-12-20,1.1009828661266157
2019-12-23,1.1023293253153643
2019-12-24,1.1031486467819231
2019-12-26,1.1100058445503853
2019-12-27,1.1130204069008955
2019-12-30,1.1151573012200136
2019-12-31,1.1178978746764352
2020-01-02,1.1229885470192142
2020-01-03,1.108913304552284
2020-01-06,1.1051230669720438
2020-01-07,1.1059388660924665
2020-01-08,1.108652699623251
2020-01-09,1.1122161564752373
2020-01-10,1.116611979013573
2020-01-13,1.1164303065859018
2020-01-14,1.1197707308776228
2020-01-15,1.121536256199922
2020-01-16,1.102764084313419
2020-01-17,1.1218254054227261
2020-01-21,1.12171041396841
2020-01-22,1.119578029733202
2020-01-23,1.1243899369720978
2020-01-24,1.1105861354253528
2020-01-27,1.101352719512609
2020-01-28,1.1045721131444552
2020-01-29,1.0967476649033254
2020-01-30,1.084210464712196
2020-01-31,1.079952848835256
2020-02-03,1.080572435227482
2020-02-04,1.0860577616955147
2020-02-05,1.0879144668237768
2020-02-06,1.08317582680285
2020-02-07,1.0892451007205253
2020-02-10,1.0841087491343115
2020-02-11,1.0758399456632535
2020-02-12,1.0856891378039366
2020-02-13,1.0817367415148882
2020-02-14,1.0780739994037807
2020-02-18,1.0981645122713954
2020-02-19,1.096843548366613
2020-02-20,1.0896901919498143
2020-02-21,1.0814773038184977
2020-02-24,1.0606880342740235
2020-02-25,1.0646571076970424
2020-02-26,1.0643752095005634
2020-02-27,1.0534485617506475
2020-02-28,1.0541130427557615
2020-03-02,1.0629128972256598
2020-03-03,1.0721825804068437
2020-03-04,1.07442600779959
2020-03-05,1.070090807817421
2020-03-06,1.0589971050073446
2020-03-09,1.048920689791837
2020-03-10,1.0611478868562305
2020-03-11,1.051918328830276
2020-03-12,1.031871649057898
2020-03-13,1.0338384784138313
2020-03-16,0.9975597979264823
2020-03-17,0.9892064573075894
2020-03-18,0.9871039031456765
2020-03-19,1.0214752459339034
2020-03-20,1.0301625874009817
2020-03-23,1.05311459041523
2020-03-24,1.0574005275521758
2020-03-25,1.06805302954534
2020-03-26,1.061009544846878
2020-03-27,1.0601077143571656
2020-03-30,1.054454401195232
2020-03-31,1.0549667794159325
2020-04-01,1.0280880717070062
2020-04-02,1.019911028992968
2020-04-03,1.0199841442574709
2020-04-06,1.0213843062619634
2020-04-07,1.0209536386666223
2020-04-08,1.0186930294694536
2020-04-09,1.0291719303155573
2020-04-13,1.024304199201823
2020-04-14,1.0118907670892348
2020-04-15,0.9976718298273901
2020-04-16,0.9896178766733674
2020-04-17,0.9928393525341389
2020-04-20,0.9914542479317565
2020-04-21,0.9866536693247324
2020-04-22,0.9946610560344833
2020-04-23,1.0007178491734166
2020-04-24,0.981843692439704
2020-04-27,0.966294723747442
2020-04-28,0.9657499622326577
2020-04-29,0.9653771272383298
2020-04-30,0.9862802525200758
2020-05-01,0.9799782399433347
2020-05-04,0.9757689502344813
2020-05-05,0.980555075569842
2020-05-06,0.9757561579167005
2020-05-07,0.9871293776798334
2020-05-08,0.9933918599017951
2020-05-11,0.9912535369727467
2020-05-12,0.9935987782551395
2020-05-13,0.9776997544708281
2020-05-14,0.9774072926662205
2020-05-15,0.9710661349408898
2020-05-18,0.9729750555420972
2020-05-19,0.9736594953659599
2020-05-20,0.9831831334308966
2020-05-21,0.9782481399607604
2020-05-22,0.9732193612530635
2020-05-26,0.9782827648078618
2020-05-27,0.9789386355657028
2020-05-28,0.9919013544159303
2020-05-29,0.9916733563112528
2020-06-01,0.9855376104110977
2020-06-02,0.9857825444222732
2020-06-03,0.9908125190705114
2020-06-04,1.007426345697837
2020-06-05,1.0042256006283974
2020-06-08,1.0031386100404942
2020-06-09,0.9916950359732112
2020-06-10,0.9924363472829962
2020-06-11,0.9915517269975955
2020-06-12,0.9956237962617261
2020-06-15,0.995823600453511
2020-06-16,0.989025166441604
2020-06-17,0.9870350645074116
2020-06-18,0.9848906714861819
2020-06-19,0.9861581226851038
2020-06-22,0.9843887009900424
2020-06-23,0.9813358840595692
2020-06-24,0.9757903573806636
2020-06-25,0.971835029000277
2020-06-26,0.9614492296849324
2020-06-29,0.9790643245711064
2020-06-30,1.0009638486293753
2020-07-01,1.020089979772589
2020-07-02,1.0080066848252425
2020-07-06,1.0138330799516209
2020-07-07,1.013035897764461
2020-07-08,1.033101155887964
2020-07-09,1.0432226504829887
2020-07-10,1.0360371611122914
2020-07-13,1.0165421637744243
2020-07-14,1.0195221962737473
2020-07-15,1.028795075624946
2020-07-16,1.0259821501355977
2020-07-17,1.0302253684829394
2020-07-20,1.0189732459949559
2020-07-21,1.0145108925363968
2020-07-22,1.024837335868843
2020-07-23,1.024796722874987
2020-07-24,1.0288024087697516
2020-07-27,1.0206298264651594
2020-07-28,1.008992183689476
2020-07-29,1.0081454054311587
2020-07-30,1.0064509155177888
2020-07-31,1.009985827564812
2020-08-03,1.0050332317619868
2020-08-04,0.9819252285813956
2020-08-05,0.9857971733048246
2020-08-06,0.9794461975909208
2020-08-07,0.9681374858896332
2020-08-10,0.9703761735179766
2020-08-11,0.9746029179189355
2020-08-12,0.9798527842669815
2020-08-13,1.0007735946206746
2020-08-14,1.000797179689847
2020-08-17,1.021767731174449
2020-08-18,1.011504916152992
2020-08-19,1.0125982761846135
2020-08-20,1.013454961433959
2020-08-21,1.0202297637823943
2020-08-24,1.0205379062387503
2020-08-25,1.0392859743589673
2020-08-26,1.0443240495310728
2020-08-27,1.0617399664177867
2020-08-28,1.0663863481563056
2020-08-31,1.0725241550330176
2020-09-01,1.0824764573421746
2020-09-02,1.0803274251661041
2020-09-03,1.0742582004880277
2020-09-04,1.0750682226348043
2020-09-08,1.0758673443786224
2020-09-09,1.077829278010373
2020-09-10,1.0912121542000137
2020-09-11,1.1023327943209165
2020-09-14,1.1097357697990669
2020-09-15,1.10127149827455
2020-09-16,1.1168925261742544
2020-09-17,1.1365105171778722
2020-09-18,1.1580229843949597
2020-09-21,1.1277116199882828
2020-09-22,1.128386610969265
2020-09-23,1.1195987752184828
2020-09-24,1.1096814761364984
2020-09-25,1.1086627772314788
2020-09-28,1.1119227638233007
2020-09-29,1.1081856801805194
2020-09-30,1.1530817109048839
2020-10-01,1.1516784278857333
2020-10-02,1.1496408758274848
2020-10-05,1.1569770459692954
2020-10-06,1.1766646751908598
2020-10-07,1.1928383284263837
2020-10-08,1.1826103478223065
2020-10-09,1.1955282499086908
2020-10-12,1.1778406989326768
2020-10-13,1.1838287515247323
2020-10-14,1.1955724506710568
2020-10-15,1.2193908131532973
2020-10-16,1.2174883182809297
2020-10-19,1.2235447091005267
2020-10-20,1.2340912583095038
2020-10-21,1.2407247381043283
2020-10-22,1.2392687692913302
2020-10-23,1.2527177485268626
2020-10-26,1.2442878641736248
2020-10-27,1.2376093086384068
2020-10-28,1.2089523707600451
2020-10-29,1.2005339575688325
2020-10-30,1.1988433704263903
2020-11-02,1.2016262027138023
2020-11-03,1.2086199427785
2020-11-04,1.21912288227896
2020-11-05,1.2338552511434464
2020-11-06,1.2252268064592489
2020-11-09,1.2253243168314247
2020-11-10,1.2606310166597088
2020-11-11,1.2494571457529937
2020-11-12,1.2313777916786701
2020-11-13,1.2389251017011111
2020-11-16,1.252178170840579
2020-11-17,1.2601101566382686
2020-11-18,1.2695160474077154
2020-11-19,1.2626522314593054
2020-11-20,1.265717124113602
2020-11-23,1.2766190522951366
2020-11-24,1.2845980728914825
2020-11-25,1.2599774181348988
2020-11-27,1.2741097614928667
2020-11-30,1.2484945251780613
2020-12-01,1.2305997693855255
2020-12-02,1.2406011371869874
2020-12-03,1.2449866010769426
2020-12-04,1.2339010865532856
2020-12-07,1.238206817305758
2020-12-08,1.22578022454487
2020-12-09,1.2448104326397418
2020-12-10,1.2504550024293648
2020-12-11,1.2698667635911236
2020-12-14,1.2577851383965668
2020-12-15,1.272987476747549
2020-12-16,1.2744139736121833
2020-12-17,1.2931868534731503
2020-12-18,1.3045131277447
2020-12-21,1.317402421979289
2020-12-22,1.3264347335357727
2020-12-23,1.3433663177286286
2020-12-24,1.3468365543466192
2020-12-28,1.3401307663479818
2020-12-29,1.3667721831318285
2020-12-30,1.394274131181685
2020-12-31,1.4074491748274505
2021-01-04,1.4087504740861565
2021-01-05,1.4372326694225657
2021-01-06,1.440989570971491
2021-01-07,1.4344485902665913
2021-01-08,1.4393467676150586
2021-01-11,1.4320324026258204
2021-01-12,1.495486048104474
2021-01-13,1.4951688074170855
2021-01-14,1.5206062574344676
2021-01-15,1.5151271012477165
2021-01-19,1.4963812788787103
2021-01-20,1.483396548304743
2021-01-21,1.4805858434815928
2021-01-22,1.4175467122856336
2021-01-25,1.449793723000026
2021-01-26,1.4914495704403299
2021-01-27,1.4894539130731868
2021-01-28,1.4736187113121784
2021-01-29,1.5033113139831527
2021-02-01,1.494500960472627
2021-02-02,1.4802164695526943
2021-02-03,1.4970668713392628
2021-02-04,1.4873968677945473
2021-02-05,1.4868693744112256
2021-02-08,1.519452572457043
2021-02-09,1.5129167579933926
2021-02-10,1.4651061620894892
2021-02-11,1.474344107792647
2021-02-12,1.476426737243861
2021-02-16,1.509301732400518
2021-02-17,1.4992175686667941
2021-02-18,1.5077337716990324
2021-02-19,1.4927395813305329
2021-02-22,1.5127513739938065
2021-02-23,1.5246793922792579
2021-02-24,1.547193190982907
2021-02-25,1.5301660227790068
2021-02-26,1.517754180519598
2021-03-01,1.4971798558383609
2021-03-02,1.5320529267412868
2021-03-03,1.51261250804219
2021-03-04,1.508801426264806
2021-03-05,1.533279842443713
2021-03-08,1.5313527277365953
2021-03-09,1.5377246425243913
2021-03-10,1.5096198597042378
2021-03-11,1.5063249494136568
2021-03-12,1.497645689496415
2021-03-15,1.509602899979559
2021-03-16,1.5168367550406976
2021-03-17,1.5127937734676298
2021-03-18,1.4858419417636128
2021-03-19,1.5017263445088889
2021-03-22,1.494469809345745
2021-03-23,1.5044783883372856
2021-03-24,1.5016699386194596
2021-03-25,1.4792761919649073
2021-03-26,1.4804466769460185
2021-03-29,1.4754510556623328
2021-03-30,1.44746108692052
2021-03-31,1.5074938008811012
2021-04-01,1.4856034321410538
2021-04-05,1.4892474206474737
2021-04-06,1.490235814740878
2021-04-07,1.4928996336050195
2021-04-08,1.5222725810619921
2021-04-09,1.5236760014617077
2021-04-12,1.5002665848521985
2021-04-13,1.5140028486663561
2021-04-14,1.5482293868982908
2021-04-15,1.5523177398213794
2021-04-16,1.5528097190776444
2021-04-19,1.5642929547396016
2021-04-20,1.591040091967469
2021-04-21,1.6275754033744148
2021-04-22,1.6919945412642448
2021-04-23,1.6987123169275709
2021-04-26,1.7543040628760453
2021-04-27,1.7552706185023526
2021-04-28,1.74367043405003
2021-04-29,1.76096161132938
2021-04-30,1.8072153482230686
2021-05-03,1.782948428622218
2021-05-04,1.80888802228979
2021-05-05,1.832946168732563
2021-05-06,1.8539568867444298
2021-05-07,1.8781743316486237
2021-05-10,1.8323684643744569
2021-05-11,1.8625233119790352
2021-05-12,1.865448791163385
2021-05-13,1.7924239995401159
2021-05-14,1.7612139185855524
2021-05-17,1.7049860803725159
2021-05-18,1.7037862778555766
2021-05-19,1.6754221968653258
2021-05-20,1.6755830914906136
2021-05-21,1.6679982705776268
2021-05-24,1.6548888962565071
2021-05-25,1.6146148615280413
2021-05-26,1.6087568306062077
2021-05-27,1.6777754256091657
2021-05-28,1.6583132325923362
2021-06-01,1.7165174166256854
2021-06-02,1.705194615004577
2021-06-03,1.6801086823952158
2021-06-04,1.7196290136844186
2021-06-07,1.701711899371166
2021-06-08,1.7136704544292154
2021-06-09,1.713970225913141
2021-06-10,1.7152037692165858
2021-06-11,1.6876300805069109
2021-06-14,1.6480852422457803
2021-06-15,1.64180708635885
2021-06-16,1.640852534022393
2021-06-17,1.5435948031367683
2021-06-18,1.606407957527292
2021-06-21,1.6159227464365487
2021-06-22,1.599931616744776
2021-06-23,1.6082644390625076
2021-06-24,1.5859508247990193
2021-06-25,1.5448194607558123
2021-06-28,1.5938753655749596
2021-06-29,1.6045588715585117
2021-06-30,1.6861283243105212
2021-07-01,1.6737301264534
2021-07-02,1.6472393544256028
2021-07-06,1.5594994150147026
2021-07-07,1.5608988517692537
2021-07-08,1.5485405328717643
2021-07-09,1.5437385195843925
2021-07-12,1.608646792255371
2021-07-13,1.6115741884644479
2021-07-14,1.6412923848111103
2021-07-15,1.5540378411717124
2021-07-16,1.5645979747707424
2021-07-19,1.558868208268837
2021-07-20,1.581195194316635
2021-07-21,1.5873092433699343
2021-07-22,1.5583466194799462
2021-07-23,1.5306237734207186
2021-07-26,1.5319627057706944
2021-07-27,1.5311281643286612
2021-07-28,1.5472720619176945
2021-07-29,1.5685890157026603
2021-07-30,1.550018675979373
2021-08-02,1.5813379285747193
2021-08-03,1.5600772314500317
2021-08-04,1.5545356690736702
2021-08-05,1.5603246676917755
2021-08-06,1.5714758960285018
2021-08-09,1.5655263166267392
2021-08-10,1.58106406620977
2021-08-11,1.5722449686875972
2021-08-12,1.599784892538905
2021-08-13,1.615782203948872
2021-08-16,1.5928189576031446
2021-08-17,1.5657284586048434
2021-08-18,1.566826749420229
2021-08-19,1.5354191838609874
2021-08-20,1.5043114127219346
2021-08-23,1.5075597271228112
2021-08-24,1.528949110332812
2021-08-25,1.533841318620476
2021-08-26,1.5534229841516514
2021-08-27,1.5503457261991818
2021-08-30,1.5060758212544003
2021-08-31,1.4965319629622198
2021-09-01,1.467031067668407
2021-09-02,1.470407926455016
2021-09-03,1.4712031720941046
2021-09-07,1.4499479158085906
2021-09-08,1.4459321315436717
2021-09-09,1.4275920652912055
2021-09-10,1.4356839549973448
2021-09-13,1.4285682454427144
2021-09-14,1.4434494429787146
2021-09-15,1.4982976470937868
2021-09-16,1.495645323219288
2021-09-17,1.4859356880537562
2021-09-20,1.4668783620893258
2021-09-21,1.4594769737711542
2021-09-22,1.4817115362198532
2021-09-23,1.4941802768987966
2021-09-24,1.496260467285268
2021-09-27,1.5081708105581668
2021-09-28,1.486560802614843
2021-09-29,1.497850976054372
2021-09-30,1.4954600709730361
2021-10-01,1.5162434738603068
2021-10-04,1.5120070352065396
2021-10-05,1.5070674069620738
2021-10-06,1.4995714031835679
2021-10-07,1.500127862160678
2021-10-08,1.4902506192286116
2021-10-11,1.4851398667358944
2021-10-12,1.464710234480968
2021-10-13,1.4437144758166318
2021-10-14,1.456388129802634
2021-10-15,1.4756599092957277
2021-10-18,1.4852145591968462
2021-10-19,1.485345226318283
2021-10-20,1.509716255091647
2021-10-21,1.4891177834594558
2021-10-22,1.502873420463956
2021-10-25,1.5120435182500336
2021-10-26,1.5126411653291243
2021-10-27,1.5308584057211452
2021-10-28,1.5421342089873122
2021-10-29,1.5481444414146823
2021-11-01,1.5745632912534084
2021-11-02,1.5683768593492855
2021-11-03,1.5479727219673023
2021-11-04,1.52949960435904
2021-11-05,1.5118544848018292
2021-11-08,1.5054250133982405
2021-11-09,1.524382117392798
2021-11-10,1.5552373530740313
2021-11-11,1.5653503294171167
2021-11-12,1.5846821692640918
2021-11-15,1.5998745435448825
2021-11-16,1.5818848430312937
2021-11-17,1.6044477834924615
2021-11-18,1.5959651074156198
2021-11-19,1.594973503698667
2021-11-22,1.6198316086377844
2021-11-23,1.629333234469505
2021-11-24,1.613574453917899
2021-11-26,1.6068918490035364
2021-11-29,1.5851252393075017
2021-11-30,1.5399133595973051
2021-12-01,1.5522282798530243
2021-12-02,1.5819924145969546
2021-12-03,1.5919388855527208
2021-12-06,1.5889269488175204
2021-12-07,1.5881660453333728
2021-12-08,1.586018073621676
2021-12-09,1.578884368136033
2021-12-10,1.5860032217068405
2021-12-13,1.5745757150491304
2021-12-14,1.5851372767530747
2021-12-15,1.5636166220116405
2021-12-16,1.5845831060695492
2021-12-17,1.5927617074433238
2021-12-20,1.5955109870686095
2021-12-21,1.6230087537869462
2021-12-22,1.6455712706461518
2021-12-23,1.65037432103421
2021-12-27,1.6636890226641263
2021-12-28,1.6391292182596986
2021-12-29,1.6416575606929154
2021-12-30,1.6158998344249897
2021-12-31,1.6075826287399315
2022-01-03,1.6011467587792028
2022-01-04,1.6416923415507312
2022-01-05,1.6307456147163728
2022-01-06,1.61874349472101
2022-01-07,1.6399399389566232
2022-01-10,1.6256414746365329
2022-01-11,1.6334112411315083
2022-01-12,1.6284000246632537
2022-01-13,1.5999517330713116
2022-01-14,1.6007428767892082
2022-01-18,1.6250232986637354
2022-01-19,1.6662263336930083
2022-01-20,1.6759387801109835
2022-01-21,1.668915543481666
2022-01-24,1.6832372022298794
2022-01-25,1.6962135786349763
2022-01-26,1.6994465340777423
2022-01-27,1.6881636220081186
2022-01-28,1.7129847171593262
2022-01-31,1.6935043834324524
2022-02-01,1.7214983713275125
2022-02-02,1.7060960281271202
2022-02-03,1.698016295173295
2022-02-04,1.7134906442179905
2022-02-07,1.7415301622344608
2022-02-08,1.7415865649454876
2022-02-09,1.769055074645888
2022-02-10,1.746761543322609
2022-02-11,1.778080247518457
2022-02-14,1.7786151376182204
2022-02-15,1.740982494174812
2022-02-16,1.7632156261517704
2022-02-17,1.7807169358448434
2022-02-18,1.7873850342150366
2022-02-22,1.8536128231386138
2022-02-23,1.900117849348823
2022-02-24,1.9409178956113953
2022-02-25,1.8217035792118093
2022-02-28,1.9378870695649535
2022-03-01,2.0521407053090477
2022-03-02,2.0779785579710874
2022-03-03,2.2324353329032474
2022-03-04,2.2694519417942858
2022-03-07,2.3036747120900483
2022-03-08,2.2370207017063857
2022-03-09,2.166372318293794
2022-03-10,2.1147926862427804
2022-03-11,2.12782666326075
2022-03-14,2.0922035181333007
2022-03-15,2.148944142076122
2022-03-16,2.064768293738789
2022-03-17,2.1143216187270926
2022-03-18,2.080045540414817
2022-03-21,2.139047776380484
2022-03-22,2.137655423692071
2022-03-23,2.1434185590271757
2022-03-24,2.1140445401680634
2022-03-25,2.1340870782114294
2022-03-28,2.08035238240419
2022-03-29,2.0226994689019175
2022-03-30,2.0508649517081734
2022-03-31,2.027536102139633
2022-04-01,1.9858521554701465
2022-04-04,2.0252488644865783
2022-04-05,2.068982103295272
2022-04-06,2.0565489932820715
2022-04-07,2.0564419432666594
2022-04-08,2.105635224426947
2022-04-11,2.107160036019984
2022-04-12,2.1389126816738373
2022-04-13,2.154316614645265
2022-04-14,2.152102793350084
2022-04-18,2.202524257164195
2022-04-19,2.1807588067737007
2022-04-20,2.1967503045241
2022-04-21,2.1690068831472558
2022-04-22,2.1482744352810426
2022-04-25,2.1472003264468835
2022-04-26,2.164865646088665
2022-04-27,2.1826288255359914
2022-04-28,2.1705778303459917
2022-04-29,2.152714466398181
2022-05-02,2.1334768572763942
2022-05-03,2.109735791292176
2022-05-04,2.134042075128412
2022-05-05,2.1623504479273796
2022-05-06,2.1427646458727474
2022-05-09,2.1119161543708285
2022-05-10,2.117613978225571
2022-05-11,2.157112615376827
2022-05-12,2.213620362587722
2022-05-13,2.2191013747241697
2022-05-16,2.253156724030933
2022-05-17,2.2726107477742636
2022-05-18,2.21964598244205
2022-05-19,2.2151392532200203
2022-05-20,2.197578340251018
2022-05-23,2.209951212439471
2022-05-24,2.1769526070828635
2022-05-25,2.1681823938625757
2022-05-26,2.1775335814427255
2022-05-27,2.2005904243151417
2022-05-31,2.112818384388369
2022-06-01,2.064583242799834
2022-06-02,2.090648371144052
2022-06-03,2.062792839217361
2022-06-06,2.1126769053870413
2022-06-07,2.1244202433458685
2022-06-08,2.138223915114119
2022-06-09,2.1556314239634395
2022-06-10,2.1459408167930416
2022-06-13,2.126739748527757
2022-06-14,2.108282103253702
2022-06-15,2.1113892596050525
2022-06-16,2.149773157117004
2022-06-17,2.113656760802654
2022-06-21,2.043071958996077
2022-06-22,2.0388659038893575
2022-06-23,1.968248766165714
2022-06-24,1.9689649438191121
2022-06-27,1.957542250224416
2022-06-28,1.9966697326205618
2022-06-29,2.0060661038016665
2022-06-30,1.9487403962994692
2022-07-01,1.9104936560712953
2022-07-05,1.846200222633417
2022-07-06,1.8538620552476899
2022-07-07,1.885348666786321
2022-07-08,1.9685072732785436
2022-07-11,1.948405070529724
2022-07-12,1.8562826601798064
2022-07-13,1.8581108630443046
2022-07-14,1.824866449758578
2022-07-15,1.675659407644341
2022-07-18,1.7206867584407937
2022-07-19,1.698063137376046
2022-07-20,1.6879098838870588
2022-07-21,1.6512751939907482
2022-07-22,1.6135400544079097
2022-07-25,1.6507536791446529
2022-07-26,1.7132891555597065
2022-07-27,1.7236343122289632
2022-07-28,1.7682704201821204
2022-07-29,1.7728390590282748
2022-08-01,1.7430053435960533
2022-08-02,1.70026550532196
2022-08-03,1.6883646887722676
2022-08-04,1.7329512508755789
2022-08-05,1.7354818411472244
2022-08-08,1.738497583987122
2022-08-09,1.7725608787648224
2022-08-10,1.7902092200817366
2022-08-11,1.8134331379674427
2022-08-12,1.8054994443950234
2022-08-15,1.7243380614012702
2022-08-16,1.6840024859592924
2022-08-17,1.6792330349578504
2022-08-18,1.667429752348594
2022-08-19,1.6868904052559128
2022-08-22,1.7209221263890417
2022-08-23,1.768875868042961
2022-08-24,1.7809251533271324
2022-08-25,1.7514623521643269
2022-08-26,1.7926178558889805
2022-08-29,1.8053360865954633
2022-08-30,1.7772593561484233
2022-08-31,1.7777744443920966
2022-09-01,1.7258737334189485
2022-09-02,1.7629843764082664
2022-09-06,1.7703661093395628
2022-09-07,1.7768503756600513
2022-09-08,1.7648526553584993
2022-09-09,1.8240856386706588
2022-09-12,1.8517464131138717
2022-09-13,1.8438354538506787
2022-09-14,1.8394697464533736
2022-09-15,1.784443499737537
2022-09-16,1.793308545276758
2022-09-19,1.7787972109324257
2022-09-20,1.8423865493496585
2022-09-21,1.836123475397088
2022-09-22,1.8415213965936343
2022-09-23,1.7976650997853778
2022-09-26,1.7669242869403983
2022-09-27,1.7758879379217247
2022-09-28,1.800205202774516
2022-09-29,1.7954985346190377
2022-09-30,1.7993999305773454
2022-10-03,1.800106468011512
2022-10-04,1.8002700558018057
2022-10-05,1.7944985075874447
2022-10-06,1.766633459103379
2022-10-07,1.7781150107017842
2022-10-10,1.832491450803837
2022-10-11,1.8045139255408613
2022-10-12,1.8004396089306542
2022-10-13,1.8112280337477893
2022-10-14,1.7769789963686191
2022-10-17,1.7730938703038999
2022-10-18,1.7573704554502716
2022-10-19,1.749514432932359
2022-10-20,1.7680725217338222
2022-10-21,1.771022125601388
2022-10-24,1.750354250804864
2022-10-25,1.7558634072846584
2022-10-26,1.7587105664641742
2022-10-27,1.7551713531390956
2022-10-28,1.7497254447190247
2022-10-31,1.803852828219366
2022-11-01,1.8353423203372388
2022-11-02,1.7891371678115013
2022-11-03,1.7726113838743534
2022-11-04,1.7894480806070951
2022-11-07,1.7787106401699109
2022-11-08,1.7604120646635242
2022-11-09,1.748911092723292
2022-11-10,1.7251472593879436
2022-11-11,1.7466993300889646
2022-11-14,1.743899814839047
2022-11-15,1.7654738788809408
2022-11-16,1.745160604128469
2022-11-17,1.7344501282616351
2022-11-18,1.7367264020998472
2022-11-21,1.7300872366940678
2022-11-22,1.7192755509743176
2022-11-23,1.72889251960803
2022-11-25,1.719905376558734
2022-11-28,1.714846355984241
2022-11-29,1.7139133378564977
2022-11-30,1.7248961603584132
2022-12-01,1.689400068059775
2022-12-02,1.6636983131549257
2022-12-05,1.6414668742403793
2022-12-06,1.6374607315602367
2022-12-07,1.6623332795327155
2022-12-08,1.6693251453548117
2022-12-09,1.6619144904913825
2022-12-12,1.6743750993369062
2022-12-13,1.6806212022537064
2022-12-14,1.6770373002574104
2022-12-15,1.7083890929986831
2022-12-16,1.7076328591678402
2022-12-19,1.6914339301411532
2022-12-20,1.703916567844039
2022-12-21,1.7267948134934141
2022-12-22,1.7159945335830353
2022-12-23,1.7356580135626567
2022-12-27,1.7431591643516535
2022-12-28,1.7678040726739699
2022-12-29,1.7572127819006849
2022-12-30,1.773957502669515
2023-01-03,1.7421945039091529
2023-01-04,1.7015479722808708
2023-01-05,1.6972058560161771
2023-01-06,1.7091091710539876
2023-01-09,1.7072440512358324
2023-01-10,1.7035451959146577
2023-01-11,1.713264894128473
2023-01-12,1.7338572523402027
2023-01-13,1.7413831740068781
2023-01-17,1.756976758404184
2023-01-18,1.7405449867096892
2023-01-19,1.7271724833225401
2023-01-20,1.7286390063186021
2023-01-23,1.6971415586518133
2023-01-24,1.7169259101697583
2023-01-25,1.7256358135171872
2023-01-26,1.7490101300814127
2023-01-27,1.7421283446564242
2023-01-30,1.7545648926571102
2023-01-31,1.758946935915818
2023-02-01,1.7520751484762576
2023-02-02,1.7534373203592803
2023-02-03,1.7512518894147304
2023-02-06,1.7434141850161655
2023-02-07,1.7364488964257399
2023-02-08,1.7535666686795062
2023-02-09,1.7409442132209065
2023-02-10,1.7801929144657542
2023-02-13,1.7887331460871276
2023-02-14,1.7797903879849712
2023-02-15,1.7573617624865776
2023-02-16,1.7541905426497404
2023-02-17,1.7563729385481601
2023-02-21,1.7553423619863413
2023-02-22,1.7353186421796671
2023-02-23,1.7228380353709318
2023-02-24,1.688408748458703
2023-02-27,1.6684248776812913
2023-02-28,1.6431671795247127
2023-03-01,1.6621329645606315
2023-03-02,1.6688102166632794
2023-03-03,1.6748656387278975
2023-03-06,1.6673157681417505
2023-03-07,1.6612863100408024
2023-03-08,1.6470329529857646
2023-03-09,1.6135586157234036
2023-03-10,1.6269040982451315
2023-03-13,1.6268966176458672
2023-03-14,1.640839741287942
2023-03-15,1.6489404236039598
2023-03-16,1.6522888840919083
2023-03-17,1.6570201457082387
2023-03-20,1.6518489336575684
2023-03-21,1.6283904745016113
2023-03-22,1.608707675788004
2023-03-23,1.5952227366412515
2023-03-24,1.6291015946045755
2023-03-27,1.6463466485915108
2023-03-28,1.6565230009007765
2023-03-29,1.666814411330731
2023-03-30,1.6550231931471602
2023-03-31,1.6758969121253662
2023-04-03,1.6806699829267278
2023-04-04,1.6739891831769271
2023-04-05,1.6630565810990503
2023-04-06,1.6431272576176201
2023-04-10,1.6525158917850162
2023-04-11,1.6500110562811512
2023-04-12,1.6612929633787845
2023-04-13,1.646703176802713
2023-04-14,1.6709639403839005
2023-04-17,1.6970707681613542
2023-04-18,1.6999641955886078
2023-04-19,1.6775809399788988
2023-04-20,1.6556563761224339
2023-04-21,1.6451091016288082
2023-04-24,1.613285106687836
2023-04-25,1.5980459353801826
2023-04-26,1.580904766570562
2023-04-27,1.5550574510475952
2023-04-28,1.5730666643254068
2023-05-01,1.5660434406859542
2023-05-02,1.552195749881833
2023-05-03,1.587534687425075
2023-05-04,1.5931692419616927
2023-05-05,1.6192364952775327
2023-05-08,1.6167963939839514
2023-05-09,1.590018332108594
2023-05-10,1.5852091729772775
2023-05-11,1.5651556708328394
2023-05-12,1.5714297327911926
2023-05-15,1.5535926975836165
2023-05-16,1.5197803383996353
2023-05-17,1.475291859364904
2023-05-18,1.4575825641674371
2023-05-19,1.4420499724314946
2023-05-22,1.469741589470797
2023-05-23,1.4811963853521537
2023-05-24,1.4773521615280376
2023-05-25,1.478465666154387
2023-05-26,1.5040139732430107
2023-05-30,1.460014831884775
2023-05-31,1.4639073990646445
2023-06-01,1.4872655191909727
2023-06-02,1.5163176510350873
2023-06-05,1.5098270710429735
2023-06-06,1.522876076336796
2023-06-07,1.513595537961694
2023-06-08,1.52728046363114
2023-06-09,1.53411617094932
2023-06-12,1.5427609105550952
2023-06-13,1.5506657217031936
2023-06-14,1.537718903831907
2023-06-15,1.5908915490609499
2023-06-16,1.640772932403129
2023-06-20,1.6539280164757546
2023-06-21,1.7218429860883355
2023-06-22,1.7109062208320989
2023-06-23,1.6781992993378068
2023-06-26,1.6868804539729285
2023-06-27,1.6339862174288409
2023-06-28,1.5657690098834436
2023-06-29,1.5669384598317386
2023-06-30,1.5545487545342724
2023-07-03,1.5523414295145652
2023-07-05,1.5659365432504757
2023-07-06,1.5639931552616817
2023-07-07,1.5384075147385279
2023-07-10,1.5528641759406963
2023-07-11,1.5687932176556127
2023-07-12,1.5148464434191269
2023-07-13,1.5694369036254079
2023-07-14,1.5787635645372273
2023-07-17,1.4906065003916131
2023-07-18,1.5352122023451302
2023-07-19,1.5938295002589045
2023-07-20,1.586447828536491
2023-07-21,1.5567550808734731
2023-07-24,1.6414145002561848
2023-07-25,1.6376742952460712
2023-07-26,1.6021780598590487
2023-07-27,1.584956706417238
2023-07-28,1.5508720199902915
2023-07-31,1.4913746479839858
2023-08-01,1.4746754191566944
2023-08-02,1.4510060695136826
2023-08-03,1.4333628506770142
2023-08-04,1.446511740476143
2023-08-07,1.4528878785194
2023-08-08,1.4607677529893097
2023-08-09,1.4406058367714094
2023-08-10,1.4383374696482938
2023-08-11,1.4177201554823098
2023-08-14,1.4073560953013486
2023-08-15,1.3595122692824066
2023-08-16,1.3682332987751331
2023-08-17,1.36596687061544
2023-08-18,1.3993378191132009
2023-08-21,1.3810818432727858
2023-08-22,1.3740516281042352
2023-08-23,1.3944893973826176
2023-08-24,1.3862295641820428
2023-08-25,1.3816001448126267
2023-08-28,1.3897783815974805
2023-08-29,1.3622320998767732
2023-08-30,1.3599743524050485
2023-08-31,1.349294045917316
2023-09-01,1.3473594018087982
2023-09-05,1.354912453745172
2023-09-06,1.3658425559820864
2023-09-07,1.3525439972370166
2023-09-08,1.3485305253230304
2023-09-11,1.3431657063585922
2023-09-12,1.3320334109852598
2023-09-13,1.341077945335401
2023-09-14,1.341036130164395
2023-09-15,1.3816168035428604
2023-09-18,1.3590241616357688
2023-09-19,1.3575463969779273
2023-09-20,1.3684664292525104
2023-09-21,1.34269466614714
2023-09-22,1.3483557792864667
2023-09-25,1.3599850792730024
2023-09-26,1.3603131782380686
2023-09-27,1.3564156676148036
2023-09-28,1.3597646969568924
2023-09-29,1.3105137074229896
2023-10-02,1.3407663070924125
2023-10-03,1.3410897718898285
2023-10-04,1.333089635858181
2023-10-05,1.360711793972571
2023-10-06,1.3426244024670677
2023-10-09,1.3421113714465824
2023-10-10,1.3309182412211285
2023-10-11,1.3245425107776048
2023-10-12,1.3572848218894937
2023-10-13,1.357821446375438
2023-10-16,1.354992595047572
2023-10-17,1.3524317989888839
2023-10-18,1.3678425201368316
2023-10-19,1.3921883991219008
2023-10-20,1.3725252169462012
2023-10-23,1.3631805689055787
2023-10-24,1.3551130082292138
2023-10-25,1.3395710025379375
2023-10-26,1.3443955596481743
2023-10-27,1.348873488140125
2023-10-30,1.3340730054141146
2023-10-31,1.3282940828070569
2023-11-01,1.330630458798752
2023-11-02,1.333248605859064
2023-11-03,1.3536106769117506
2023-11-06,1.360579801557751
2023-11-07,1.3506533527581974
2023-11-08,1.3751490589297912
2023-11-09,1.3513222031310055
2023-11-10,1.3451302145587083
2023-11-13,1.372393496709949
2023-11-14,1.368044313611166
2023-11-15,1.3570015957636203
2023-11-16,1.347024711685432
2023-11-17,1.3308451292163326
2023-11-20,1.3361938782773175
2023-11-21,1.3493035388468475
2023-11-22,1.3419056107584735
2023-11-24,1.3225251229294823
2023-11-27,1.3030950320491217
2023-11-28,1.3123900008323919
2023-11-29,1.3206253772854801
2023-11-30,1.3421392330636797
2023-12-01,1.3441082763801269
2023-12-04,1.34793774903103
2023-12-05,1.37438851885847
2023-12-06,1.3635221504318904
2023-12-07,1.3802026261145868
2023-12-08,1.3669217133695897
2023-12-11,1.3549113083683926
2023-12-12,1.3646163982529511
2023-12-13,1.336992621983213
2023-12-14,1.3458456054859889
2023-12-15,1.3983729998968342
2023-12-18,1.3873944110797531
2023-12-19,1.382472965309834
2023-12-20,1.3685822648100388
2023-12-21,1.3692591353421826
2023-12-22,1.373412782400123
2023-12-26,1.3999826220095273
2023-12-27,1.3877989191490796
2023-12-28,1.3878203481562408
2023-12-29,1.3781640977914837
2024-01-02,1.3483298954775929
2024-01-03,1.3433593546823692
2024-01-04,1.3517103589055657
2024-01-05,1.3435840900084908
2024-01-08,1.3198884403243887
2024-01-09,1.3348025469163365
2024-01-10,1.3310037919756335
2024-01-11,1.325111324298384
2024-01-12,1.2999065632404951
2024-01-16,1.2938730544395523
2024-01-17,1.2854310887594478
2024-01-18,1.292086737580065
2024-01-19,1.2991332665607989
2024-01-22,1.3056669854891492
2024-01-23,1.311800925007924
2024-01-24,1.3280840093544661
2024-01-25,1.3224916014793398
2024-01-26,1.3035187524849243
2024-01-29,1.2874001774556616
2024-01-30,1.312189552390109
2024-01-31,1.3064767981201713
2024-02-01,1.303234002149509
2024-02-02,1.292263634013698
2024-02-05,1.2881920783405705
2024-02-06,1.2889020107086397
2024-02-07,1.2857242731868488
2024-02-08,1.2766669216747444
2024-02-09,1.2748168037390277
2024-02-12,1.2802426417517674
2024-02-13,1.2780708385236808
2024-02-14,1.2574242784977812
2024-02-15,1.23473798684321
2024-02-16,1.2322875858464615
2024-02-20,1.2530221680986633
2024-02-21,1.23913951350965
2024-02-22,1.2294696511278465
2024-02-23,1.211041577303674
2024-02-26,1.2220454154328133
2024-02-27,1.2277292022401673
2024-02-28,1.2231013918255351
2024-02-29,1.228112961438879
2024-03-01,1.2174190481837885
2024-03-04,1.2265343762043253
2024-03-05,1.207429263422125
2024-03-06,1.1932073747895815
2024-03-07,1.2062366807917075
2024-03-08,1.2157806774237103
2024-03-11,1.223983905594962
2024-03-12,1.229098060399588
2024-03-13,1.2241328641862859
2024-03-14,1.2101295289708602
2024-03-15,1.2366597703089197
2024-03-18,1.2433085079219905
2024-03-19,1.2532547482692098
2024-03-20,1.2554442071026377
2024-03-21,1.2593207601972085
2024-03-22,1.2571804194940643
2024-03-25,1.261789367060532
2024-03-26,1.2444479400109432
2024-03-27,1.2396920011821606
2024-03-28,1.2635948458679038
2024-04-01,1.2529121322667545
2024-04-02,1.2313156165478434
2024-04-03,1.2473278105626961
2024-04-04,1.2500826349729053
2024-04-05,1.259078127108095
2024-04-08,1.2579322980785692
2024-04-09,1.245419576647346
2024-04-10,1.2453947384837054
2024-04-11,1.233151148790849
2024-04-12,1.2480121151533847
2024-04-15,1.2354265650309222
2024-04-16,1.228733739576874
2024-04-17,1.2200468242148101
2024-04-18,1.211136917343918
2024-04-19,1.2334466715511752
2024-04-22,1.257987249555022
2024-04-23,1.2742283964806906
2024-04-24,1.2754613614989891
2024-04-25,1.2829479411413587
2024-04-26,1.2814904440529236
2024-04-29,1.2719516551299004
2024-04-30,1.2628305074611452
2024-05-01,1.267639919470097
2024-05-02,1.292090468871244
2024-05-03,1.3056893990192189
2024-05-06,1.3461800278422182
2024-05-07,1.3367464166564011
2024-05-08,1.3153510827832953
2024-05-09,1.3080267596008404
2024-05-10,1.3434901862042135
2024-05-13,1.3631895383385535
2024-05-14,1.3470245643586816
2024-05-15,1.3670865681625626
2024-05-16,1.3609658339476034
2024-05-17,1.3525812026753572
2024-05-20,1.3936179429373659
2024-05-21,1.392559574291555
2024-05-22,1.3965828793090607
2024-05-23,1.4000790666538043
2024-05-24,1.403619159079772
2024-05-28,1.3963884498353671
2024-05-29,1.3782357490795418
2024-05-30,1.362252206808759
2024-05-31,1.356272100322486
2024-06-03,1.3419487102058438
2024-06-04,1.3291717470913105
2024-06-05,1.3174902833375859
2024-06-06,1.3336090333915345
2024-06-07,1.3143664882587662
2024-06-10,1.3064492408391724
2024-06-11,1.3139347720337125
2024-06-12,1.3115697304025757
2024-06-13,1.3223312980966044
2024-06-14,1.3053803129133406
2024-06-17,1.2760795638600897
2024-06-18,1.2810801947643582
2024-06-20,1.257739671930935
2024-06-21,1.2468183139568614
2024-06-24,1.243919664369079
2024-06-25,1.2239555160046252
2024-06-26,1.2181094188976342
2024-06-27,1.2219911500052267
2024-06-28,1.200414326868598
2024-07-01,1.2158639378336356
2024-07-02,1.216024612048308
2024-07-03,1.216430943151893
2024-07-05,1.241286650646336
2024-07-08,1.206731528921606
2024-07-09,1.2077967895280393
2024-07-10,1.1958958451444364
2024-07-11,1.207730265600434
2024-07-12,1.186289558300157
2024-07-15,1.1529972082850397
2024-07-16,1.1613255585244833
2024-07-17,1.1721091524235494
2024-07-18,1.1629975895971036
2024-07-19,1.1672143152749044
2024-07-22,1.1879385553982802
2024-07-23,1.1862590396599118
2024-07-24,1.1882644170441343
2024-07-25,1.1854921096760838
2024-07-26,1.1501878514278174
2024-07-29,1.1491575167011134
2024-07-30,1.126854210244159
2024-07-31,1.1237951323217288
2024-08-01,1.1240451317658269
2024-08-02,1.1360431614070077
2024-08-05,1.1460584261864908
2024-08-06,1.1409499571482549
2024-08-07,1.1290141556840925
2024-08-08,1.1206786337520327
2024-08-09,1.1283846201005479
2024-08-12,1.1249158303200057
2024-08-13,1.105415373869726
2024-08-14,1.1092739112774654
2024-08-15,1.0882657821285118
2024-08-16,1.08022227703758
2024-08-19,1.092972839800198
2024-08-20,1.093712232064093
2024-08-21,1.0872231575740408
2024-08-22,1.0690631366769037
2024-08-23,1.0633550806066328
2024-08-26,1.0576463218213272
2024-08-27,1.0728487688958745
2024-08-28,1.071751251767492
2024-08-29,1.0912586581340151
2024-08-30,1.1058189653409827
2024-09-03,1.1330168364532927
2024-09-04,1.1493747408934325
2024-09-05,1.146851054781229
2024-09-06,1.1282371833999645
2024-09-09,1.1343343888924666
2024-09-10,1.1232863450088817
2024-09-11,1.1284802119658826
2024-09-12,1.1381469021161275
2024-09-13,1.1462672832959677
2024-09-16,1.1773856659110427
2024-09-17,1.1777697946401202
2024-09-18,1.1811220570434176
2024-09-19,1.1671079716644477
2024-09-20,1.1648340957514973
2024-09-23,1.19620499330227
2024-09-24,1.1925764674929706
2024-09-25,1.2078750728311602
2024-09-26,1.1978319409304938
2024-09-27,1.2089128417161084
2024-09-30,1.214830049832979
2024-10-01,1.2293127561257196
2024-10-02,1.243203820670107
2024-10-03,1.2272806743650087
2024-10-04,1.211359766364386
2024-10-07,1.2129641063227168
2024-10-08,1.2025269827419542
2024-10-09,1.2072029626347132
2024-10-10,1.20581035028188
2024-10-11,1.1963424241625684
2024-10-14,1.1762079309116555
2024-10-15,1.1636503346900096
2024-10-16,1.1663566909612966
2024-10-17,1.1747381546208557
2024-10-18,1.1542051697651858
2024-10-21,1.1627277126444666
2024-10-22,1.1761291612932077
2024-10-23,1.1824566160147625
2024-10-24,1.1863522624842684
2024-10-25,1.1685970006870368
2024-10-28,1.151931020843082
2024-10-29,1.159274475891396
2024-10-30,1.1635110232937225
2024-10-31,1.1633142428247971
2024-11-01,1.1651368247491136
2024-11-04,1.16939968172622
2024-11-05,1.1764075877916846
2024-11-06,1.184439456427497
2024-11-07,1.1926670264985884
2024-11-08,1.1971009242525166
2024-11-11,1.1893231652050982
2024-11-12,1.1753749425880957
2024-11-13,1.1658101506118261
2024-11-14,1.1440955085332305
2024-11-15,1.158074065902453
2024-11-18,1.174929380537077
2024-11-19,1.1705058221493652
2024-11-20,1.1720451239983576
2024-11-21,1.1611823196757554
2024-11-22,1.1591311423264727
2024-11-25,1.1532653302657219
2024-11-26,1.150747799918894
2024-11-27,1.1476466056179349
2024-11-29,1.150621268368436
2024-12-02,1.1540979092457604
2024-12-03,1.1549562367161685
2024-12-04,1.1515998757791388
2024-12-05,1.1658341562265975
2024-12-06,1.1666551669069096
2024-12-09,1.1672110665092805
2024-12-10,1.175424758991253
2024-12-11,1.174573215454127
2024-12-12,1.1656417659617442
2024-12-13,1.1522666794453187
2024-12-16,1.180102819865127
2024-12-17,1.1730944158592247
2024-12-18,1.1548493201715555
2024-12-19,1.1565304128448823
2024-12-20,1.1659257103488552
2024-12-23,1.1706708939994523
2024-12-24,1.1694585998308475
2024-12-26,1.1836738902232304
2024-12-27,1.1846747997722558
2024-12-30,1.1852174034110248
2024-12-31,1.1995449053923486
2025-01-02,1.1967289713041773
2025-01-03,1.169670818834317
2025-01-06,1.1885751359675674
2025-01-07,1.1901560119096373
2025-01-08,1.180217018555598
2025-01-09,1.18218157896417
2025-01-10,1.2006034304104758
2025-01-13,1.227480719454154
2025-01-14,1.2272859914039032
2025-01-15,1.2314039886108068
2025-01-16,1.2112619511962526
2025-01-17,1.2264060072412144
2025-01-21,1.2595102666348303
2025-01-22,1.2465878493895088
2025-01-23,1.255030672195547
2025-01-24,1.2408598433201674
2025-01-27,1.2263545685857287
2025-01-28,1.2365194582635535
2025-01-29,1.265624815208502
2025-01-30,1.2562646049314032
2025-01-31,1.2432164119877749
2025-02-03,1.2608516104156506
2025-02-04,1.28004521298926
2025-02-05,1.2682875994966298
2025-02-06,1.2827766627565584
2025-02-07,1.2680067547822242
2025-02-10,1.2690973009908966
2025-02-11,1.2583834409031454
2025-02-12,1.2553856188283405
2025-02-13,1.2616238701123212
2025-02-14,1.2824653120856944
2025-02-18,1.2918253928966466
2025-02-19,1.276061312031681
2025-02-20,1.277424413148032
2025-02-21,1.2724326614159092
2025-02-24,1.2526763285013127
2025-02-25,1.24668423121393
2025-02-26,1.2377594276304027
2025-02-27,1.211251547184497
2025-02-28,1.1898191103605182
2025-03-03,1.1692980460634934
2025-03-04,1.1500548880036061
2025-03-05,1.1681864200461158
2025-03-06,1.1872871413086123
2025-03-07,1.188449373113192
2025-03-10,1.1958118151672377
2025-03-11,1.1899490862149107
2025-03-12,1.1774742047917959
2025-03-13,1.1914931613194621
2025-03-14,1.1843507023225317
2025-03-17,1.2208966237537306
2025-03-18,1.2153015291109497
2025-03-19,1.2152804015679828
2025-03-20,1.2187629418552084
2025-03-21,1.2140594507194737
2025-03-24,1.2059861778890546
2025-03-25,1.19427479052971
2025-03-26,1.1824363572033374
2025-03-27,1.185098807391246
2025-03-28,1.1875705962171075
2025-03-31,1.194366110377863
2025-04-01,1.208512544194382
2025-04-02,1.2022369490455058
2025-04-03,1.1925658726521933
2025-04-04,1.1760428061280954
2025-04-07,1.1876216503367236
2025-04-08,1.1979645080467287
2025-04-09,1.211904793979668
2025-04-10,1.2228036106397755
2025-04-11,1.2477690510540935
2025-04-14,1.2367205456191
2025-04-15,1.2271143839844396
2025-04-16,1.2350829776730416
2025-04-17,1.2332386978869279
2025-04-21,1.2223241132383293
2025-04-22,1.2171235323701457
2025-04-23,1.2104537353686964
2025-04-24,1.220637881137415
2025-04-25,1.2212332833247674
2025-04-28,1.2081107875129442
2025-04-29,1.183533450986364
2025-04-30,1.1925478728908785
2025-05-01,1.193835066138982
2025-05-02,1.2031248439796354
2025-05-05,1.1768094785322771
2025-05-06,1.1800680792361247
2025-05-07,1.1719629991011247
2025-05-08,1.1687647241003791
2025-05-09,1.1679544549083
2025-05-12,1.1699325487762564
2025-05-13,1.1685563203824734
2025-05-14,1.17630858100337
2025-05-15,1.1975833706925216
2025-05-16,1.1868318545047372
2025-05-19,1.1936889001679134
2025-05-20,1.2134635974378158
2025-05-21,1.2253941995036075
2025-05-22,1.2254361985924196
2025-05-23,1.218072014119836
2025-05-27,1.2083560867554566
2025-05-28,1.1968792468642795
2025-05-29,1.1973714141129754
2025-05-30,1.1908883062346147
2025-06-02,1.186266252819859
2025-06-03,1.1870492036770892
2025-06-04,1.194225032548274
2025-06-05,1.199123286905307
2025-06-06,1.2107037249876675
2025-06-09,1.1926853576511154
2025-06-10,1.1925897609602685
2025-06-11,1.1880894156078547
2025-06-12,1.1805609426232457
2025-06-13,1.2091854020688066
2025-06-16,1.1949204380293295
2025-06-17,1.2027100148574688
2025-06-18,1.2230408752937914
2025-06-20,1.211395515415945
2025-06-23,1.1882473853004312
2025-06-24,1.168678130871078
2025-06-25,1.1496026153906975
2025-06-26,1.1426910466295548
2025-06-27,1.154712648105226
2025-06-30,1.1590866480936803
2025-07-01,1.1649921505925556
2025-07-02,1.1968383665654145
2025-07-03,1.195139007797246
2025-07-07,1.1675879085110183
2025-07-08,1.1605334431496637
2025-07-09,1.1572103488164092
2025-07-10,1.157658622193196
2025-07-11,1.1437213135629334
2025-07-14,1.1453800589594376
2025-07-15,1.1367071348484692
2025-07-16,1.1498027614156623
2025-07-17,1.144216135925644
2025-07-18,1.1618019938414317
2025-07-21,1.1496557914822896
2025-07-22,1.1486532496745436
2025-07-23,1.139934262144069
2025-07-24,1.1431604242943612
2025-07-25,1.1366523570264413
2025-07-28,1.1275592593372363
2025-07-29,1.1144877114136582
2025-07-30,1.1073218230674398
2025-07-31,1.1067877320011215
2025-08-01,1.097973435300975
2025-08-04,1.0983654444407907
2025-08-05,1.087110492803005
2025-08-06,1.0828154940596786
2025-08-07,1.098091475432775
2025-08-08,1.0918928909969783
2025-08-11,1.1029005951023119
2025-08-12,1.0908112000120442
2025-08-13,1.0990959823123903
2025-08-14,1.0919698995401252
2025-08-15,1.1075672475061877
2025-08-18,1.1035665613104084
2025-08-19,1.0943021389549819
2025-08-20,1.1006064449344786
2025-08-21,1.1157110789399418
2025-08-22,1.1157343867685963
2025-08-25,1.1141948150745475
2025-08-26,1.1157075359580657
2025-08-27,1.1050560254911805
2025-08-28,1.1141504072164723
2025-08-29,1.1348472527495261
2025-09-02,1.1318696919741482
2025-09-03,1.1167430618069671
2025-09-04,1.115847287751553
2025-09-05,1.1122009258974799
2025-09-08,1.121824976690248
2025-09-09,1.1159440360323802
2025-09-10,1.105754830528581
2025-09-11,1.116896881469187
2025-09-12,1.1207341033520386
2025-09-15,1.1657907585566185
2025-09-16,1.180787883909034
2025-09-17,1.1717769750140494
2025-09-18,1.1637343955702337
2025-09-19,1.158166656245093
2025-09-22,1.1419488708265935
2025-09-23,1.1536223591336656
2025-09-24,1.1499385723267006
2025-09-25,1.1580468718779107
2025-09-26,1.1498849523998664
2025-09-29,1.1480168653409046
2025-09-30,1.1307670612604341
2025-10-01,1.1368249982394274
2025-10-02,1.1497151101858407
2025-10-03,1.1454295576591098
2025-10-06,1.1459765808193902
2025-10-07,1.1412660670134194
2025-10-08,1.1464683535958746
2025-10-09,1.1398104251440966
2025-10-10,1.1232783874787162
2025-10-13,1.1202919198030237
2025-10-14,1.1244981918006025
2025-10-15,1.1267629309888385
2025-10-16,1.13567331472058
2025-10-17,1.1405599552200802
2025-10-20,1.1465448361447073
2025-10-21,1.139599282742705
2025-10-22,1.1466707627654815
2025-10-23,1.1618934140575299
2025-10-24,1.156094230676537
2025-10-27,1.1806662048341812
2025-10-28,1.1899482662688816
2025-10-29,1.1949553469783627
2025-10-30,1.18951423502156
2025-10-31,1.2011035795682428
2025-11-03,1.2180410759727778
2025-11-04,1.2162830349074494
2025-11-05,1.227328556910723
2025-11-06,1.1967517052088885
2025-11-07,1.1931807630684312
2025-11-10,1.2066719163953397
2025-11-11,1.2079682850660545
2025-11-12,1.2136131180907592
2025-11-13,1.223361729146011
2025-11-14,1.1995549360340194
2025-11-17,1.2325281811020403
2025-11-18,1.2347774177893724
2025-11-19,1.2146814436052324
2025-11-20,1.199353256921237
2025-11-21,1.1993041948232253
2025-11-24,1.1934291672505715
2025-11-25,1.1975227894391884
2025-11-26,1.2089898205831373
2025-11-28,1.2162372305005975
2025-12-01,1.2096249510651225
2025-12-02,1.2190231760442465
2025-12-03,1.2097189678268496
2025-12-04,1.2193385130250225
2025-12-05,1.2105955894008165
2025-12-08,1.2047988674093457
2025-12-09,1.206715245318746
2025-12-10,1.1989361326595627
2025-12-11,1.2026618762012933
2025-12-12,1.1930434169667645
2025-12-15,1.1883690295713436
2025-12-16,1.1735320870535246
2025-12-17,1.1729374713506064
2025-12-18,1.175408055126052
2025-12-19,1.1751680571503003
2025-12-22,1.1839435763556505
2025-12-23,1.1848755520440248
2025-12-24,1.1960056988508996
2025-12-26,1.1913322092803553
2025-12-29,1.1764252442903487
2025-12-30,1.1719390845966278
2025-12-31,1.162947810546808
2026-01-02,1.1597643051170454
2026-01-05,1.1771915066880927
2026-01-06,1.1732500926895393
2026-01-07,1.1854456363919585
2026-01-08,1.1826209060576358
2026-01-09,1.1823930836934173
2026-01-12,1.150320499254537
2026-01-13,1.1445405577690009
2026-01-14,1.15078243471695
2026-01-15,1.1559855319840717
2026-01-16,1.1675007792921075
2026-01-20,1.1589965698208646
2026-01-21,1.1594677720734219
2026-01-22,1.1672230001536683
2026-01-23,1.1850718592371212
2026-01-26,1.175557195334759
2026-01-27,1.1765397303205603
2026-01-28,1.192126535975924
2026-01-29,1.195863799459907
2026-01-30,1.1879993984709853
2026-02-02,1.1766270958471934
2026-02-03,1.1819360196090853
2026-02-04,1.191072983760325
2026-02-05,1.2098306082895407
2026-02-06,1.2023469631504635
2026-02-09,1.1985755029698215
2026-02-10,1.2024077907583564
2026-02-11,1.2085595936528317
2026-02-12,1.2282333834136538
2026-02-13,1.2243926535856542
2026-02-17,1.2113260971926991
2026-02-18,1.2187670209142316
2026-02-19,1.2294812670170092
2026-02-20,1.240077328254931
2026-02-23,1.2360081388542896
2026-02-24,1.2367023609656171
2026-02-25,1.2412326078053109
2026-02-26,1.2480705458262311
2026-02-27,1.2709065254587206
2026-03-02,1.2508846608328026
2026-03-03,1.252290143098963
2026-03-04,1.2454158526207988
2026-03-05,1.2697922733000557
2026-03-06,1.3033369282437397
2026-03-09,1.2829907629068522
2026-03-10,1.2746503461860337
2026-03-11,1.289893362691975
2026-03-12,1.300979664492952
2026-03-13,1.3233536784899194
2026-03-16,1.2890540118903162
2026-03-17,1.284283311377489
2026-03-18,1.3052389987565747
2026-03-19,1.316562498419728
2026-03-20,1.3006388558265423
2026-03-23,1.2903968644202954
2026-03-24,1.291686229593251
2026-03-25,1.3080060046519713
2026-03-26,1.3137853221014866
2026-03-27,1.3036667939055755
2026-03-30,1.2993765813809375
2026-03-31,1.3120664950159944
2026-04-01,1.2943815268125463
2026-04-02,1.2911727215101692
2026-04-06,1.2918719665133735
2026-04-07,1.2859529033746648
2026-04-08,1.2728161021100741
2026-04-09,1.2666962658522587
2026-04-10,1.2650422015777105
2026-04-13,1.2676847258104524
2026-04-14,1.2758113148307522
2026-04-15,1.2882664099781342
2026-04-16,1.2878656230046306
2026-04-17,1.2841673329616972
2026-04-20,1.2908660592667742
2026-04-21,1.301517853702696
2026-04-22,1.2941638840091845
2026-04-23,1.3018087853290492
2026-04-24,1.3010466080100993
2026-04-27,1.3209919691096375
2026-04-28,1.3429241450214435
2026-04-29,1.3429612446735193
2026-04-30,1.3281820193901552
2026-05-01,1.3341977624644494
2026-05-04,1.3503690773478045
2026-05-05,1.328840442938045
2026-05-06,1.3029369930804022
2026-05-07,1.29914848823716
2026-05-08,1.3129753981790167
2026-05-11,1.329889186165627
2026-05-12,1.3712354447477202
2026-05-13,1.3711598664860323
2026-05-14,1.3287607900115268
2026-05-15,1.3260857912466175
2026-05-18,1.3801718769203155
2026-05-19,1.379052009967517
2026-05-20,1.3614883621843845
2026-05-21,1.3470356805091583
2026-05-22,1.3479838252654095
2026-05-26,1.330982155135479
2026-05-27,1.3167331004346423
2026-05-28,1.3243646877089308
2026-05-29,1.3032016124237136
