Date,ZC=F,ZS=F,ZW=F
2018-01-02,353.25,955.0,433.5
2018-01-03,353.0,959.75,436.0
2018-01-04,351.0,959.25,434.0
2018-01-05,351.25,961.5,430.75
2018-01-08,347.25,958.25,427.75
2018-01-09,349.0,955.75,432.25
2018-01-10,349.0,947.0,434.25
2018-01-11,348.75,940.5,433.25
2018-01-12,346.25,944.0,420.5
2018-01-16,348.25,968.0,416.5
2018-01-17,353.0,968.75,421.5
2018-01-18,351.5,973.0,425.25
2018-01-19,352.5,977.25,422.75
2018-01-22,352.0,984.25,425.75
2018-01-23,351.25,986.25,421.5
2018-01-24,356.5,992.25,433.0
2018-01-25,355.25,992.25,434.5
2018-01-26,356.5,985.5,441.0
2018-01-29,358.75,991.5,449.25
2018-01-30,361.5,1000.25,457.25
2018-01-31,361.5,995.75,451.75
2018-02-01,361.75,985.0,451.0
2018-02-02,361.5,978.75,446.75
2018-02-05,358.75,969.75,440.25
2018-02-06,363.5,986.25,446.25
2018-02-07,365.25,983.0,460.5
2018-02-08,365.75,987.75,456.25
2018-02-09,362.0,983.0,449.0
2018-02-12,367.0,1001.75,464.0
2018-02-13,366.75,1011.75,460.75
2018-02-14,367.25,1017.25,455.75
2018-02-15,367.75,1024.25,461.75
2018-02-16,367.5,1021.5,457.75
2018-02-20,365.5,1026.5,449.25
2018-02-21,365.75,1034.25,447.25
2018-02-22,366.75,1032.0,451.25
2018-02-23,366.25,1036.25,452.25
2018-02-26,368.5,1034.25,459.5
2018-02-27,370.5,1038.0,463.25
2018-02-28,374.5,1045.0,484.5
2018-03-01,378.75,1057.5,505.5
2018-03-02,377.25,1060.75,492.0
2018-03-05,378.25,1066.75,502.25
2018-03-06,379.75,1064.5,502.0
2018-03-07,379.25,1055.0,493.0
2018-03-08,385.75,1053.75,494.75
2018-03-09,383.0,1029.25,489.0
2018-03-12,384.25,1033.25,489.75
2018-03-13,385.5,1040.5,485.5
2018-03-14,383.5,1028.5,495.75
2018-03-15,386.75,1040.75,478.75
2018-03-16,382.75,1049.5,467.75
2018-03-19,375.0,1022.5,450.75
2018-03-20,374.5,1028.25,453.0
2018-03-21,375.0,1029.75,453.5
2018-03-22,376.0,1029.75,455.75
2018-03-23,377.25,1028.25,460.25
2018-03-26,374.0,1025.5,454.25
2018-03-27,374.0,1019.5,449.0
2018-03-28,373.5,1018.0,445.5
2018-03-29,387.75,1044.75,451.0
2018-04-02,387.25,1035.5,446.25
2018-04-03,388.5,1038.0,457.5
2018-04-04,381.0,1015.25,455.75
2018-04-05,389.5,1031.25,464.75
2018-04-06,388.5,1033.75,472.25
2018-04-09,390.75,1047.0,490.75
2018-04-10,389.25,1050.0,492.0
2018-04-11,387.0,1047.75,487.25
2018-04-12,388.75,1060.75,481.0
2018-04-13,386.25,1054.25,472.5
2018-04-16,382.5,1042.0,462.25
2018-04-17,380.25,1046.0,466.25
2018-04-18,383.0,1041.75,475.25
2018-04-19,382.0,1037.25,476.75
2018-04-20,376.5,1028.75,463.25
2018-04-23,378.5,1020.75,461.5
2018-04-24,381.25,1022.25,472.5
2018-04-25,386.5,1027.5,486.25
2018-04-26,386.0,1028.0,480.75
2018-04-27,389.5,1045.0,495.5
2018-04-30,392.5,1037.75,512.5
2018-05-01,396.75,1042.5,529.75
2018-05-02,396.0,1032.75,525.75
2018-05-03,399.5,1043.25,540.5
2018-05-04,398.75,1027.25,527.5
2018-05-07,393.25,1002.25,514.0
2018-05-08,395.5,1011.25,517.75
2018-05-09,394.75,1007.25,514.5
2018-05-10,394.75,1013.25,507.75
2018-05-11,389.75,994.75,489.5
2018-05-14,389.0,1013.0,480.5
2018-05-15,402.25,1018.75,493.5
2018-05-16,399.25,999.75,494.25
2018-05-17,395.25,995.0,497.5
2018-05-18,402.5,998.5,518.25
2018-05-21,402.75,1025.25,507.25
2018-05-22,404.75,1030.5,521.5
2018-05-23,408.5,1039.25,531.0
2018-05-24,404.25,1035.75,530.25
2018-05-25,406.0,1041.5,543.0
2018-05-29,400.0,1030.5,536.5
2018-05-30,393.5,1023.0,522.0
2018-05-31,394.0,1018.5,526.25
2018-06-01,391.5,1021.25,523.25
2018-06-04,380.75,1001.75,505.25
2018-06-05,383.75,1001.25,510.0
2018-06-06,378.25,994.25,519.75
2018-06-07,376.25,974.25,526.75
2018-06-08,377.75,969.25,520.0
2018-06-11,367.25,953.75,514.5
2018-06-12,377.5,954.0,534.5
2018-06-13,376.0,936.0,516.5
2018-06-14,363.0,927.25,501.5
2018-06-15,361.25,905.5,499.5
2018-06-18,356.0,908.5,490.0
2018-06-19,353.75,889.0,477.75
2018-06-20,354.25,889.5,488.25
2018-06-21,357.0,880.5,495.25
2018-06-22,357.25,894.5,491.25
2018-06-25,350.5,874.5,476.75
2018-06-26,352.5,867.25,469.5
2018-06-27,352.5,867.5,479.5
2018-06-28,345.0,861.25,479.5
2018-06-29,350.25,858.5,497.5
2018-07-02,337.5,848.5,480.25
2018-07-03,342.75,844.0,491.5
2018-07-05,343.5,835.5,504.0
2018-07-06,351.75,874.0,512.75
2018-07-09,345.75,851.75,507.75
2018-07-10,339.75,852.25,489.5
2018-07-11,331.25,829.75,469.75
2018-07-12,336.5,830.0,482.5
2018-07-13,330.25,814.0,481.5
2018-07-16,341.75,829.5,488.5
2018-07-17,346.25,839.5,497.75
2018-07-18,347.25,842.25,494.5
2018-07-19,351.25,846.0,504.25
2018-07-20,355.25,849.75,516.0
2018-07-23,357.25,847.75,513.75
2018-07-24,352.0,858.0,510.25
2018-07-25,359.25,860.75,542.75
2018-07-26,361.5,861.25,536.5
2018-07-27,362.0,870.5,530.5
2018-07-30,367.25,875.0,546.5
2018-07-31,372.25,903.75,553.75
2018-08-01,365.0,886.75,558.25
2018-08-02,366.75,882.5,560.5
2018-08-03,369.75,886.25,556.25
2018-08-06,371.0,877.25,574.5
2018-08-07,370.75,889.25,568.25
2018-08-08,371.25,893.75,570.0
2018-08-09,369.25,887.75,564.5
2018-08-10,357.75,846.0,546.75
2018-08-13,356.5,853.5,533.5
2018-08-14,362.25,864.5,541.75
2018-08-15,361.5,857.5,532.25
2018-08-16,365.25,885.5,542.25
2018-08-17,364.25,881.5,560.5
2018-08-20,362.0,881.75,542.25
2018-08-21,359.75,874.5,527.25
2018-08-22,352.5,858.25,526.0
2018-08-23,346.75,842.0,522.0
2018-08-24,348.5,842.0,514.75
2018-08-27,346.75,834.75,499.25
2018-08-28,341.0,820.5,498.25
2018-08-29,341.25,823.25,515.75
2018-08-30,341.0,819.5,508.0
2018-08-31,351.0,833.0,518.5
2018-09-04,354.5,832.0,502.75
2018-09-05,351.75,825.5,493.75
2018-09-06,353.5,826.75,486.0
2018-09-07,354.25,832.0,486.25
2018-09-10,355.5,833.5,504.0
2018-09-11,355.25,820.25,493.75
2018-09-12,341.5,829.0,481.75
2018-09-13,336.25,822.75,471.75
2018-09-14,337.0,821.5,480.0
2018-09-17,348.0,823.5,506.25
2018-09-18,343.25,814.0,510.5
2018-09-19,345.75,830.0,522.5
2018-09-20,352.5,850.25,524.0
2018-09-21,357.25,847.25,521.75
2018-09-24,360.5,841.0,527.0
2018-09-25,363.75,845.75,520.75
2018-09-26,363.0,850.0,517.5
2018-09-27,364.75,855.0,513.0
2018-09-28,356.25,845.5,509.0
2018-10-01,365.75,857.75,509.5
2018-10-02,367.5,866.0,519.25
2018-10-03,364.75,861.5,515.25
2018-10-04,367.5,859.25,518.0
2018-10-05,368.25,869.0,521.0
2018-10-08,366.5,869.75,514.0
2018-10-09,364.5,863.0,515.0
2018-10-10,362.75,852.25,510.5
2018-10-11,369.25,858.25,508.0
2018-10-12,373.75,867.5,517.25
2018-10-15,378.25,891.5,525.0
2018-10-16,375.25,884.75,523.5
2018-10-17,374.25,885.75,517.5
2018-10-18,370.75,863.5,513.0
2018-10-19,367.0,856.75,514.75
2018-10-22,369.5,858.5,508.0
2018-10-23,370.25,857.5,509.0
2018-10-24,368.25,850.25,499.5
2018-10-25,361.0,841.75,487.25
2018-10-26,367.75,845.0,505.25
2018-10-29,366.75,839.0,507.25
2018-10-30,364.75,833.5,499.75
2018-10-31,363.25,839.0,500.5
2018-11-01,366.75,869.0,508.0
2018-11-02,371.25,875.25,508.75
2018-11-05,374.0,873.0,507.25
2018-11-06,373.25,872.0,512.0
2018-11-07,372.25,867.75,510.25
2018-11-08,373.5,867.5,507.75
2018-11-09,369.75,875.25,502.0
2018-11-12,371.25,871.75,519.75
2018-11-13,366.5,867.25,507.75
2018-11-14,367.0,870.5,503.0
2018-11-15,367.5,888.75,505.5
2018-11-16,364.75,892.25,506.75
2018-11-19,362.25,873.75,498.5
2018-11-20,361.25,881.0,500.75
2018-11-21,361.75,883.0,498.75
2018-11-23,359.0,881.0,499.75
2018-11-26,356.0,862.25,507.5
2018-11-27,356.5,875.5,498.0
2018-11-28,360.5,890.5,497.5
2018-11-29,360.25,887.25,496.5
2018-11-30,366.5,894.75,515.75
2018-12-03,371.25,905.75,515.75
2018-12-04,374.25,911.75,519.25
2018-12-06,372.0,909.5,505.25
2018-12-07,374.0,916.75,519.5
2018-12-10,374.25,909.75,514.75
2018-12-11,375.0,915.0,509.75
2018-12-12,376.25,920.0,515.25
2018-12-13,375.5,907.0,527.75
2018-12-14,376.75,900.5,527.75
2018-12-17,,904.75,535.25
2018-12-18,,907.75,532.75
2018-12-19,381.75,900.0,522.5
2018-12-20,375.25,893.5,523.5
2018-12-21,378.5,884.75,514.0
2018-12-24,377.75,884.0,516.5
2018-12-26,373.25,870.0,510.0
2018-12-27,374.5,869.0,510.5
2018-12-28,375.5,882.75,511.5
2018-12-31,375.0,882.5,503.25
2019-01-02,375.75,894.75,506.75
2019-01-03,379.75,900.25,513.75
2019-01-04,383.0,909.5,517.0
2019-01-07,382.25,912.25,516.75
2019-01-08,380.0,906.25,517.75
2019-01-09,382.0,911.5,520.0
2019-01-10,376.25,895.5,513.75
2019-01-11,378.25,899.25,519.5
2019-01-14,378.5,890.75,514.25
2019-01-15,371.25,893.25,511.0
2019-01-16,374.0,894.5,512.5
2019-01-17,380.0,907.75,517.75
2019-01-18,381.75,916.75,517.75
2019-01-22,379.0,909.25,521.25
2019-01-23,378.75,915.0,526.0
2019-01-24,377.0,916.0,521.5
2019-01-25,380.25,925.25,520.0
2019-01-28,379.75,923.25,518.75
2019-01-29,377.25,919.0,513.25
2019-01-30,381.25,921.0,516.75
2019-01-31,376.5,915.25,516.5
2019-02-01,378.25,917.75,524.25
2019-02-04,379.25,918.5,525.75
2019-02-05,380.75,920.25,527.25
2019-02-06,380.0,921.75,526.0
2019-02-07,376.5,913.25,513.25
2019-02-08,374.25,914.5,517.25
2019-02-11,372.75,905.0,518.25
2019-02-12,378.25,917.5,520.0
2019-02-13,378.75,916.5,522.25
2019-02-14,374.75,903.5,507.0
2019-02-15,374.75,907.5,504.25
2019-02-19,369.75,900.75,489.75
2019-02-20,370.75,902.5,480.75
2019-02-21,375.5,911.0,486.5
2019-02-22,375.25,910.25,486.75
2019-02-25,370.5,911.75,466.75
2019-02-26,366.25,903.75,460.25
2019-02-27,363.75,903.5,461.0
2019-02-28,362.0,897.5,452.5
2019-03-01,364.0,899.25,454.0
2019-03-04,365.0,903.25,446.75
2019-03-05,366.0,901.25,454.25
2019-03-06,362.5,889.75,440.5
2019-03-07,356.0,890.75,431.5
2019-03-08,354.75,883.75,432.75
2019-03-11,352.5,877.75,422.25
2019-03-12,356.5,884.75,446.25
2019-03-13,357.25,889.0,440.25
2019-03-14,361.5,889.5,448.25
2019-03-15,373.25,909.25,462.25
2019-03-18,371.5,905.75,456.75
2019-03-19,371.25,904.0,456.5
2019-03-20,371.5,906.0,464.75
2019-03-21,376.25,910.5,466.5
2019-03-22,378.25,903.75,466.0
2019-03-25,379.75,906.5,469.5
2019-03-26,377.25,900.75,469.25
2019-03-27,373.75,887.5,469.5
2019-03-28,374.0,889.5,464.5
2019-03-29,356.5,884.25,457.75
2019-04-01,361.75,895.5,462.75
2019-04-02,361.5,900.0,464.0
2019-04-03,362.75,898.75,471.0
2019-04-04,365.25,906.5,470.75
2019-04-05,362.5,899.0,467.75
2019-04-08,360.0,898.75,465.25
2019-04-09,360.0,898.75,459.5
2019-04-10,361.75,902.0,458.0
2019-04-11,360.0,895.25,460.5
2019-04-12,361.0,895.25,464.5
2019-04-15,362.75,898.75,459.5
2019-04-16,359.0,888.0,445.0
2019-04-17,358.25,879.0,447.0
2019-04-18,358.5,880.5,444.25
2019-04-22,354.75,877.0,435.75
2019-04-23,351.25,862.0,438.75
2019-04-24,346.75,855.25,432.25
2019-04-25,347.5,859.25,434.75
2019-04-26,351.25,853.75,435.0
2019-04-29,352.0,847.5,426.75
2019-04-30,353.25,841.25,418.5
2019-05-01,360.0,839.5,425.0
2019-05-02,362.0,830.5,433.25
2019-05-03,363.0,829.5,428.0
2019-05-06,355.75,817.5,428.0
2019-05-07,358.0,817.75,430.5
2019-05-08,355.25,814.25,431.25
2019-05-09,344.5,800.25,421.75
2019-05-10,342.5,797.0,419.0
2019-05-13,347.5,791.0,431.25
2019-05-14,360.5,817.75,439.25
2019-05-15,369.5,835.5,448.75
2019-05-16,379.0,839.75,467.0
2019-05-17,383.25,821.75,465.0
2019-05-20,389.0,831.75,478.25
2019-05-21,394.25,822.0,478.75
2019-05-22,394.5,828.5,472.75
2019-05-23,389.75,821.5,470.25
2019-05-24,404.25,829.75,489.5
2019-05-28,420.25,856.0,504.75
2019-05-29,418.75,872.0,490.5
2019-05-30,436.25,889.0,514.5
2019-05-31,427.0,877.75,503.0
2019-06-03,424.25,879.0,519.75
2019-06-04,425.25,881.75,507.25
2019-06-05,414.75,869.75,490.75
2019-06-06,420.5,868.75,510.0
2019-06-07,415.75,856.25,504.5
2019-06-10,415.75,858.5,507.5
2019-06-11,427.75,859.25,518.0
2019-06-12,430.0,878.0,526.25
2019-06-13,442.0,888.0,535.5
2019-06-14,453.0,896.75,538.5
2019-06-17,454.75,912.75,539.5
2019-06-18,449.75,913.5,531.5
2019-06-19,441.0,903.25,522.25
2019-06-20,450.0,915.5,526.5
2019-06-21,442.25,902.75,526.0
2019-06-24,446.75,909.0,538.0
2019-06-25,447.5,903.5,535.75
2019-06-26,443.25,894.25,543.75
2019-06-27,440.0,887.75,547.5
2019-06-28,420.25,899.75,528.0
2019-07-01,412.0,885.5,514.0
2019-07-02,413.5,876.25,503.5
2019-07-03,433.0,885.25,518.0
2019-07-05,434.0,872.25,519.25
2019-07-08,438.5,875.25,516.75
2019-07-09,431.75,882.75,509.75
2019-07-10,434.25,893.0,511.75
2019-07-11,447.75,896.25,536.25
2019-07-12,449.5,906.75,536.25
2019-07-15,441.0,901.75,507.75
2019-07-16,435.25,887.75,507.5
2019-07-17,436.0,882.5,505.5
2019-07-18,424.5,881.25,493.5
2019-07-19,430.75,901.5,502.5
2019-07-22,422.25,888.25,487.25
2019-07-23,425.5,885.75,487.25
2019-07-24,424.0,891.0,497.75
2019-07-25,418.5,882.5,499.5
2019-07-26,414.5,883.25,496.0
2019-07-29,417.0,885.75,503.5
2019-07-30,411.25,878.75,497.25
2019-07-31,400.25,864.0,487.25
2019-08-01,392.75,847.0,475.75
2019-08-02,399.5,850.25,490.75
2019-08-05,405.25,850.25,494.5
2019-08-06,404.0,847.75,484.0
2019-08-07,406.5,848.75,488.25
2019-08-08,411.0,865.0,498.5
2019-08-09,410.25,873.75,499.5
2019-08-12,385.25,861.5,471.75
2019-08-13,366.0,872.0,472.0
2019-08-14,359.0,861.0,473.75
2019-08-15,360.75,858.0,469.0
2019-08-16,371.0,867.25,470.75
2019-08-19,365.0,854.0,465.5
2019-08-20,359.5,855.75,460.0
2019-08-21,362.5,860.5,462.5
2019-08-22,363.25,856.0,467.25
2019-08-23,359.75,843.25,475.25
2019-08-26,358.5,853.75,473.0
2019-08-27,357.0,846.25,473.75
2019-08-28,362.75,852.75,472.25
2019-08-29,359.75,856.25,469.75
2019-08-30,358.0,857.0,451.25
2019-09-03,349.75,856.5,447.25
2019-09-04,346.0,862.5,456.25
2019-09-05,346.5,849.75,464.0
2019-09-06,342.5,845.0,460.25
2019-09-09,340.75,845.0,474.5
2019-09-10,348.5,859.25,484.5
2019-09-11,348.25,854.0,477.5
2019-09-12,354.5,883.0,485.75
2019-09-13,355.5,884.75,485.75
2019-09-16,374.0,900.0,488.75
2019-09-17,368.0,893.75,484.25
2019-09-18,371.25,888.75,489.5
2019-09-19,372.75,893.0,488.0
2019-09-20,370.75,882.75,484.25
2019-09-23,373.25,892.5,483.0
2019-09-24,374.75,894.25,481.75
2019-09-25,374.25,889.25,477.25
2019-09-26,372.5,888.5,484.25
2019-09-27,371.5,883.0,487.25
2019-09-30,388.0,906.0,495.75
2019-10-01,392.5,919.5,498.75
2019-10-02,387.75,913.75,489.0
2019-10-03,388.75,911.75,488.75
2019-10-04,384.75,916.25,490.5
2019-10-07,387.0,915.25,489.25
2019-10-08,395.75,920.5,500.25
2019-10-09,394.25,923.75,500.25
2019-10-10,380.25,923.5,493.0
2019-10-11,397.75,936.0,508.0
2019-10-14,397.75,940.5,511.0
2019-10-15,393.25,934.0,507.0
2019-10-16,391.75,928.0,513.25
2019-10-17,394.75,931.5,525.5
2019-10-18,391.0,934.0,532.25
2019-10-21,387.25,933.25,523.5
2019-10-22,388.0,934.0,518.0
2019-10-23,387.75,933.75,520.75
2019-10-24,386.75,933.25,516.0
2019-10-25,386.75,920.25,517.75
2019-10-28,384.0,920.75,511.75
2019-10-29,386.25,918.25,511.5
2019-10-30,390.75,916.0,509.25
2019-10-31,390.0,916.75,508.75
2019-11-01,389.25,924.25,516.0
2019-11-04,383.25,925.75,509.75
2019-11-05,381.75,921.75,515.25
2019-11-06,378.75,915.0,516.75
2019-11-07,375.25,925.0,512.5
2019-11-08,377.25,919.5,510.25
2019-11-11,373.25,905.0,505.75
2019-11-12,377.75,905.75,517.0
2019-11-13,375.25,902.5,509.0
2019-11-14,375.75,900.25,507.75
2019-11-15,371.25,918.25,502.75
2019-11-18,367.75,910.25,507.25
2019-11-19,370.0,911.5,512.0
2019-11-20,366.75,905.0,515.5
2019-11-21,368.5,901.0,509.0
2019-11-22,368.75,897.0,515.25
2019-11-25,370.5,892.5,531.0
2019-11-26,367.5,884.25,530.25
2019-11-27,362.75,882.0,528.5
2019-11-29,371.25,876.75,547.5
2019-12-02,373.5,870.5,543.25
2019-12-03,372.0,871.0,530.5
2019-12-04,368.75,878.0,535.0
2019-12-05,365.5,884.25,532.0
2019-12-06,366.5,889.5,532.5
2019-12-09,365.75,897.25,532.0
2019-12-10,363.25,901.25,534.75
2019-12-11,357.75,893.5,530.75
2019-12-12,367.0,898.25,539.25
2019-12-13,366.25,907.5,539.25
2019-12-16,388.0,922.0,549.75
2019-12-17,390.0,928.75,556.25
2019-12-18,387.0,928.5,548.25
2019-12-19,386.5,924.5,545.25
2019-12-20,387.75,928.25,542.25
2019-12-23,388.75,934.0,539.5
2019-12-24,387.5,936.5,541.0
2019-12-26,388.5,937.75,549.0
2019-12-27,390.0,929.5,556.25
2019-12-30,388.25,939.5,556.0
2019-12-31,387.75,943.0,558.75
2020-01-02,391.5,944.25,560.25
2020-01-03,386.5,930.5,554.5
2020-01-06,384.75,932.75,550.0
2020-01-07,384.5,935.0,550.25
2020-01-08,384.25,938.25,552.75
2020-01-09,383.25,933.75,562.25
2020-01-10,385.75,935.0,564.5
2020-01-13,389.5,929.25,562.25
2020-01-14,389.0,928.5,568.5
2020-01-15,387.5,928.75,573.25
2020-01-16,375.5,924.0,565.25
2020-01-17,389.25,929.75,570.5
2020-01-21,387.5,916.0,581.5
2020-01-22,388.75,913.75,577.75
2020-01-23,393.75,909.5,580.5
2020-01-24,387.25,902.0,573.5
2020-01-27,380.5,897.25,572.25
2020-01-28,386.5,895.0,569.75
2020-01-29,384.25,893.0,562.25
2020-01-30,379.5,876.25,560.5
2020-01-31,381.25,872.5,553.75
2020-02-03,378.75,877.0,555.5
2020-02-04,382.25,879.5,557.25
2020-02-05,380.75,880.0,562.0
2020-02-06,379.25,881.0,556.25
2020-02-07,383.5,882.0,558.75
2020-02-10,381.75,884.25,552.0
2020-02-11,379.75,884.75,542.0
2020-02-12,383.0,892.5,547.5
2020-02-13,379.5,896.25,544.25
2020-02-14,377.75,893.75,542.75
2020-02-18,383.0,892.25,566.75
2020-02-19,380.5,897.25,565.25
2020-02-20,378.5,892.75,560.0
2020-02-21,377.0,890.5,551.0
2020-02-24,372.25,874.25,536.25
2020-02-25,372.5,879.0,539.0
2020-02-26,370.5,881.0,540.25
2020-02-27,364.5,886.25,529.25
2020-02-28,366.5,883.5,529.0
2020-03-02,374.75,890.5,526.25
2020-03-03,381.75,893.0,528.75
2020-03-04,387.0,898.75,521.5
2020-03-05,384.5,889.0,524.25
2020-03-06,377.25,883.25,521.25
2020-03-09,374.25,863.5,522.25
2020-03-10,380.0,873.0,526.75
2020-03-11,379.25,867.75,517.25
2020-03-12,369.75,855.0,508.25
2020-03-13,370.75,846.75,514.75
2020-03-16,354.75,821.75,498.0
2020-03-17,344.0,824.25,499.25
2020-03-18,335.25,825.5,508.25
2020-03-19,345.5,843.25,535.0
2020-03-20,343.75,862.5,539.25
2020-03-23,343.5,884.0,562.5
2020-03-24,347.25,886.75,561.5
2020-03-25,348.5,881.5,580.0
2020-03-26,348.75,880.25,569.0
2020-03-27,346.0,881.5,571.25
2020-03-30,341.25,882.25,569.5
2020-03-31,340.75,886.0,568.75
2020-04-01,334.75,862.75,550.25
2020-04-02,333.5,858.75,541.75
2020-04-03,330.75,854.25,549.25
2020-04-06,327.75,855.5,555.75
2020-04-07,331.5,854.75,549.25
2020-04-08,330.0,854.5,548.25
2020-04-09,331.75,863.5,556.5
2020-04-13,331.5,854.25,555.0
2020-04-14,326.0,847.0,548.75
2020-04-15,319.25,842.0,540.25
2020-04-16,319.75,836.75,529.75
2020-04-17,322.25,832.5,533.5
2020-04-20,314.25,826.5,548.75
2020-04-21,309.25,830.75,546.75
2020-04-22,317.5,834.75,543.0
2020-04-23,319.25,839.25,547.0
2020-04-24,315.75,832.25,526.75
2020-04-27,305.5,829.0,521.0
2020-04-28,302.75,826.0,526.75
2020-04-29,304.5,831.75,519.5
2020-04-30,311.5,850.25,529.75
2020-05-01,311.5,847.25,521.5
2020-05-04,310.75,834.0,524.25
2020-05-05,313.0,838.25,525.5
2020-05-06,311.75,830.5,524.75
2020-05-07,316.0,841.5,529.0
2020-05-08,319.0,848.75,529.5
2020-05-11,318.5,852.25,524.75
2020-05-12,323.75,849.25,521.75
2020-05-13,320.25,836.0,510.5
2020-05-14,320.25,835.25,510.5
2020-05-15,319.25,838.5,500.25
2020-05-18,320.75,845.0,497.0
2020-05-19,321.25,842.5,498.75
2020-05-20,319.5,846.75,513.75
2020-05-21,317.75,835.0,516.0
2020-05-22,318.0,833.25,508.75
2020-05-26,319.0,847.0,506.75
2020-05-27,320.5,848.5,504.5
2020-05-28,327.5,847.0,514.5
2020-05-29,325.75,840.75,520.75
2020-06-01,323.25,840.5,515.25
2020-06-02,324.25,850.5,508.0
2020-06-03,324.0,857.5,512.0
2020-06-04,329.0,867.75,523.75
2020-06-05,331.25,867.75,515.25
2020-06-08,333.75,864.75,511.5
2020-06-09,327.5,863.25,504.5
2020-06-10,326.25,865.5,506.25
2020-06-11,329.75,866.0,499.25
2020-06-12,330.0,871.25,502.0
2020-06-15,329.25,869.0,504.75
2020-06-16,329.0,867.0,496.0
2020-06-17,330.25,871.25,488.75
2020-06-18,331.0,873.0,483.5
2020-06-19,332.5,876.5,481.25
2020-06-22,328.25,876.25,485.0
2020-06-23,325.0,875.0,486.0
2020-06-24,324.25,870.75,481.25
2020-06-25,317.25,869.25,486.75
2020-06-26,317.0,865.0,474.0
2020-06-29,326.25,866.5,485.5
2020-06-30,338.5,884.25,490.0
2020-07-01,348.25,893.75,498.75
2020-07-02,342.5,892.5,490.0
2020-07-06,346.5,898.5,489.5
2020-07-07,345.0,895.25,492.25
2020-07-08,348.25,894.75,517.5
2020-07-09,351.25,898.25,526.25
2020-07-10,340.5,891.5,535.75
2020-07-13,334.0,876.5,524.75
2020-07-14,334.75,882.25,524.75
2020-07-15,326.25,886.25,550.75
2020-07-16,330.25,893.5,535.25
2020-07-17,333.0,898.0,534.75
2020-07-20,328.25,903.0,522.0
2020-07-21,322.75,896.5,527.75
2020-07-22,327.5,899.25,534.5
2020-07-23,328.0,906.25,529.5
2020-07-24,326.25,904.75,539.5
2020-07-27,325.0,906.5,527.75
2020-07-28,320.0,896.75,523.5
2020-07-29,315.5,891.5,532.75
2020-07-30,315.75,891.75,529.5
2020-07-31,316.0,897.5,531.25
2020-08-03,317.5,897.5,521.0
2020-08-04,308.25,883.75,508.25
2020-08-05,311.0,882.0,510.75
2020-08-06,311.25,880.75,501.25
2020-08-07,307.75,870.25,495.5
2020-08-10,310.5,876.5,491.0
2020-08-11,311.5,878.0,495.0
2020-08-12,314.5,890.5,491.25
2020-08-13,325.25,907.25,496.75
2020-08-14,324.5,903.5,500.0
2020-08-17,331.0,912.5,516.5
2020-08-18,327.0,912.0,507.5
2020-08-19,325.0,912.5,512.0
2020-08-20,324.5,903.0,519.5
2020-08-21,327.0,900.75,527.25
2020-08-24,331.75,899.75,520.75
2020-08-25,340.75,913.75,527.25
2020-08-26,340.5,919.5,532.0
2020-08-27,344.25,937.25,542.5
2020-08-28,346.0,950.5,539.25
2020-08-31,348.5,951.25,544.25
2020-09-01,349.5,955.0,555.75
2020-09-02,349.75,962.5,547.75
2020-09-03,344.5,968.75,543.25
2020-09-04,347.25,969.5,539.75
2020-09-08,351.0,973.0,533.25
2020-09-09,350.0,979.75,534.0
2020-09-10,357.25,985.0,540.0
2020-09-11,365.0,1005.5,533.75
2020-09-14,357.5,1019.25,548.5
2020-09-15,366.0,991.5,538.25
2020-09-16,371.75,1011.25,542.0
2020-09-17,375.25,1028.5,556.25
2020-09-18,378.5,1043.5,575.0
2020-09-21,369.75,1022.5,554.75
2020-09-22,369.25,1019.75,558.0
2020-09-23,368.5,1014.5,549.0
2020-09-24,363.5,1000.0,549.75
2020-09-25,365.25,1002.5,544.25
2020-09-28,366.75,996.25,550.25
2020-09-29,364.75,993.0,549.5
2020-09-30,379.0,1023.5,578.0
2020-10-01,382.75,1023.5,570.25
2020-10-02,379.75,1020.75,573.25
2020-10-05,379.5,1021.5,584.25
2020-10-06,385.0,1044.0,592.75
2020-10-07,388.75,1051.0,607.5
2020-10-08,387.0,1050.0,595.25
2020-10-09,395.0,1065.5,593.75
2020-10-12,389.0,1033.75,594.25
2020-10-13,391.25,1044.0,594.0
2020-10-14,396.5,1056.25,596.75
2020-10-15,403.75,1062.25,618.25
2020-10-16,402.0,1050.0,625.25
2020-10-19,405.25,1054.25,627.0
2020-10-20,408.75,1064.0,632.0
2020-10-21,413.75,1072.0,629.75
2020-10-22,416.25,1073.75,622.75
2020-10-23,419.25,1083.75,632.75
2020-10-26,417.75,1087.75,620.0
2020-10-27,416.0,1082.25,615.75
2020-10-28,401.5,1057.25,608.75
2020-10-29,398.5,1051.75,603.75
2020-10-30,398.5,1056.5,598.5
2020-11-02,397.5,1050.75,607.5
2020-11-03,401.0,1059.0,608.0
2020-11-04,405.25,1079.0,606.0
2020-11-05,409.25,1101.75,609.25
2020-11-06,406.75,1098.5,602.0
2020-11-09,407.5,1105.0,597.5
2020-11-10,423.0,1138.25,608.5
2020-11-11,417.25,1143.25,598.0
2020-11-12,408.25,1137.0,588.25
2020-11-13,410.5,1141.5,593.5
2020-11-16,416.25,1153.5,598.0
2020-11-17,420.25,1169.75,595.25
2020-11-18,425.75,1175.75,597.75
2020-11-19,422.5,1177.5,591.75
2020-11-20,423.25,1181.0,593.25
2020-11-23,426.5,1191.5,598.75
2020-11-24,425.75,1191.25,611.25
2020-11-25,420.0,1184.0,588.25
2020-11-27,425.5,1191.75,596.5
2020-11-30,419.75,1168.5,580.25
2020-12-01,414.75,1162.0,565.5
2020-12-02,419.0,1153.0,578.0
2020-12-03,422.5,1168.25,571.75
2020-12-04,417.0,1163.0,566.5
2020-12-07,419.5,1158.5,571.25
2020-12-08,417.0,1145.75,563.75
2020-12-09,422.0,1158.5,577.0
2020-12-10,420.25,1152.75,590.25
2020-12-11,424.25,1160.5,608.25
2020-12-14,419.25,1169.5,593.5
2020-12-15,424.75,1184.25,599.75
2020-12-16,427.25,1183.75,598.5
2020-12-17,432.5,1201.25,608.75
2020-12-18,437.5,1220.0,608.25
2020-12-21,440.0,1243.25,611.25
2020-12-22,443.5,1247.25,617.0
2020-12-23,447.25,1258.75,629.75
2020-12-24,451.0,1263.5,627.0
2020-12-28,456.5,1255.25,614.25
2020-12-29,466.0,1295.5,618.5
2020-12-30,474.5,1303.75,640.75
2020-12-31,484.0,1315.25,640.5
2021-01-04,483.75,1316.5,642.0
2021-01-05,491.75,1350.0,654.0
2021-01-06,495.0,1365.25,647.5
2021-01-07,494.0,1360.5,642.25
2021-01-08,496.25,1375.75,638.75
2021-01-11,492.25,1374.5,634.75
2021-01-12,517.25,1422.0,665.0
2021-01-13,524.5,1411.0,660.5
2021-01-14,534.25,1436.5,670.0
2021-01-15,531.5,1416.75,675.5
2021-01-19,526.0,1385.75,672.25
2021-01-20,522.0,1369.5,667.75
2021-01-21,524.25,1370.25,660.75
2021-01-22,500.5,1311.75,634.5
2021-01-25,511.5,1343.5,648.5
2021-01-26,532.25,1370.25,665.25
2021-01-27,534.0,1374.75,658.25
2021-01-28,534.5,1353.25,647.0
2021-01-29,547.0,1370.0,663.0
2021-02-01,549.25,1365.25,651.0
2021-02-02,543.0,1354.75,644.75
2021-02-03,552.0,1371.25,648.25
2021-02-04,550.0,1372.5,637.5
2021-02-05,548.5,1366.75,641.25
2021-02-08,563.75,1387.75,655.75
2021-02-09,556.25,1401.75,649.5
2021-02-10,534.5,1354.0,635.5
2021-02-11,541.0,1367.5,633.5
2021-02-12,538.75,1372.0,636.75
2021-02-16,552.25,1384.75,657.5
2021-02-17,553.0,1383.75,644.0
2021-02-18,550.25,1375.0,662.5
2021-02-19,542.75,1377.25,650.75
2021-02-22,551.0,1383.75,664.0
2021-02-23,553.75,1406.0,665.75
2021-02-24,559.25,1423.75,680.25
2021-02-25,554.75,1406.0,671.75
2021-02-26,555.5,1405.25,655.0
2021-03-01,547.5,1392.5,643.75
2021-03-02,560.75,1414.0,663.25
2021-03-03,550.25,1410.75,652.0
2021-03-04,546.25,1415.25,649.75
2021-03-05,562.0,1434.25,654.0
2021-03-08,565.0,1437.75,646.5
2021-03-09,562.0,1441.25,656.5
2021-03-10,547.75,1411.5,650.75
2021-03-11,555.0,1415.5,636.25
2021-03-12,549.25,1415.75,631.75
2021-03-15,549.5,1419.5,645.0
2021-03-16,554.25,1423.25,647.0
2021-03-17,558.0,1417.75,640.0
2021-03-18,546.5,1392.25,630.5
2021-03-19,557.75,1416.25,627.0
2021-03-22,549.0,1417.5,627.25
2021-03-23,551.25,1423.25,634.75
2021-03-24,553.25,1432.75,624.75
2021-03-25,546.5,1414.25,612.5
2021-03-26,552.5,1400.5,613.25
2021-03-29,546.75,1393.0,616.75
2021-03-30,539.25,1366.75,601.75
2021-03-31,564.25,1436.75,618.0
2021-04-01,559.75,1402.0,611.0
2021-04-05,553.25,1412.75,618.0
2021-04-06,554.25,1418.75,615.5
2021-04-07,560.5,1408.75,616.25
2021-04-08,579.75,1415.25,628.75
2021-04-09,577.25,1403.0,638.75
2021-04-12,569.0,1382.0,628.0
2021-04-13,580.0,1389.5,629.75
2021-04-14,594.0,1410.0,648.0
2021-04-15,590.0,1418.25,653.75
2021-04-16,585.5,1433.25,652.5
2021-04-19,592.0,1449.75,652.25
2021-04-20,606.5,1472.0,659.75
2021-04-21,625.5,1497.25,673.25
2021-04-22,650.5,1533.25,710.25
2021-04-23,655.5,1539.75,710.25
2021-04-26,680.5,1569.0,739.5
2021-04-27,695.5,1549.75,733.75
2021-04-28,686.25,1557.75,725.25
2021-04-29,702.0,1542.5,737.5
2021-04-30,740.0,1571.0,742.5
2021-05-03,732.25,1560.25,725.5
2021-05-04,744.75,1577.0,737.0
2021-05-05,753.25,1582.0,755.75
2021-05-06,759.5,1605.5,764.25
2021-05-07,772.75,1621.0,773.5
2021-05-10,748.0,1620.0,742.5
2021-05-11,759.5,1637.5,759.75
2021-05-12,757.5,1660.5,754.75
2021-05-13,719.0,1612.25,726.5
2021-05-14,685.0,1603.75,727.25
2021-05-17,652.5,1587.5,699.75
2021-05-18,658.25,1574.25,698.0
2021-05-19,658.25,1538.25,679.25
2021-05-20,664.5,1533.25,675.25
2021-05-21,659.5,1526.25,674.25
2021-05-24,657.25,1522.75,662.25
2021-05-25,620.25,1511.75,656.5
2021-05-26,624.5,1503.5,648.5
2021-05-27,664.5,1537.0,676.25
2021-05-28,656.75,1530.5,663.5
2021-06-01,688.75,1548.5,693.5
2021-06-02,675.0,1562.5,687.5
2021-06-03,662.0,1549.25,676.25
2021-06-04,682.75,1583.75,687.75
2021-06-07,679.25,1560.25,680.0
2021-06-08,680.0,1580.0,685.0
2021-06-09,690.75,1562.5,682.25
2021-06-10,699.0,1544.0,683.75
2021-06-11,684.5,1508.5,680.75
2021-06-14,659.25,1472.25,674.5
2021-06-15,667.5,1465.75,661.5
2021-06-16,673.0,1448.5,662.75
2021-06-17,633.0,1329.75,639.0
2021-06-18,655.25,1396.0,662.75
2021-06-21,659.25,1415.0,661.5
2021-06-22,659.75,1394.5,651.0
2021-06-23,664.25,1385.0,661.25
2021-06-24,653.25,1371.25,651.25
2021-06-25,636.5,1329.75,637.0
2021-06-28,675.5,1357.0,646.0
2021-06-29,694.5,1359.75,639.75
2021-06-30,720.0,1450.0,671.5
2021-07-01,719.75,1446.75,658.5
2021-07-02,697.25,1451.75,645.75
2021-07-06,656.0,1363.75,620.0
2021-07-07,652.5,1386.5,614.75
2021-07-08,638.0,1390.25,612.25
2021-07-09,629.75,1404.0,608.5
2021-07-12,669.25,1432.5,635.0
2021-07-13,677.0,1438.0,628.75
2021-07-14,683.0,1467.75,645.0
2021-07-15,564.25,1447.5,672.0
2021-07-16,556.0,1454.75,692.5
2021-07-19,556.0,1428.0,697.75
2021-07-20,571.75,1443.5,700.5
2021-07-21,571.75,1439.25,710.75
2021-07-22,564.5,1416.25,692.25
2021-07-23,547.25,1401.0,684.0
2021-07-26,549.75,1412.75,677.0
2021-07-27,548.75,1418.25,674.5
2021-07-28,549.25,1432.0,688.75
2021-07-29,558.0,1434.25,705.25
2021-07-30,547.0,1414.75,703.75
2021-08-02,558.75,1418.75,729.5
2021-08-03,550.5,1392.25,724.5
2021-08-04,545.75,1403.5,717.25
2021-08-05,555.75,1402.5,712.75
2021-08-06,555.0,1422.25,719.0
2021-08-09,550.25,1433.75,711.25
2021-08-10,549.25,1447.5,727.0
2021-08-11,556.25,1405.5,727.0
2021-08-12,567.0,1401.5,753.5
2021-08-13,568.25,1424.25,762.25
2021-08-16,564.75,1376.0,760.5
2021-08-17,558.25,1369.0,734.5
2021-08-18,561.75,1358.25,737.25
2021-08-19,550.0,1323.0,727.5
2021-08-20,538.75,1293.75,714.25
2021-08-23,538.0,1294.0,719.75
2021-08-24,544.5,1337.0,718.0
2021-08-25,551.25,1346.0,711.25
2021-08-26,552.75,1367.5,725.25
2021-08-27,558.0,1359.25,718.5
2021-08-30,540.25,1304.75,708.75
2021-08-31,534.0,1298.75,706.75
2021-09-01,515.5,1277.75,701.0
2021-09-02,516.25,1279.25,704.0
2021-09-03,508.0,1283.0,714.5
2021-09-07,495.75,1268.75,708.75
2021-09-08,498.25,1270.75,698.25
2021-09-09,496.0,1258.75,681.5
2021-09-10,502.75,1275.25,675.0
2021-09-13,496.75,1272.5,674.5
2021-09-14,503.0,1276.5,685.0
2021-09-15,533.5,1294.5,712.25
2021-09-16,529.5,1296.0,713.0
2021-09-17,527.25,1284.0,708.75
2021-09-20,521.75,1262.5,700.75
2021-09-21,517.0,1274.0,690.25
2021-09-22,525.5,1282.75,705.75
2021-09-23,529.25,1284.25,717.75
2021-09-24,526.75,1285.0,723.75
2021-09-27,539.5,1287.5,722.25
2021-09-28,532.5,1277.0,706.5
2021-09-29,539.0,1283.75,710.25
2021-09-30,536.75,1256.0,725.5
2021-10-01,541.5,1246.5,755.25
2021-10-04,540.75,1235.75,756.5
2021-10-05,537.5,1250.5,744.75
2021-10-06,532.25,1242.0,746.0
2021-10-07,534.0,1247.25,741.25
2021-10-08,530.5,1243.0,734.0
2021-10-11,533.0,1228.25,731.75
2021-10-12,522.5,1198.25,734.0
2021-10-13,512.25,1195.25,718.75
2021-10-14,516.75,1206.25,724.75
2021-10-15,525.75,1217.75,734.0
2021-10-18,532.75,1221.5,736.25
2021-10-19,530.25,1228.0,736.0
2021-10-20,539.25,1245.5,749.25
2021-10-21,532.25,1224.0,741.25
2021-10-22,538.0,1220.5,756.0
2021-10-25,538.0,1237.25,759.5
2021-10-26,543.5,1238.0,752.25
2021-10-27,557.25,1239.25,759.75
2021-10-28,562.75,1233.75,772.5
2021-10-29,568.25,1235.75,772.75
2021-11-01,579.0,1236.75,797.25
2021-11-02,573.0,1244.0,791.5
2021-11-03,564.0,1231.5,781.0
2021-11-04,559.25,1209.25,773.75
2021-11-05,553.0,1192.25,766.5
2021-11-08,551.5,1178.0,768.0
2021-11-09,554.75,1199.5,778.5
2021-11-10,569.25,1203.5,803.0
2021-11-11,569.5,1212.25,812.5
2021-11-12,577.25,1234.0,817.0
2021-11-15,576.5,1257.25,826.25
2021-11-16,571.0,1251.25,810.25
2021-11-17,575.25,1277.0,822.25
2021-11-18,573.0,1265.25,820.0
2021-11-19,570.75,1263.25,823.0
2021-11-22,576.75,1274.25,845.75
2021-11-23,580.5,1273.0,856.0
2021-11-24,579.75,1266.5,836.75
2021-11-26,586.75,1252.75,825.5
2021-11-29,581.0,1241.5,807.5
2021-11-30,567.0,1217.25,773.75
2021-12-01,572.0,1228.25,778.5
2021-12-02,577.0,1244.25,806.5
2021-12-03,586.0,1267.25,794.5
2021-12-06,583.5,1261.5,797.0
2021-12-07,586.25,1250.25,799.25
2021-12-08,584.75,1261.0,791.25
2021-12-09,588.5,1264.5,773.5
2021-12-10,588.5,1267.75,782.0
2021-12-13,584.25,1244.0,785.5
2021-12-14,588.75,1259.5,785.5
2021-12-15,585.75,1262.5,756.0
2021-12-16,591.25,1277.25,770.5
2021-12-17,593.25,1285.25,775.0
2021-12-20,591.0,1292.25,777.75
2021-12-21,598.25,1308.0,799.0
2021-12-22,602.5,1328.75,814.0
2021-12-23,605.75,1332.0,814.75
2021-12-27,614.75,1362.5,804.0
2021-12-28,604.75,1359.25,783.5
2021-12-29,605.5,1356.5,787.75
2021-12-30,596.0,1327.75,779.75
2021-12-31,593.25,1328.75,770.75
2022-01-03,589.25,1344.0,758.0
2022-01-04,609.5,1378.75,770.0
2022-01-05,602.25,1384.25,760.75
2022-01-06,603.75,1377.25,746.0
2022-01-07,606.75,1401.5,758.5
2022-01-10,599.75,1374.75,762.0
2022-01-11,601.0,1376.75,770.25
2022-01-12,599.0,1391.25,757.75
2022-01-13,587.5,1365.25,746.75
2022-01-14,596.25,1356.75,741.5
2022-01-18,599.5,1361.25,769.0
2022-01-19,610.5,1391.25,796.5
2022-01-20,611.0,1425.75,790.25
2022-01-21,616.25,1414.25,780.0
2022-01-24,621.0,1403.0,800.5
2022-01-25,620.0,1407.25,818.0
2022-01-26,627.0,1440.0,795.0
2022-01-27,625.25,1448.25,777.0
2022-01-28,636.0,1470.0,786.25
2022-01-31,626.0,1490.5,761.25
2022-02-01,634.75,1528.5,769.0
2022-02-02,622.5,1545.25,755.0
2022-02-03,616.75,1544.25,751.75
2022-02-04,620.5,1553.5,763.25
2022-02-07,635.25,1581.75,768.75
2022-02-08,632.25,1569.0,778.75
2022-02-09,646.75,1594.75,785.0
2022-02-10,641.75,1574.25,771.5
2022-02-11,651.0,1583.0,797.75
2022-02-14,655.75,1570.0,799.25
2022-02-15,638.0,1551.25,779.75
2022-02-16,647.0,1587.5,780.5
2022-02-17,650.0,1592.0,798.0
2022-02-18,654.25,1601.5,797.0
2022-02-22,674.75,1635.0,844.25
2022-02-23,683.75,1675.0,876.0
2022-02-24,695.0,1661.5,926.0
2022-02-25,659.5,1590.25,843.0
2022-02-28,697.5,1644.25,928.0
2022-03-01,739.75,1705.5,1001.75
2022-03-02,739.0,1677.5,1058.5
2022-03-03,751.25,1680.25,1289.0
2022-03-04,756.5,1676.25,1348.0
2022-03-07,749.25,1674.25,1425.25
2022-03-08,754.5,1704.5,1273.0
2022-03-09,735.0,1686.5,1199.5
2022-03-10,757.75,1700.0,1073.75
2022-03-11,764.5,1690.75,1090.0
2022-03-14,728.25,1687.25,1090.0
2022-03-15,758.0,1658.75,1154.25
2022-03-16,730.0,1649.25,1069.25
2022-03-17,754.5,1668.5,1098.0
2022-03-18,741.75,1668.0,1063.75
2022-03-21,756.25,1691.0,1119.25
2022-03-22,753.0,1696.5,1118.25
2022-03-23,757.75,1718.75,1105.75
2022-03-24,748.25,1700.75,1085.75
2022-03-25,754.0,1710.25,1102.25
2022-03-28,748.5,1664.25,1057.0
2022-03-29,726.25,1643.0,1014.25
2022-03-30,738.0,1664.0,1027.25
2022-03-31,748.75,1618.25,1006.0
2022-04-01,735.0,1582.75,984.5
2022-04-04,750.5,1602.25,1010.25
2022-04-05,759.75,1631.0,1045.25
2022-04-06,756.5,1619.5,1038.25
2022-04-07,757.75,1645.5,1020.0
2022-04-08,768.75,1689.0,1051.5
2022-04-11,764.5,1655.25,1081.25
2022-04-12,776.25,1670.25,1103.75
2022-04-13,783.5,1676.0,1113.5
2022-04-14,790.25,1682.25,1096.5
2022-04-18,813.25,1714.75,1120.5
2022-04-19,804.0,1716.5,1099.0
2022-04-20,815.75,1746.75,1088.0
2022-04-21,799.25,1748.25,1068.0
2022-04-22,793.0,1716.0,1065.5
2022-04-25,800.25,1703.5,1062.0
2022-04-26,803.25,1705.25,1083.25
2022-04-27,815.5,1726.5,1080.0
2022-04-28,816.0,1706.5,1074.0
2022-04-29,818.25,1708.25,1043.75
2022-05-02,813.0,1674.0,1043.5
2022-05-03,800.75,1659.0,1033.75
2022-05-04,798.5,1669.75,1066.0
2022-05-05,803.75,1678.5,1096.0
2022-05-06,792.25,1655.5,1097.0
2022-05-09,784.5,1621.0,1083.25
2022-05-10,786.5,1630.0,1083.25
2022-05-11,802.25,1650.25,1108.75
2022-05-12,813.5,1660.25,1174.5
2022-05-13,794.5,1723.25,1167.25
2022-05-16,809.5,1656.5,1247.5
2022-05-17,800.75,1678.0,1277.5
2022-05-18,781.5,1662.75,1230.75
2022-05-19,783.25,1690.5,1200.5
2022-05-20,778.75,1705.25,1168.75
2022-05-23,786.25,1687.0,1190.0
2022-05-24,771.75,1693.0,1154.75
2022-05-25,772.25,1681.0,1148.25
2022-05-26,765.0,1726.5,1143.25
2022-05-27,777.25,1732.25,1157.5
2022-05-31,753.5,1683.25,1087.5
2022-06-01,731.25,1690.25,1041.25
2022-06-02,730.25,1729.25,1058.25
2022-06-03,727.0,1697.75,1040.0
2022-06-06,742.5,1699.25,1093.0
2022-06-07,757.0,1728.25,1071.75
2022-06-08,764.5,1740.0,1074.75
2022-06-09,773.0,1769.0,1071.25
2022-06-10,773.25,1745.5,1070.75
2022-06-13,769.25,1707.5,1071.0
2022-06-14,768.25,1698.5,1050.25
2022-06-15,774.0,1693.75,1050.0
2022-06-16,788.25,1709.5,1078.25
2022-06-17,784.5,1702.0,1034.25
2022-06-21,760.75,1681.0,975.25
2022-06-22,768.0,1652.75,976.5
2022-06-23,746.75,1593.25,937.25
2022-06-24,750.25,1610.75,923.75
2022-06-27,744.25,1630.5,904.0
2022-06-28,759.5,1663.75,921.25
2022-06-29,770.25,1674.25,915.5
2022-06-30,743.75,1675.0,868.75
2022-07-01,754.5,1626.0,831.25
2022-07-05,736.0,1575.25,793.75
2022-07-06,744.25,1580.25,792.25
2022-07-07,747.0,1591.25,824.5
2022-07-08,778.25,1630.25,879.25
2022-07-11,781.25,1641.0,843.75
2022-07-12,732.75,1592.75,801.5
2022-07-13,740.0,1588.25,798.25
2022-07-14,695.0,1610.0,794.25
2022-07-15,604.25,1466.0,776.75
2022-07-18,612.25,1497.25,812.75
2022-07-19,596.75,1477.25,812.25
2022-07-20,592.25,1449.0,819.5
2022-07-21,575.75,1418.5,806.25
2022-07-22,564.25,1434.5,759.0
2022-07-25,580.0,1473.0,770.0
2022-07-26,597.0,1532.75,803.75
2022-07-27,600.25,1578.75,790.25
2022-07-28,615.0,1609.25,817.0
2022-07-29,616.25,1637.0,807.75
2022-08-01,607.0,1594.25,800.25
2022-08-02,591.25,1569.25,774.75
2022-08-03,591.5,1558.0,763.75
2022-08-04,602.25,1615.0,782.5
2022-08-05,610.25,1614.75,775.75
2022-08-08,608.5,1619.5,779.75
2022-08-09,615.5,1693.25,781.5
2022-08-10,621.25,1688.75,799.75
2022-08-11,629.25,1709.5,810.75
2022-08-12,639.75,1669.25,806.0
2022-08-15,626.75,1494.0,800.75
2022-08-16,611.0,1454.25,786.0
2022-08-17,615.0,1475.25,763.25
2022-08-18,619.75,1495.5,731.5
2022-08-19,626.0,1488.75,753.25
2022-08-22,633.5,1527.0,770.5
2022-08-23,660.0,1566.75,782.75
2022-08-24,665.75,1560.75,795.0
2022-08-25,657.5,1552.5,769.75
2022-08-26,668.75,1605.25,784.75
2022-08-29,683.75,1534.75,820.0
2022-08-30,679.75,1513.0,798.25
2022-08-31,673.75,1507.5,809.0
2022-09-01,658.25,1472.75,775.5
2022-09-02,669.0,1510.5,793.0
2022-09-06,680.75,1490.0,800.0
2022-09-07,676.75,1466.75,826.5
2022-09-08,674.5,1470.5,810.5
2022-09-09,698.5,1489.25,853.25
2022-09-12,712.25,1549.75,841.25
2022-09-13,709.0,1534.25,842.75
2022-09-14,709.0,1503.75,853.75
2022-09-15,677.5,1451.5,845.0
2022-09-16,677.25,1448.5,859.75
2022-09-19,678.25,1461.25,830.5
2022-09-20,692.0,1478.75,893.75
2022-09-21,685.5,1461.25,903.75
2022-09-22,688.25,1457.0,910.75
2022-09-23,676.75,1425.75,880.5
2022-09-26,666.25,1411.25,858.0
2022-09-27,667.5,1408.0,871.5
2022-09-28,670.5,1408.75,903.25
2022-09-29,669.5,1410.75,896.25
2022-09-30,677.5,1364.75,921.5
2022-10-03,680.75,1374.0,912.0
2022-10-04,683.0,1383.5,903.0
2022-10-05,684.0,1369.75,902.0
2022-10-06,675.5,1358.0,879.0
2022-10-07,683.25,1367.0,880.25
2022-10-10,698.25,1374.0,938.0
2022-10-11,693.0,1376.25,901.0
2022-10-12,693.0,1396.0,882.25
2022-10-13,697.75,1395.75,892.25
2022-10-14,689.75,1383.75,859.75
2022-10-17,683.5,1385.25,861.0
2022-10-18,681.0,1372.0,849.5
2022-10-19,678.25,1372.5,841.25
2022-10-20,684.0,1391.5,849.25
2022-10-21,684.25,1395.5,850.75
2022-10-24,681.5,1372.0,838.75
2022-10-25,686.25,1382.0,834.75
2022-10-26,685.0,1381.75,840.5
2022-10-27,682.25,1382.25,838.5
2022-10-28,680.75,1387.75,829.25
2022-10-31,691.5,1407.0,882.25
2022-11-01,697.75,1435.75,902.5
2022-11-02,687.5,1440.0,846.0
2022-11-03,679.25,1426.75,840.5
2022-11-04,681.0,1451.5,847.75
2022-11-07,675.75,1440.0,845.75
2022-11-08,667.5,1444.0,827.75
2022-11-09,664.5,1459.75,806.5
2022-11-10,653.25,1430.5,803.5
2022-11-11,658.0,1455.5,813.75
2022-11-14,657.25,1441.75,818.5
2022-11-15,666.75,1457.25,828.25
2022-11-16,665.25,1429.25,817.5
2022-11-17,667.5,1417.0,806.75
2022-11-18,667.75,1428.25,803.25
2022-11-21,659.5,1436.75,799.25
2022-11-22,656.75,1429.75,791.5
2022-11-23,663.25,1436.0,793.5
2022-11-25,668.0,1436.25,775.5
2022-11-28,668.75,1457.25,756.75
2022-11-29,665.75,1459.5,757.75
2022-11-30,662.0,1469.5,771.5
2022-12-01,650.0,1429.75,758.75
2022-12-02,635.0,1438.5,737.25
2022-12-05,628.75,1437.75,715.5
2022-12-06,625.5,1455.0,705.5
2022-12-07,627.75,1472.0,727.0
2022-12-08,632.0,1486.25,724.25
2022-12-09,634.75,1483.75,712.75
2022-12-12,641.25,1460.5,733.0
2022-12-13,643.75,1479.75,728.75
2022-12-14,639.0,1482.25,728.25
2022-12-15,653.5,1473.5,757.25
2022-12-16,653.0,1480.0,753.5
2022-12-19,647.25,1460.75,748.5
2022-12-20,652.0,1478.5,750.5
2022-12-21,662.25,1481.0,767.75
2022-12-22,660.5,1467.75,762.25
2022-12-23,666.25,1479.0,776.0
2022-12-27,674.75,1482.25,774.5
2022-12-28,682.75,1506.5,785.5
2022-12-29,679.5,1508.75,774.0
2022-12-30,678.5,1519.25,792.0
2023-01-03,670.5,1487.25,775.5
2023-01-04,653.75,1478.25,745.5
2023-01-05,652.75,1466.75,746.75
2023-01-06,654.0,1501.5,743.5
2023-01-09,652.75,1503.5,741.5
2023-01-10,655.0,1510.0,731.0
2023-01-11,656.0,1515.0,740.0
2023-01-12,671.0,1529.5,742.75
2023-01-13,675.0,1538.25,743.75
2023-01-17,685.25,1539.75,751.75
2023-01-18,681.25,1524.5,742.5
2023-01-19,677.25,1514.75,734.5
2023-01-20,676.25,1506.5,741.5
2023-01-23,666.25,1490.25,720.0
2023-01-24,677.0,1488.5,734.5
2023-01-25,674.75,1502.5,741.25
2023-01-26,682.5,1523.5,752.5
2023-01-27,683.0,1509.5,750.0
2023-01-30,683.75,1535.25,752.5
2023-01-31,679.75,1538.0,761.25
2023-02-01,681.0,1520.25,759.75
2023-02-02,675.25,1534.25,761.0
2023-02-03,677.5,1532.0,756.75
2023-02-06,679.0,1521.25,750.25
2023-02-07,674.0,1515.25,749.75
2023-02-08,678.5,1519.75,764.75
2023-02-09,670.75,1519.25,757.25
2023-02-10,680.5,1542.5,786.0
2023-02-13,685.0,1542.75,792.0
2023-02-14,682.25,1537.5,786.0
2023-02-15,676.25,1525.75,769.25
2023-02-16,676.0,1526.5,765.0
2023-02-17,677.75,1527.25,765.5
2023-02-21,680.5,1548.75,750.5
2023-02-22,674.0,1539.5,736.5
2023-02-23,660.25,1534.25,738.25
2023-02-24,650.0,1529.0,708.25
2023-02-27,642.75,1518.25,696.0
2023-02-28,629.5,1490.5,691.5
2023-03-01,640.5,1504.25,697.0
2023-03-02,637.75,1519.75,701.25
2023-03-03,645.25,1530.5,695.75
2023-03-06,644.5,1541.0,682.5
2023-03-07,642.0,1525.25,684.75
2023-03-08,634.5,1526.75,674.5
2023-03-09,618.5,1520.0,653.5
2023-03-10,624.25,1513.0,666.75
2023-03-13,624.5,1500.0,672.25
2023-03-14,627.5,1499.75,686.5
2023-03-15,626.5,1489.25,702.75
2023-03-16,632.75,1491.5,699.0
2023-03-17,634.25,1476.5,710.5
2023-03-20,633.0,1486.0,700.75
2023-03-21,630.0,1467.0,683.25
2023-03-22,633.5,1448.5,663.5
2023-03-23,631.75,1419.5,662.0
2023-03-24,643.0,1428.25,688.5
2023-03-27,648.25,1442.25,698.0
2023-03-28,647.25,1467.75,699.75
2023-03-29,650.5,1477.25,704.75
2023-03-30,649.5,1474.5,692.25
2023-03-31,660.5,1505.5,692.25
2023-04-03,657.75,1522.0,693.5
2023-04-04,653.75,1517.5,691.5
2023-04-05,652.75,1511.0,682.0
2023-04-06,643.5,1492.5,675.5
2023-04-10,654.0,1487.25,678.5
2023-04-11,651.0,1497.25,674.0
2023-04-12,656.0,1504.25,679.5
2023-04-13,652.25,1501.0,667.0
2023-04-14,666.25,1500.5,682.5
2023-04-17,676.5,1517.0,696.5
2023-04-18,677.5,1519.25,698.0
2023-04-19,672.25,1506.5,681.75
2023-04-20,663.75,1497.5,667.75
2023-04-21,663.25,1483.5,661.75
2023-04-24,651.25,1465.25,643.5
2023-04-25,646.5,1445.25,638.75
2023-04-26,641.5,1436.0,627.25
2023-04-27,627.0,1426.75,614.75
2023-04-28,636.0,1444.25,619.75
2023-05-01,639.5,1454.75,603.75
2023-05-02,638.0,1439.5,595.5
2023-05-03,645.25,1448.0,626.25
2023-05-04,646.5,1448.5,631.5
2023-05-05,653.25,1469.0,647.0
2023-05-08,656.5,1468.75,641.0
2023-05-09,642.25,1451.75,630.5
2023-05-10,645.5,1436.5,628.25
2023-05-11,632.5,1443.25,614.25
2023-05-12,633.25,1435.0,624.5
2023-05-15,592.5,1400.75,660.75
2023-05-16,581.25,1364.0,647.5
2023-05-17,561.5,1337.0,625.5
2023-05-18,555.25,1333.25,611.75
2023-05-19,554.5,1307.25,605.0
2023-05-22,571.0,1341.25,606.25
2023-05-23,577.5,1322.5,622.25
2023-05-24,587.25,1324.5,606.25
2023-05-25,590.75,1324.0,604.25
2023-05-26,604.0,1337.25,616.0
2023-05-30,594.0,1296.5,591.0
2023-05-31,594.0,1299.75,594.25
2023-06-01,592.5,1329.5,610.75
2023-06-02,609.0,1352.5,619.0
2023-06-05,597.5,1350.0,624.0
2023-06-06,608.0,1353.25,627.75
2023-06-07,604.25,1360.75,616.75
2023-06-08,610.25,1363.25,626.25
2023-06-09,604.25,1386.5,630.25
2023-06-12,617.25,1372.75,633.75
2023-06-13,612.5,1399.25,636.25
2023-06-14,607.75,1388.25,630.25
2023-06-15,623.25,1428.25,661.5
2023-06-16,640.25,1466.5,688.0
2023-06-20,643.75,1477.25,695.75
2023-06-21,671.0,1514.75,734.5
2023-06-22,660.5,1500.5,739.0
2023-06-23,630.75,1494.5,733.25
2023-06-26,637.25,1521.0,724.25
2023-06-27,623.0,1495.0,685.0
2023-06-28,590.0,1451.0,655.75
2023-06-29,581.0,1483.0,653.0
2023-06-30,554.5,1557.25,636.25
2023-07-03,557.25,1562.0,628.5
2023-07-05,548.25,1547.25,662.0
2023-07-06,566.75,1525.75,647.0
2023-07-07,560.5,1485.5,639.5
2023-07-10,570.75,1508.0,636.25
2023-07-11,571.75,1520.5,649.5
2023-07-12,549.75,1488.5,621.25
2023-07-13,593.5,1518.0,627.5
2023-07-14,599.75,1495.75,641.5
2023-07-17,499.25,1484.0,653.75
2023-07-18,528.75,1492.0,670.75
2023-07-19,545.5,1491.5,727.75
2023-07-20,537.25,1495.0,727.0
2023-07-21,527.0,1501.0,697.5
2023-07-24,560.5,1523.25,757.5
2023-07-25,557.5,1515.5,760.25
2023-07-26,540.25,1546.25,720.0
2023-07-27,533.25,1532.0,712.75
2023-07-28,521.0,1486.75,704.25
2023-07-31,504.0,1445.75,665.75
2023-08-01,497.0,1446.75,652.25
2023-08-02,488.25,1429.75,640.0
2023-08-03,480.75,1428.75,627.0
2023-08-04,484.25,1444.0,633.0
2023-08-07,482.25,1414.5,657.5
2023-08-08,485.75,1430.0,656.25
2023-08-09,481.0,1431.5,635.0
2023-08-10,483.25,1412.0,637.75
2023-08-11,474.5,1401.25,626.75
2023-08-14,475.75,1391.0,616.0
2023-08-15,464.0,1323.25,598.5
2023-08-16,469.5,1334.75,597.75
2023-08-17,473.0,1336.75,589.5
2023-08-18,479.5,1362.75,613.25
2023-08-21,469.25,1370.0,599.25
2023-08-22,466.5,1351.5,601.75
2023-08-23,476.25,1359.5,612.5
2023-08-24,472.25,1365.75,604.0
2023-08-25,470.75,1381.0,593.25
2023-08-28,478.5,1395.25,588.0
2023-08-29,469.5,1382.0,569.75
2023-08-30,461.75,1381.25,576.75
2023-08-31,461.0,1360.0,573.0
2023-09-01,464.75,1356.25,567.5
2023-09-05,471.0,1349.0,572.5
2023-09-06,471.5,1360.25,581.0
2023-09-07,470.75,1345.0,571.5
2023-09-08,468.5,1349.5,567.25
2023-09-11,471.25,1352.5,556.0
2023-09-12,463.25,1331.75,560.25
2023-09-13,464.0,1336.0,569.0
2023-09-14,462.5,1343.75,567.5
2023-09-15,476.25,1340.25,604.25
2023-09-18,471.5,1316.75,591.25
2023-09-19,476.25,1315.5,584.0
2023-09-20,482.25,1320.0,588.75
2023-09-21,475.25,1293.75,575.75
2023-09-22,477.25,1296.25,579.5
2023-09-25,481.25,1297.75,589.0
2023-09-26,479.75,1302.75,589.0
2023-09-27,483.25,1303.25,579.5
2023-09-28,488.5,1300.5,578.75
2023-09-29,476.75,1275.0,541.5
2023-10-02,488.75,1277.0,564.75
2023-10-03,487.5,1272.75,568.5
2023-10-04,486.0,1273.0,560.0
2023-10-05,497.5,1280.75,578.25
2023-10-06,492.0,1266.0,568.25
2023-10-09,488.25,1264.25,572.75
2023-10-10,485.5,1271.5,558.5
2023-10-11,488.0,1252.5,556.0
2023-10-12,496.0,1290.0,571.5
2023-10-13,493.25,1280.25,579.75
2023-10-16,490.0,1286.25,577.25
2023-10-17,489.0,1296.75,570.5
2023-10-18,492.0,1311.0,580.25
2023-10-19,505.0,1315.5,594.0
2023-10-20,495.5,1302.25,586.0
2023-10-23,490.25,1286.75,587.25
2023-10-24,484.0,1295.25,580.5
2023-10-25,480.0,1288.25,568.5
2023-10-26,479.25,1279.5,579.5
2023-10-27,480.75,1297.25,575.5
2023-10-30,478.25,1282.75,566.0
2023-10-31,478.75,1287.0,556.25
2023-11-01,475.0,1291.25,561.75
2023-11-02,470.0,1304.0,565.5
2023-11-03,477.25,1327.5,572.5
2023-11-06,477.25,1340.5,575.75
2023-11-07,468.5,1348.75,570.25
2023-11-08,476.0,1349.0,592.25
2023-11-09,468.0,1327.75,580.75
2023-11-10,464.0,1333.5,575.25
2023-11-13,477.25,1368.0,579.0
2023-11-14,478.25,1368.75,572.0
2023-11-15,470.75,1385.0,560.5
2023-11-16,474.75,1360.25,553.5
2023-11-17,467.0,1340.25,550.75
2023-11-20,469.5,1367.25,543.5
2023-11-21,470.0,1377.25,555.0
2023-11-22,468.75,1356.5,555.75
2023-11-24,463.25,1330.75,548.75
2023-11-27,455.5,1329.75,534.25
2023-11-28,451.5,1346.5,543.75
2023-11-29,449.75,1347.0,556.0
2023-11-30,461.75,1342.75,570.25
2023-12-01,464.5,1325.0,577.0
2023-12-04,460.25,1306.25,595.75
2023-12-05,468.5,1305.5,620.75
2023-12-06,464.75,1295.5,615.75
2023-12-07,468.25,1311.75,626.0
2023-12-08,465.75,1304.0,615.0
2023-12-11,460.5,1336.0,591.25
2023-12-12,462.5,1323.75,607.0
2023-12-13,456.75,1307.5,585.25
2023-12-14,456.75,1314.0,594.0
2023-12-15,483.0,1315.75,629.25
2023-12-18,477.0,1327.0,617.0
2023-12-19,472.75,1312.5,622.75
2023-12-20,469.75,1308.25,610.0
2023-12-21,472.5,1297.25,612.5
2023-12-22,473.0,1299.75,616.25
2023-12-26,480.25,1313.25,636.25
2023-12-27,476.5,1316.75,623.0
2023-12-28,474.25,1305.25,631.5
2023-12-29,471.25,1293.5,628.0
2024-01-02,463.75,1274.0,606.75
2024-01-03,465.25,1269.5,600.25
2024-01-04,466.5,1262.0,613.5
2024-01-05,460.75,1249.75,616.0
2024-01-08,455.0,1239.5,596.25
2024-01-09,459.25,1241.5,610.0
2024-01-10,459.5,1228.75,610.75
2024-01-11,457.75,1231.25,603.75
2024-01-12,447.0,1205.75,596.0
2024-01-16,443.5,1227.25,582.0
2024-01-17,442.25,1205.75,582.5
2024-01-18,444.0,1213.5,585.5
2024-01-19,445.5,1213.25,593.25
2024-01-22,445.75,1224.25,596.5
2024-01-23,446.5,1239.5,596.5
2024-01-24,452.25,1240.25,610.75
2024-01-25,451.75,1223.0,612.25
2024-01-26,446.25,1209.25,600.25
2024-01-29,440.25,1194.25,593.5
2024-01-30,447.75,1218.75,605.5
2024-01-31,448.25,1222.25,595.25
2024-02-01,447.25,1203.25,601.5
2024-02-02,442.75,1188.5,599.75
2024-02-05,442.75,1196.25,590.25
2024-02-06,438.75,1199.5,595.0
2024-02-07,434.25,1189.0,602.0
2024-02-08,433.25,1193.5,588.5
2024-02-09,429.0,1183.5,596.75
2024-02-12,430.5,1193.0,597.5
2024-02-13,430.75,1186.25,597.5
2024-02-14,424.25,1170.5,585.5
2024-02-15,417.75,1162.25,567.0
2024-02-16,416.5,1172.25,560.5
2024-02-20,418.75,1179.0,582.75
2024-02-21,411.0,1160.75,583.25
2024-02-22,406.0,1147.75,583.25
2024-02-23,399.75,1133.0,573.5
2024-02-26,407.0,1136.0,577.25
2024-02-27,408.25,1131.25,586.0
2024-02-28,413.25,1134.0,571.0
2024-02-29,415.75,1128.25,577.5
2024-03-01,412.25,1143.0,560.0
2024-03-04,417.5,1147.0,563.5
2024-03-05,413.5,1140.75,545.75
2024-03-06,418.0,1140.25,521.25
2024-03-07,426.0,1157.0,520.75
2024-03-08,426.25,1170.5,526.75
2024-03-11,428.25,1165.0,537.5
2024-03-12,429.0,1182.0,535.5
2024-03-13,426.5,1181.75,532.25
2024-03-14,422.5,1180.75,519.5
2024-03-15,436.75,1198.25,528.5
2024-03-18,436.0,1187.75,542.75
2024-03-19,439.5,1185.5,552.5
2024-03-20,439.0,1209.5,545.0
2024-03-21,440.75,1212.0,546.75
2024-03-22,439.25,1192.5,554.75
2024-03-25,437.75,1209.25,555.0
2024-03-26,432.5,1199.0,543.5
2024-03-27,426.75,1192.5,547.5
2024-03-28,442.0,1191.5,560.25
2024-04-01,435.5,1185.75,557.0
2024-04-02,426.5,1174.0,545.25
2024-04-03,431.75,1182.25,556.0
2024-04-04,435.25,1180.0,556.25
2024-04-05,434.25,1185.0,567.25
2024-04-08,435.5,1181.5,565.75
2024-04-09,431.25,1174.5,557.75
2024-04-10,434.25,1164.75,558.5
2024-04-11,428.75,1159.25,551.75
2024-04-12,435.5,1174.0,556.0
2024-04-15,431.5,1158.25,551.75
2024-04-16,431.0,1145.0,549.75
2024-04-17,430.25,1149.5,537.0
2024-04-18,426.75,1134.25,536.75
2024-04-19,433.5,1150.5,550.25
2024-04-22,439.75,1161.0,570.25
2024-04-23,443.0,1167.5,585.0
2024-04-24,437.75,1166.0,594.5
2024-04-25,441.0,1162.75,602.25
2024-04-26,440.0,1159.5,603.25
2024-04-29,439.25,1160.75,590.25
2024-04-30,439.5,1145.5,585.0
2024-05-01,443.25,1155.75,581.5
2024-05-02,452.0,1190.0,586.5
2024-05-03,447.0,1201.75,606.0
2024-05-06,457.0,1234.75,632.25
2024-05-07,453.75,1232.25,624.75
2024-05-08,445.5,1212.75,616.0
2024-05-09,442.75,1192.75,619.75
2024-05-10,455.75,1205.0,645.75
2024-05-13,458.5,1205.5,670.25
2024-05-14,453.75,1199.0,657.0
2024-05-15,462.5,1213.5,665.75
2024-05-16,457.0,1216.25,663.25
2024-05-17,452.5,1228.0,651.25
2024-05-20,460.5,1248.0,688.75
2024-05-21,458.0,1236.25,697.5
2024-05-22,461.25,1246.25,693.0
2024-05-23,464.0,1239.25,698.0
2024-05-24,464.75,1248.0,697.25
2024-05-28,462.5,1229.5,700.25
2024-05-29,455.25,1214.0,692.75
2024-05-30,448.75,1209.75,681.0
2024-05-31,446.25,1205.0,678.5
2024-06-03,443.5,1184.5,672.75
2024-06-04,442.5,1179.0,658.25
2024-06-05,439.25,1177.25,646.75
2024-06-06,452.0,1200.0,639.5
2024-06-07,448.75,1179.25,627.5
2024-06-10,451.75,1188.25,607.5
2024-06-11,449.5,1178.0,626.5
2024-06-12,454.25,1177.25,617.0
2024-06-13,458.5,1189.5,620.0
2024-06-14,450.0,1179.75,612.75
2024-06-17,443.75,1157.75,591.5
2024-06-18,450.0,1174.0,582.0
2024-06-20,439.75,1155.25,572.75
2024-06-21,435.0,1160.5,561.5
2024-06-24,433.5,1175.25,552.5
2024-06-25,425.5,1163.25,541.75
2024-06-26,420.0,1162.75,541.25
2024-06-27,413.75,1152.25,559.75
2024-06-28,397.25,1150.5,553.5
2024-07-01,398.25,1159.5,569.25
2024-07-02,402.0,1165.0,561.5
2024-07-03,403.5,1176.5,554.5
2024-07-05,411.25,1188.5,572.25
2024-07-08,395.75,1174.25,553.0
2024-07-09,400.25,1161.5,554.25
2024-07-10,403.25,1141.25,543.5
2024-07-11,406.75,1142.75,554.25
2024-07-12,400.0,1134.5,538.0
2024-07-15,390.5,1078.0,532.5
2024-07-16,395.75,1090.5,530.75
2024-07-17,398.0,1097.25,539.25
2024-07-18,391.25,1098.5,535.25
2024-07-19,390.5,1097.25,542.75
2024-07-22,400.25,1117.75,548.0
2024-07-23,402.5,1117.5,542.75
2024-07-24,403.75,1111.0,547.0
2024-07-25,406.0,1116.0,537.75
2024-07-26,394.5,1077.5,523.5
2024-07-29,396.25,1054.75,531.0
2024-07-30,388.75,1027.25,524.0
2024-07-31,382.75,1028.5,527.25
2024-08-01,382.0,1022.0,532.0
2024-08-02,386.5,1029.25,539.0
2024-08-05,390.75,1044.25,539.5
2024-08-06,388.75,1028.5,543.25
2024-08-07,383.25,1020.25,538.25
2024-08-08,379.25,1009.75,537.5
2024-08-09,376.75,1028.0,542.5
2024-08-12,383.25,1012.0,536.75
2024-08-13,377.75,989.0,528.75
2024-08-14,381.0,979.75,534.75
2024-08-15,375.0,951.5,528.25
2024-08-16,370.5,938.75,530.0
2024-08-19,378.0,956.25,528.25
2024-08-20,375.0,957.25,533.0
2024-08-21,375.5,963.0,519.75
2024-08-22,371.5,941.25,511.0
2024-08-23,367.75,952.0,502.25
2024-08-26,362.0,959.75,498.0
2024-08-27,367.25,967.5,508.25
2024-08-28,365.25,958.5,514.25
2024-08-29,371.75,973.75,525.0
2024-08-30,378.0,982.0,532.75
2024-09-03,386.5,997.0,552.0
2024-09-04,390.5,1006.0,565.25
2024-09-05,390.0,1008.25,561.0
2024-09-06,383.75,989.25,553.25
2024-09-09,384.25,1000.0,555.5
2024-09-10,379.5,977.5,558.75
2024-09-11,380.5,979.75,563.75
2024-09-12,386.25,991.5,563.0
2024-09-13,390.75,986.75,571.25
2024-09-16,410.75,1004.5,578.5
2024-09-17,412.5,1006.0,575.75
2024-09-18,412.75,1014.0,575.75
2024-09-19,405.75,1013.25,565.5
2024-09-20,401.75,1012.0,568.5
2024-09-23,413.5,1039.25,582.5
2024-09-24,411.75,1042.25,578.0
2024-09-25,415.25,1053.25,589.25
2024-09-26,413.25,1041.0,584.25
2024-09-27,418.0,1065.75,580.0
2024-09-30,424.75,1057.0,584.0
2024-10-01,429.0,1057.25,599.0
2024-10-02,432.5,1056.0,615.25
2024-10-03,428.25,1046.0,603.5
2024-10-04,424.75,1037.75,589.75
2024-10-07,426.0,1034.0,592.5
2024-10-08,420.75,1016.25,594.75
2024-10-09,421.0,1020.25,599.0
2024-10-10,418.5,1014.75,603.75
2024-10-11,415.75,1005.5,599.0
2024-10-14,408.25,996.0,585.25
2024-10-15,401.25,991.0,579.5
2024-10-16,404.75,980.0,585.0
2024-10-17,406.75,988.75,589.5
2024-10-18,404.75,970.0,572.75
2024-10-21,409.5,981.0,572.25
2024-10-22,416.5,991.75,576.0
2024-10-23,419.0,997.5,578.5
2024-10-24,421.5,996.25,581.5
2024-10-25,415.25,987.75,569.0
2024-10-28,410.75,974.0,558.75
2024-10-29,413.75,965.25,570.5
2024-10-30,411.5,976.5,573.25
2024-10-31,410.75,982.5,570.5
2024-11-01,414.5,982.5,568.0
2024-11-04,416.5,987.25,568.75
2024-11-05,418.5,993.75,572.5
2024-11-06,426.25,994.5,573.25
2024-11-07,427.5,1015.5,571.5
2024-11-08,431.0,1016.75,572.5
2024-11-11,430.0,1011.75,565.5
2024-11-12,428.5,1003.5,552.25
2024-11-13,426.5,1004.25,541.0
2024-11-14,419.0,985.75,530.25
2024-11-15,424.0,998.5,536.5
2024-11-18,429.25,1009.75,547.25
2024-11-19,427.25,998.5,549.75
2024-11-20,430.25,990.5,552.5
2024-11-21,426.75,977.75,548.75
2024-11-22,425.5,983.5,544.25
2024-11-25,424.75,985.75,535.75
2024-11-26,420.0,983.5,539.5
2024-11-27,415.75,988.75,537.75
2024-11-29,423.0,989.5,532.25
2024-12-02,424.5,985.25,537.5
2024-12-03,423.25,991.75,536.75
2024-12-04,422.0,983.75,538.0
2024-12-05,426.5,993.75,546.75
2024-12-06,430.75,993.75,542.5
2024-12-09,434.0,990.0,541.25
2024-12-10,440.5,994.75,542.0
2024-12-11,438.0,995.5,543.5
2024-12-12,431.75,995.75,538.75
2024-12-13,430.0,988.25,526.5
2024-12-16,445.0,982.0,550.0
2024-12-17,443.5,976.75,545.0
2024-12-18,437.25,951.75,541.25
2024-12-19,440.75,963.0,533.0
2024-12-20,446.25,974.5,533.0
2024-12-23,447.75,969.5,540.5
2024-12-24,448.5,975.25,534.75
2024-12-26,453.75,988.0,541.0
2024-12-27,454.0,980.0,546.5
2024-12-30,452.25,982.0,548.25
2024-12-31,458.5,998.25,551.5
2025-01-02,459.5,999.5,545.75
2025-01-03,450.75,981.0,529.25
2025-01-06,457.75,992.5,540.5
2025-01-07,458.0,992.25,542.5
2025-01-08,454.0,987.5,536.25
2025-01-09,456.0,992.25,534.0
2025-01-10,470.5,1013.5,530.75
2025-01-13,476.5,1041.5,545.0
2025-01-14,474.5,1043.0,546.25
2025-01-15,478.75,1042.75,547.0
2025-01-16,474.5,1019.0,537.5
2025-01-17,484.25,1034.0,538.75
2025-01-21,490.0,1067.25,558.75
2025-01-22,484.25,1056.0,554.0
2025-01-23,489.75,1065.5,554.0
2025-01-24,486.5,1055.75,544.0
2025-01-27,482.0,1045.0,535.5
2025-01-28,485.25,1045.0,545.25
2025-01-29,497.0,1060.5,562.5
2025-01-30,490.25,1044.0,566.5
2025-01-31,482.0,1042.0,559.5
2025-02-03,488.75,1058.25,566.75
2025-02-04,494.5,1075.0,577.0
2025-02-05,493.25,1057.0,572.25
2025-02-06,495.25,1060.5,587.75
2025-02-07,487.5,1049.5,582.75
2025-02-10,491.5,1049.5,579.5
2025-02-11,484.0,1043.5,577.0
2025-02-12,490.25,1027.75,574.25
2025-02-13,493.5,1030.0,577.75
2025-02-14,496.25,1036.0,600.0
2025-02-18,502.0,1038.5,604.75
2025-02-19,497.5,1031.75,592.0
2025-02-20,498.0,1045.5,585.5
2025-02-21,491.25,1039.5,590.0
2025-02-24,482.5,1029.0,579.0
2025-02-25,479.75,1031.25,572.75
2025-02-26,478.25,1024.5,566.0
2025-02-27,464.75,1022.75,546.75
2025-02-28,453.5,1011.5,537.0
2025-03-03,440.25,998.25,532.0
2025-03-04,436.0,984.0,518.5
2025-03-05,440.25,997.75,530.75
2025-03-06,449.5,1014.0,537.0
2025-03-07,455.25,1010.25,533.75
2025-03-10,458.75,999.75,545.25
2025-03-11,456.5,997.75,541.0
2025-03-12,448.75,987.5,538.75
2025-03-13,453.5,996.75,547.25
2025-03-14,445.5,999.25,545.75
2025-03-17,461.0,1015.5,568.5
2025-03-18,458.75,1012.75,565.0
2025-03-19,462.0,1008.25,563.5
2025-03-20,469.0,1013.0,557.25
2025-03-21,464.25,1009.75,558.25
2025-03-24,464.5,1007.25,548.25
2025-03-25,457.75,1001.75,543.25
2025-03-26,451.25,1001.0,535.25
2025-03-27,450.0,1016.75,532.0
2025-03-28,453.25,1023.0,528.25
2025-03-31,457.25,1014.75,537.0
2025-04-01,461.75,1034.25,540.5
2025-04-02,457.75,1029.5,539.25
2025-04-03,457.5,1011.5,536.0
2025-04-04,460.25,977.0,529.0
2025-04-07,464.5,983.0,536.5
2025-04-08,469.0,992.75,540.0
2025-04-09,474.0,1012.75,542.25
2025-04-10,483.0,1029.0,538.0
2025-04-11,490.25,1042.75,555.75
2025-04-14,485.0,1041.75,547.5
2025-04-15,481.25,1036.0,542.0
2025-04-16,484.25,1038.75,547.75
2025-04-17,482.25,1036.5,548.75
2025-04-21,481.75,1029.5,538.5
2025-04-22,475.75,1035.0,535.5
2025-04-23,472.0,1040.25,528.25
2025-04-24,477.25,1053.0,529.25
2025-04-25,478.75,1049.75,530.0
2025-04-28,475.5,1052.0,515.5
2025-04-29,460.5,1041.0,505.75
2025-04-30,467.25,1034.75,513.0
2025-05-01,464.25,1040.25,515.25
2025-05-02,461.25,1048.75,526.5
2025-05-05,446.5,1038.0,514.25
2025-05-06,447.5,1034.75,519.0
2025-05-07,441.0,1030.5,518.0
2025-05-08,439.0,1036.75,513.0
2025-05-09,441.5,1044.0,505.5
2025-05-12,440.25,1066.0,499.0
2025-05-13,436.0,1067.25,501.5
2025-05-14,438.5,1067.0,508.75
2025-05-15,448.5,1051.25,532.75
2025-05-16,443.5,1050.0,525.0
2025-05-19,447.5,1050.75,529.0
2025-05-20,454.5,1053.0,546.0
2025-05-21,461.0,1062.75,549.25
2025-05-22,463.0,1067.5,544.5
2025-05-23,459.5,1060.25,542.5
2025-05-27,459.5,1062.5,528.5
2025-05-28,451.0,1048.5,530.25
2025-05-29,447.0,1051.75,534.0
2025-05-30,444.0,1041.75,534.0
2025-06-02,438.25,1033.5,539.0
2025-06-03,438.5,1040.75,536.0
2025-06-04,438.75,1045.0,543.25
2025-06-05,439.5,1051.75,545.5
2025-06-06,442.5,1057.25,554.75
2025-06-09,433.5,1056.0,542.0
2025-06-10,438.75,1057.75,534.5
2025-06-11,437.0,1050.5,534.25
2025-06-12,438.5,1042.25,526.5
2025-06-13,444.5,1069.75,543.75
2025-06-16,434.75,1069.75,536.5
2025-06-17,431.5,1074.0,549.0
2025-06-18,433.5,1074.75,574.25
2025-06-20,428.75,1068.0,567.75
2025-06-23,419.25,1058.75,552.75
2025-06-24,416.25,1046.75,535.75
2025-06-25,410.25,1025.25,528.25
2025-06-26,409.5,1022.75,521.0
2025-06-27,417.5,1027.75,524.75
2025-06-30,420.5,1024.25,528.75
2025-07-01,420.0,1024.75,537.25
2025-07-02,429.25,1050.5,556.0
2025-07-03,431.5,1056.25,547.75
2025-07-07,418.0,1031.75,539.75
2025-07-08,411.0,1024.25,543.0
2025-07-09,412.5,1012.25,542.75
2025-07-10,407.25,1012.5,550.25
2025-07-11,403.0,1004.0,540.75
2025-07-14,412.75,997.0,534.0
2025-07-15,401.25,995.0,538.0
2025-07-16,405.25,1013.5,541.25
2025-07-17,402.0,1021.5,533.5
2025-07-18,408.5,1027.75,546.25
2025-07-21,403.75,1015.0,542.25
2025-07-22,399.25,1010.25,549.5
2025-07-23,398.5,1005.75,540.5
2025-07-24,401.75,1004.25,541.5
2025-07-25,399.5,998.75,538.25
2025-07-28,393.75,988.75,538.5
2025-07-29,389.25,981.75,529.75
2025-07-30,391.75,967.75,523.75
2025-07-31,394.0,961.75,523.25
2025-08-01,389.5,961.75,516.75
2025-08-04,387.0,969.0,516.75
2025-08-05,381.5,969.0,508.25
2025-08-06,379.75,961.5,508.5
2025-08-07,384.5,971.75,518.25
2025-08-08,382.75,966.75,514.5
2025-08-11,385.0,989.5,515.0
2025-08-12,371.5,1011.75,505.0
2025-08-13,374.0,1023.5,507.25
2025-08-14,375.0,1008.5,503.5
2025-08-15,383.75,1022.25,506.5
2025-08-18,383.0,1020.75,502.75
2025-08-19,379.5,1013.0,498.5
2025-08-20,380.0,1015.0,505.5
2025-08-21,387.25,1034.5,507.0
2025-08-22,388.25,1036.5,504.75
2025-08-25,389.25,1025.5,506.75
2025-08-26,387.5,1028.75,509.5
2025-08-27,382.5,1027.25,502.25
2025-08-28,385.5,1028.25,510.25
2025-08-29,398.0,1036.75,518.0
2025-09-02,403.0,1025.75,513.0
2025-09-03,397.75,1016.0,504.0
2025-09-04,399.75,1012.0,502.25
2025-09-05,399.0,1006.5,501.0
2025-09-08,403.0,1013.5,505.5
2025-09-09,401.25,1011.5,500.75
2025-09-10,397.25,1005.5,495.0
2025-09-11,399.0,1015.25,503.0
2025-09-12,399.0,1025.75,503.0
2025-09-15,423.25,1042.75,525.0
2025-09-16,429.5,1049.75,534.0
2025-09-17,426.75,1043.75,528.25
2025-09-18,423.75,1037.5,524.25
2025-09-19,424.0,1025.5,522.5
2025-09-22,421.75,1011.0,510.75
2025-09-23,426.25,1012.0,520.5
2025-09-24,424.25,1009.0,519.5
2025-09-25,425.75,1012.25,527.0
2025-09-26,422.0,1013.75,519.75
2025-09-29,421.5,1010.5,519.5
2025-09-30,415.5,1001.75,508.0
2025-10-01,416.5,1013.0,509.25
2025-10-02,421.75,1023.75,514.75
2025-10-03,419.0,1018.0,515.25
2025-10-06,421.75,1017.75,512.75
2025-10-07,419.75,1022.0,506.75
2025-10-08,422.0,1029.5,507.25
2025-10-09,418.25,1022.25,506.5
2025-10-10,413.0,1006.75,498.5
2025-10-13,410.75,1007.75,496.75
2025-10-14,413.0,1006.5,500.25
2025-10-15,416.75,1006.5,498.75
2025-10-16,421.75,1010.75,502.5
2025-10-17,422.5,1019.5,503.75
2025-10-20,423.25,1031.75,504.75
2025-10-21,419.75,1030.75,500.25
2025-10-22,423.0,1034.75,503.75
2025-10-23,428.0,1044.75,513.0
2025-10-24,423.25,1041.75,512.5
2025-10-27,428.75,1067.25,526.0
2025-10-28,432.0,1078.25,529.0
2025-10-29,434.0,1080.25,532.25
2025-10-30,430.25,1091.25,524.25
2025-10-31,431.5,1099.75,534.0
2025-11-03,434.25,1119.75,543.5
2025-11-04,431.5,1108.25,550.25
2025-11-05,435.25,1119.75,554.75
2025-11-06,428.75,1091.75,535.5
2025-11-07,427.25,1101.75,527.75
2025-11-10,429.75,1116.0,535.75
2025-11-11,432.0,1113.25,536.0
2025-11-12,435.25,1120.5,536.0
2025-11-13,441.5,1132.0,535.75
2025-11-14,430.25,1112.75,527.25
2025-11-17,434.75,1157.25,544.25
2025-11-18,436.75,1153.5,546.5
2025-11-19,429.75,1136.25,536.75
2025-11-20,426.5,1122.5,527.0
2025-11-21,425.5,1125.0,527.0
2025-11-24,423.75,1123.25,522.25
2025-11-25,423.5,1124.75,527.25
2025-11-26,431.75,1131.5,529.0
2025-11-28,435.5,1137.75,531.0
2025-12-01,432.75,1128.0,530.25
2025-12-02,438.0,1124.75,537.75
2025-12-03,431.5,1115.75,537.75
2025-12-04,437.75,1119.5,541.0
2025-12-05,436.75,1105.25,537.5
2025-12-08,436.25,1093.75,536.0
2025-12-09,440.75,1087.25,536.25
2025-12-10,434.75,1091.25,531.25
2025-12-11,435.25,1093.5,534.5
2025-12-12,431.5,1076.75,534.5
2025-12-15,439.75,1071.75,520.75
2025-12-16,436.5,1062.75,509.5
2025-12-17,440.5,1058.25,506.25
2025-12-18,444.5,1052.25,507.75
2025-12-19,443.75,1049.25,509.75
2025-12-22,447.0,1053.25,515.5
2025-12-23,447.5,1051.5,517.0
2025-12-24,451.0,1063.25,521.75
2025-12-26,450.0,1058.75,519.0
2025-12-29,442.25,1049.5,513.0
2025-12-30,440.5,1046.25,510.75
2025-12-31,440.25,1030.5,507.0
2026-01-02,437.5,1029.5,506.5
2026-01-05,444.5,1047.25,512.5
2026-01-06,444.0,1042.0,510.5
2026-01-07,446.75,1052.75,518.0
2026-01-08,446.0,1047.0,518.0
2026-01-09,445.75,1048.5,517.25
2026-01-12,421.5,1033.0,511.25
2026-01-13,419.75,1023.25,510.5
2026-01-14,422.0,1030.5,512.5
2026-01-15,420.25,1053.0,510.5
2026-01-16,424.75,1057.75,518.0
2026-01-20,423.75,1053.0,510.25
2026-01-21,421.75,1064.5,507.75
2026-01-22,424.0,1064.0,515.5
2026-01-23,430.5,1067.75,529.5
2026-01-26,428.25,1061.75,522.5
2026-01-27,426.5,1067.25,523.25
2026-01-28,430.0,1075.0,536.0
2026-01-29,430.75,1072.25,541.5
2026-01-30,428.25,1064.25,538.0
2026-02-02,425.75,1060.25,527.75
2026-02-03,428.5,1065.75,528.75
2026-02-04,429.5,1092.25,526.75
2026-02-05,435.0,1112.25,535.25
2026-02-06,430.25,1115.25,529.75
2026-02-09,428.75,1110.75,528.75
2026-02-10,428.75,1122.5,528.25
2026-02-11,427.5,1124.0,537.25
2026-02-12,431.25,1137.25,552.5
2026-02-13,431.75,1133.0,548.75
2026-02-17,426.25,1134.0,537.75
2026-02-18,427.0,1133.5,547.0
2026-02-19,425.75,1141.0,559.5
2026-02-20,427.5,1137.5,573.5
2026-02-23,427.5,1134.25,569.5
2026-02-24,427.75,1139.5,567.5
2026-02-25,430.5,1148.25,565.75
2026-02-26,433.25,1147.75,571.75
2026-02-27,438.75,1157.25,591.25
2026-03-02,433.25,1150.0,574.5
2026-03-03,434.25,1155.75,572.25
2026-03-04,431.75,1154.5,566.75
2026-03-05,441.5,1163.75,582.75
2026-03-06,447.0,1185.0,611.25
2026-03-09,437.5,1180.5,598.0
2026-03-10,436.25,1187.25,584.75
2026-03-11,444.25,1200.5,588.5
2026-03-12,448.25,1213.0,592.25
2026-03-13,452.5,1211.0,618.5
2026-03-16,454.0,1155.25,597.25
2026-03-17,454.0,1157.0,589.75
2026-03-18,463.25,1161.75,604.25
2026-03-19,469.75,1168.5,608.0
2026-03-20,465.5,1161.25,595.25
2026-03-23,459.5,1163.5,587.75
2026-03-24,462.5,1155.0,590.0
2026-03-25,467.25,1171.75,597.75
2026-03-26,467.0,1173.75,605.0
2026-03-27,462.0,1159.25,605.0
2026-03-30,455.75,1159.75,607.0
2026-03-31,457.75,1171.0,616.25
2026-04-01,454.25,1168.5,597.5
2026-04-02,452.25,1163.5,598.25
2026-04-06,454.0,1166.75,595.25
2026-04-07,449.0,1158.25,598.0
2026-04-08,447.25,1162.0,580.25
2026-04-09,444.0,1165.25,574.5
2026-04-10,441.0,1175.75,571.0
2026-04-13,440.25,1162.25,582.25
2026-04-14,443.0,1158.0,592.0
2026-04-15,451.25,1167.0,593.75
2026-04-16,448.5,1163.75,598.5
2026-04-17,448.75,1167.25,591.25
2026-04-20,452.0,1165.75,597.0
2026-04-21,453.75,1174.5,605.0
2026-04-22,454.25,1164.5,599.25
2026-04-23,455.5,1159.75,610.75
2026-04-24,455.0,1163.75,608.25
2026-04-27,460.75,1177.25,621.5
2026-04-28,465.25,1173.0,649.0
2026-04-29,466.5,1182.25,642.25
2026-04-30,464.75,1182.0,623.75
2026-05-01,468.25,1187.75,624.5
2026-05-04,473.75,1207.5,629.5
2026-05-05,465.5,1195.75,616.5
2026-05-06,452.75,1179.0,606.0
2026-05-07,452.75,1177.0,601.75
2026-05-08,456.25,1194.25,607.5
2026-05-11,460.75,1199.75,622.25
2026-05-12,467.25,1213.5,665.0
2026-05-13,466.5,1215.25,665.0
2026-05-14,451.5,1174.5,647.0
2026-05-15,455.75,1177.0,635.75
2026-05-18,477.0,1213.0,664.5
2026-05-19,475.25,1209.5,667.25
2026-05-20,465.75,1199.75,660.5
2026-05-21,462.25,1194.25,647.5
2026-05-22,463.25,1196.5,646.25
2026-05-26,457.5,1186.0,635.5
2026-05-27,452.5,1185.25,622.5
2026-05-28,455.75,1194.5,624.0
2026-05-29,446.75,1186.75,610.5
