,USDKRW_yoy,AG_yoy,KOSPI_ret,RETAIL_yoy
2018-01-31,,,,
2018-02-28,,,-0.05419916928376045,
2018-03-31,,,0.00761732911475832,
2018-04-30,,,0.02842774495574152,
2018-05-31,,,-0.03672208572859759,
2018-06-30,,,-0.039983326523621465,
2018-07-31,,,-0.013270969378323616,
2018-08-31,,,0.012033495116021697,
2018-09-30,,,0.0086917963906874,
2018-10-31,,,-0.1337476046383591,
2018-11-30,,,0.03309372367208785,
2018-12-31,,,-0.026620756750569963,
2019-01-31,0.03399403249259514,0.03055875069331737,0.08025810371183306,
2019-02-28,0.03308346422783148,-0.08131511195316798,-0.004267864027031276,
2019-03-31,0.07033893707332872,-0.075640854387095,-0.024947163211019197,
2019-04-30,0.08771804467423228,-0.15855549415856907,0.029392666781895338,
2019-05-31,0.1004028506999588,-0.037119382139961576,-0.07344832750194008,
2019-06-30,0.03128842816966215,0.10099156181390345,0.043531497644166084,
2019-07-31,0.06663379848541484,-0.03291037323634338,-0.04978363105574901,
2019-08-31,0.08221801696388376,-0.029802700109301417,-0.028035859820700892,
2019-09-30,0.08024272950717726,0.043627368335011685,0.04840963720722247,
2019-10-31,0.022853125706139732,0.06043184388747913,0.009902813795109155,
2019-11-30,0.05370538502931166,0.017584490907959438,0.0021502486224969086,
2019-12-31,0.035877385116892535,0.07049281489138659,0.052544110040422254,
2020-01-31,0.07044183509214386,0.011512671706505717,-0.03579245291604283,
2020-02-29,0.08627933379449515,0.052264368084631974,-0.06229324071146447,
2020-03-31,0.07034405422941914,0.059683112881234957,-0.11694455488397137,
2020-04-30,0.04272471395443955,0.04101658600746161,0.10994847946017416,
2020-05-31,0.03541793504381885,-0.08881905939020052,0.04212450450820504,
2020-06-30,0.03702841810878699,-0.09769068564932903,0.03879089475758768,
2020-07-31,0.0027395873249633773,-0.036597318700736126,0.06689654845304105,
2020-08-31,-0.016667214410274744,0.09229079932040074,0.03414289334346954,
2020-09-30,-0.02856424933482893,0.08762057920411959,0.000739412854606325,
2020-10-31,-0.029371773717275618,0.11475820603050813,-0.026092298175600992,
2020-11-30,-0.06174973288919616,0.16887858881911133,0.1429945085239177,
2020-12-31,-0.06047471190993936,0.25901408948900917,0.10887417320768389,
2021-01-31,-0.06303487125351692,0.39201569365226874,0.035754679881815354,
2021-02-28,-0.07609947020332053,0.4398400541100813,0.012344559019692669,
2021-03-31,-0.0735292361831622,0.42894907242074853,0.016087223485288682,
2021-04-30,-0.08766155477424398,0.832354793280506,0.02823526337451243,
2021-05-31,-0.10036001948410767,0.6722373572289944,0.017808924157999284,
2021-06-30,-0.05740204626344492,0.6845047167481073,0.028952033758645523,
2021-07-31,-0.03988034326963219,0.5346934914093204,-0.02862273560066486,
2021-08-31,-0.024118819871841835,0.3953363716233964,-0.0009524344849984878,
2021-09-30,0.017133771764666905,0.2969246297380521,-0.040774926780171694,
2021-10-31,0.03350978728260623,0.291365060361519,-0.03197971858890403,
2021-11-30,0.07824657268955626,0.23341618929220487,-0.044323185263979825,
2021-12-31,0.09523937935402582,0.14219586574912513,0.04883392450185098,
2022-01-31,0.085786906763478,0.12651608996766406,-0.10555639514382142,
2022-02-28,0.0701079951347705,0.27681221006521906,0.013456787342209342,
2022-03-31,0.07744859174041396,0.3449714360049623,0.02166213442601106,
2022-04-30,0.1496977611746848,0.191177613954431,-0.022700487734121366,
2022-05-31,0.12173662771079297,0.27407678046778505,-0.003395113263204852,
2022-06-30,0.13996989090722045,0.15574856800791448,-0.13152388398674564,
2022-07-31,0.14023047916541742,0.14375335375111753,0.05095514095616993,
2022-08-31,0.15870889422684287,0.18792948523009723,0.008382622883948754,
2022-09-30,0.2081996412511289,0.20324170835704614,-0.12805566230456522,
2022-10-31,0.21782299558877116,0.16517088455326512,0.06407823743093233,
2022-11-30,0.11306415001339887,0.12012546005152003,0.07800803100788722,
2022-12-31,0.05913991566521282,0.10349382417748121,-0.09550136904304507,
2023-01-31,0.019698470520217226,0.038643273158067926,0.08436773385798602,
2023-02-28,0.10083585635498205,-0.15208310879870002,-0.005043132597687516,
2023-03-31,0.06751749691230957,-0.1734317774382348,0.02652879375012951,
2023-04-30,0.05099466543856623,-0.2692636720385,0.009960191532827789,
2023-05-31,0.06442572569874327,-0.3071305087642803,0.030217506885785728,
2023-06-30,0.02745958828012718,-0.20228022291411463,-0.004982305829763334,
2023-07-31,-0.018697956689917583,-0.1587647844348402,0.026635156847146124,
2023-08-31,-0.013127110238696726,-0.24102067606292876,-0.02898677343138667,
2023-09-30,-0.057559636847297035,-0.27169403246419743,-0.035676982478376584,
2023-10-31,-0.05175681557444223,-0.2636350027966231,-0.07589236816804401,
2023-11-30,-0.027924285219956713,-0.22190143157093067,0.11295045193350295,
2023-12-31,0.013949467505484758,-0.22311323934334792,0.047327919094068305,
2024-01-31,0.0772391352961328,-0.25723921998821553,-0.059575637974149664,
2024-02-29,0.011400636837873845,-0.2525940289325207,0.05817571653404552,
2024-03-31,0.037647557727535697,-0.24601875167523424,0.03946093643561066,
2024-04-30,0.03611351990036238,-0.1972174249826234,-0.019867983674539458,
2024-05-31,0.04076445086091285,-0.0735260295910325,-0.020631040912906795,
2024-06-30,0.043247972591266226,-0.22780528859757088,0.06117913006538922,
2024-07-31,0.0704185569257536,-0.24647027234849717,-0.009696835393270486,
2024-08-31,0.006220550597334951,-0.18044627211765918,-0.034785558831915586,
2024-09-30,-0.024127328797934555,-0.0730123287135731,-0.030303143614614614,
2024-10-31,0.02262493877558791,-0.1242043024339996,-0.014313974248728378,
2024-11-30,0.08145243927917156,-0.1426960482021442,-0.03921522602351202,
2024-12-31,0.14833629710935115,-0.12960662136343082,-0.022973154553709296,
2025-01-31,0.08671664793680267,-0.04842059669442178,0.04912710617672933,
2025-02-28,0.08735692753918811,-0.031181049529430127,0.006121468040057865,
2025-03-31,0.09414179395650768,-0.05478713031825544,-0.02039656030132908,
2025-04-30,0.027637059274228548,-0.055654843745869154,0.030425775456245585,
2025-05-31,-0.003787354760757311,-0.12193998095850189,0.05517462577397403,
2025-06-30,-0.023031419602282943,-0.03442784532797538,0.13864927882209455,
2025-07-31,0.017245134995079958,-0.015133897479579272,0.056561513168603694,
2025-08-31,0.04198424519273969,0.026250487935511657,-0.01831184677578379,
2025-09-30,0.06676656906894296,-0.06919732400766854,0.07488677060021764,
2025-10-31,0.032969000495428835,0.03248420362470972,0.19941015009052165,
2025-11-30,0.048876748151422955,0.057026550730462366,-0.04404382227632375,
2025-12-31,-0.020090078421184376,-0.03050914949580008,0.07323912096755714,
2026-01-31,-0.008948034979274877,-0.04441464332706424,0.23971268363639808,
2026-02-28,-0.012097746844325075,0.0681510444672826,0.19519520094327358,
2026-03-31,0.021311717675532194,0.09854631977199535,-0.19084644297924613,
2026-04-30,0.035301148211150046,0.11373476032495322,0.306070706151063,
2026-05-31,0.09976573966416113,0.09431052904047266,0.2844850709288105,
