date,name,mm_long,mm_short,mm_spread,mm_net_long,oi
2022-01-04,GOLD - COMMODITY EXCHANGE INC.,124252,44744,37276,79508,502717
2022-01-11,GOLD - COMMODITY EXCHANGE INC.,119297,44987,50002,74310,546516
2022-01-18,GOLD - COMMODITY EXCHANGE INC.,119807,48014,39932,71793,539204
2022-01-25,GOLD - COMMODITY EXCHANGE INC.,140640,39265,48912,101375,572078
2022-02-01,GOLD - COMMODITY EXCHANGE INC.,108309,58395,42396,49914,515331
2022-02-08,GOLD - COMMODITY EXCHANGE INC.,117234,47767,41506,69467,512842
2022-02-15,GOLD - COMMODITY EXCHANGE INC.,151530,43824,47013,107706,558645
2022-02-22,GOLD - COMMODITY EXCHANGE INC.,183356,44380,55800,138976,611488
2022-03-01,GOLD - COMMODITY EXCHANGE INC.,187215,38594,53992,148621,615600
2022-03-08,GOLD - COMMODITY EXCHANGE INC.,181510,38537,38554,142973,638502
2022-03-15,GOLD - COMMODITY EXCHANGE INC.,165597,39060,31328,126537,617605
2022-03-22,GOLD - COMMODITY EXCHANGE INC.,152589,37457,32756,115132,605191
2022-03-29,GOLD - COMMODITY EXCHANGE INC.,146486,38184,37384,108302,574521
2022-04-05,GOLD - COMMODITY EXCHANGE INC.,148320,46693,32241,101627,560666
2022-04-12,GOLD - COMMODITY EXCHANGE INC.,165244,48219,31725,117025,577639
2022-04-19,GOLD - COMMODITY EXCHANGE INC.,157560,56294,34469,101266,575202
2022-04-26,GOLD - COMMODITY EXCHANGE INC.,138215,57098,36063,81117,557785
2022-05-03,GOLD - COMMODITY EXCHANGE INC.,128828,60981,39883,67847,560441
2022-05-10,GOLD - COMMODITY EXCHANGE INC.,123931,61939,61863,61992,571447
2022-05-17,GOLD - COMMODITY EXCHANGE INC.,115572,72212,48635,43360,555756
2022-05-24,GOLD - COMMODITY EXCHANGE INC.,121174,60117,38533,61057,530098
2022-05-31,GOLD - COMMODITY EXCHANGE INC.,112731,61938,34212,50793,513722
2022-06-07,GOLD - COMMODITY EXCHANGE INC.,115215,57684,34946,57531,494130
2022-06-14,GOLD - COMMODITY EXCHANGE INC.,109111,72206,34898,36905,497456
2022-06-21,GOLD - COMMODITY EXCHANGE INC.,113220,63417,36961,49803,500276
2022-06-28,GOLD - COMMODITY EXCHANGE INC.,110850,74748,38340,36102,497005
2022-07-05,GOLD - COMMODITY EXCHANGE INC.,103472,86438,38833,17034,498210
2022-07-12,GOLD - COMMODITY EXCHANGE INC.,91669,97802,73944,-6133,542493
2022-07-19,GOLD - COMMODITY EXCHANGE INC.,91056,109794,67378,-18738,524786
2022-07-26,GOLD - COMMODITY EXCHANGE INC.,92216,111309,41752,-19093,487515
2022-08-02,GOLD - COMMODITY EXCHANGE INC.,96634,80779,33380,15855,459649
2022-08-09,GOLD - COMMODITY EXCHANGE INC.,100013,59279,36807,40734,453540
2022-08-16,GOLD - COMMODITY EXCHANGE INC.,96765,60392,37551,36373,453960
2022-08-23,GOLD - COMMODITY EXCHANGE INC.,95850,73739,39072,22111,457762
2022-08-30,GOLD - COMMODITY EXCHANGE INC.,91761,79973,39811,11788,459165
2022-09-06,GOLD - COMMODITY EXCHANGE INC.,85842,92804,48627,-6962,465908
2022-09-13,GOLD - COMMODITY EXCHANGE INC.,80300,98637,51000,-18337,463674
2022-09-20,GOLD - COMMODITY EXCHANGE INC.,78544,115239,50131,-36695,469395
2022-09-27,GOLD - COMMODITY EXCHANGE INC.,74171,117265,51269,-43094,457061
2022-10-04,GOLD - COMMODITY EXCHANGE INC.,82806,89681,49981,-6875,437065
2022-10-11,GOLD - COMMODITY EXCHANGE INC.,78365,83945,50752,-5580,431395
2022-10-18,GOLD - COMMODITY EXCHANGE INC.,73344,99042,50402,-25698,434701
2022-10-25,GOLD - COMMODITY EXCHANGE INC.,72016,110804,51771,-38788,456072
2022-11-01,GOLD - COMMODITY EXCHANGE INC.,78213,119614,58278,-41401,467276
2022-11-08,GOLD - COMMODITY EXCHANGE INC.,88059,104405,69205,-16346,488471
2022-11-15,GOLD - COMMODITY EXCHANGE INC.,95065,69608,75828,25457,495171
2022-11-22,GOLD - COMMODITY EXCHANGE INC.,92161,72730,45262,19431,449542
2022-11-29,GOLD - COMMODITY EXCHANGE INC.,88032,73312,41705,14720,433661
2022-12-06,GOLD - COMMODITY EXCHANGE INC.,93629,70142,40897,23487,422100
2022-12-13,GOLD - COMMODITY EXCHANGE INC.,103737,66288,39850,37449,437040
2022-12-20,GOLD - COMMODITY EXCHANGE INC.,104813,65718,41330,39095,436653
2022-12-27,GOLD - COMMODITY EXCHANGE INC.,106983,56106,43511,50877,440040
2023-01-03,GOLD - COMMODITY EXCHANGE INC.,109140,54559,46277,54581,449393
2023-01-10,GOLD - COMMODITY EXCHANGE INC.,116604,54795,51130,61809,481519
2023-01-17,GOLD - COMMODITY EXCHANGE INC.,124222,54845,56137,69377,491818
2023-01-24,GOLD - COMMODITY EXCHANGE INC.,131501,51622,50144,79879,499927
2023-01-31,GOLD - COMMODITY EXCHANGE INC.,138125,53678,36652,84447,471642
2023-02-07,GOLD - COMMODITY EXCHANGE INC.,115521,55945,35692,59576,439755
2023-02-14,GOLD - COMMODITY EXCHANGE INC.,106106,64933,35047,41173,426116
2023-02-21,GOLD - COMMODITY EXCHANGE INC.,104710,68004,37183,36706,422648
2023-02-28,GOLD - COMMODITY EXCHANGE INC.,99425,72850,39934,26575,426890
2023-03-07,GOLD - COMMODITY EXCHANGE INC.,103439,89040,45179,14399,458474
2023-03-14,GOLD - COMMODITY EXCHANGE INC.,118560,58839,44131,59721,459064
2023-03-21,GOLD - COMMODITY EXCHANGE INC.,125090,43861,45007,81229,469874
2023-03-28,GOLD - COMMODITY EXCHANGE INC.,130530,31370,42643,99160,478611
2023-04-04,GOLD - COMMODITY EXCHANGE INC.,142348,32217,31693,110131,476592
2023-04-11,GOLD - COMMODITY EXCHANGE INC.,135015,30409,32439,104606,476567
2023-04-18,GOLD - COMMODITY EXCHANGE INC.,137170,34474,31046,102696,482254
2023-04-25,GOLD - COMMODITY EXCHANGE INC.,135979,33176,27707,102803,473209
2023-05-02,GOLD - COMMODITY EXCHANGE INC.,143191,29401,31850,113790,493804
2023-05-09,GOLD - COMMODITY EXCHANGE INC.,143463,32477,47158,110986,518951
2023-05-16,GOLD - COMMODITY EXCHANGE INC.,139786,35803,45017,103983,521832
2023-05-23,GOLD - COMMODITY EXCHANGE INC.,128550,35411,27579,93139,479080
2023-05-30,GOLD - COMMODITY EXCHANGE INC.,122904,36201,24902,86703,449515
2023-06-06,GOLD - COMMODITY EXCHANGE INC.,120985,27557,26495,93428,436301
2023-06-13,GOLD - COMMODITY EXCHANGE INC.,110512,35869,27364,74643,432898
2023-06-20,GOLD - COMMODITY EXCHANGE INC.,110314,34275,30457,76039,438037
2023-06-27,GOLD - COMMODITY EXCHANGE INC.,108209,38534,31279,69675,431861
2023-07-03,GOLD - COMMODITY EXCHANGE INC.,123017,39869,32723,83148,448063
2023-07-11,GOLD - COMMODITY EXCHANGE INC.,124394,41951,41464,82443,483170
2023-07-18,GOLD - COMMODITY EXCHANGE INC.,147644,32326,33429,115318,482104
2023-07-25,GOLD - COMMODITY EXCHANGE INC.,132603,37316,35498,95287,476176
2023-08-01,GOLD - COMMODITY EXCHANGE INC.,123802,43793,30029,80009,439383
2023-08-08,GOLD - COMMODITY EXCHANGE INC.,114585,55979,29953,58606,427759
2023-08-15,GOLD - COMMODITY EXCHANGE INC.,113146,83610,30928,29536,433611
2023-08-22,GOLD - COMMODITY EXCHANGE INC.,105085,95976,32173,9109,430239
2023-08-29,GOLD - COMMODITY EXCHANGE INC.,120609,81367,33536,39242,442806
2023-09-05,GOLD - COMMODITY EXCHANGE INC.,120222,69857,33104,50365,438672
2023-09-12,GOLD - COMMODITY EXCHANGE INC.,117737,83166,34102,34571,441221
2023-09-19,GOLD - COMMODITY EXCHANGE INC.,121172,73782,35725,47390,438078
2023-09-26,GOLD - COMMODITY EXCHANGE INC.,114668,91230,35282,23438,435620
2023-10-03,GOLD - COMMODITY EXCHANGE INC.,100500,108061,32940,-7561,431226
2023-10-10,GOLD - COMMODITY EXCHANGE INC.,93934,120701,34940,-26767,436499
2023-10-17,GOLD - COMMODITY EXCHANGE INC.,104708,89605,39547,15103,439581
2023-10-24,GOLD - COMMODITY EXCHANGE INC.,122456,66708,41442,55748,463476
2023-10-31,GOLD - COMMODITY EXCHANGE INC.,140111,65271,41868,74840,475808
2023-11-07,GOLD - COMMODITY EXCHANGE INC.,140609,62374,44562,78235,484347
2023-11-14,GOLD - COMMODITY EXCHANGE INC.,132924,68609,46638,64315,486634
2023-11-21,GOLD - COMMODITY EXCHANGE INC.,144381,65246,42144,79135,508429
2023-11-28,GOLD - COMMODITY EXCHANGE INC.,169695,54802,28942,114893,505658
2023-12-05,GOLD - COMMODITY EXCHANGE INC.,159907,50520,27391,109387,487469
2023-12-12,GOLD - COMMODITY EXCHANGE INC.,149634,54106,28531,95528,469939
2023-12-19,GOLD - COMMODITY EXCHANGE INC.,155697,47421,28885,108276,481203
2023-12-26,GOLD - COMMODITY EXCHANGE INC.,152801,46347,30180,106454,491343
2024-01-02,GOLD - COMMODITY EXCHANGE INC.,154384,45235,33238,109149,500364
2024-01-09,GOLD - COMMODITY EXCHANGE INC.,134333,45874,35868,88459,489849
2024-01-16,GOLD - COMMODITY EXCHANGE INC.,130931,47702,41913,83229,489334
2024-01-23,GOLD - COMMODITY EXCHANGE INC.,111298,50265,40521,61033,465872
2024-01-30,GOLD - COMMODITY EXCHANGE INC.,108093,52069,33205,56024,430328
2024-02-06,GOLD - COMMODITY EXCHANGE INC.,114316,46247,31466,68069,419121
2024-02-13,GOLD - COMMODITY EXCHANGE INC.,100642,66466,36698,34176,420812
2024-02-20,GOLD - COMMODITY EXCHANGE INC.,98840,48917,35670,49923,407063
2024-02-27,GOLD - COMMODITY EXCHANGE INC.,103885,47732,36277,56153,411195
2024-03-05,GOLD - COMMODITY EXCHANGE INC.,145106,35343,38504,109763,471616
2024-03-12,GOLD - COMMODITY EXCHANGE INC.,173994,32911,39000,141083,516057
2024-03-19,GOLD - COMMODITY EXCHANGE INC.,172588,29692,49801,142896,535047
2024-03-26,GOLD - COMMODITY EXCHANGE INC.,163006,27211,33140,135795,503642
2024-04-02,GOLD - COMMODITY EXCHANGE INC.,173073,25993,30153,147080,500045
2024-04-09,GOLD - COMMODITY EXCHANGE INC.,174617,32885,29589,141732,505214
2024-04-16,GOLD - COMMODITY EXCHANGE INC.,169910,35174,37065,134736,517193
2024-04-23,GOLD - COMMODITY EXCHANGE INC.,176400,34261,44015,142139,516249
2024-04-30,GOLD - COMMODITY EXCHANGE INC.,171853,36826,48645,135027,519791
2024-05-07,GOLD - COMMODITY EXCHANGE INC.,164780,38681,56799,126099,529835
2024-05-14,GOLD - COMMODITY EXCHANGE INC.,171868,41433,36357,130435,522952
2024-05-21,GOLD - COMMODITY EXCHANGE INC.,190605,42082,35310,148523,530591
2024-05-28,GOLD - COMMODITY EXCHANGE INC.,174444,25616,24917,148828,485430
2024-06-04,GOLD - COMMODITY EXCHANGE INC.,172560,20261,17978,152299,447488
2024-06-11,GOLD - COMMODITY EXCHANGE INC.,168424,15459,15958,152965,436857
2024-06-18,GOLD - COMMODITY EXCHANGE INC.,177639,17018,15366,160621,444345
2024-06-25,GOLD - COMMODITY EXCHANGE INC.,174756,16554,17574,158202,452190
2024-07-02,GOLD - COMMODITY EXCHANGE INC.,167688,16873,22299,150815,454730
2024-07-09,GOLD - COMMODITY EXCHANGE INC.,181982,24515,42934,157467,516324
2024-07-16,GOLD - COMMODITY EXCHANGE INC.,216502,31970,31300,184532,579862
2024-07-23,GOLD - COMMODITY EXCHANGE INC.,197802,34942,41039,162860,572306
2024-07-30,GOLD - COMMODITY EXCHANGE INC.,185586,33222,22563,152364,510914
2024-08-06,GOLD - COMMODITY EXCHANGE INC.,180303,29517,21094,150786,480645
2024-08-13,GOLD - COMMODITY EXCHANGE INC.,203844,25929,19009,177915,505872
2024-08-20,GOLD - COMMODITY EXCHANGE INC.,222142,28837,19236,193305,532867
2024-08-27,GOLD - COMMODITY EXCHANGE INC.,217976,17685,21993,200291,521759
2024-09-03,GOLD - COMMODITY EXCHANGE INC.,212086,19996,20378,192090,511136
2024-09-10,GOLD - COMMODITY EXCHANGE INC.,213645,23190,20876,190455,511501
2024-09-17,GOLD - COMMODITY EXCHANGE INC.,241844,25489,21035,216355,537627
2024-09-24,GOLD - COMMODITY EXCHANGE INC.,256435,37406,20681,219029,564640
2024-10-01,GOLD - COMMODITY EXCHANGE INC.,247867,33405,18204,214462,533107
2024-10-08,GOLD - COMMODITY EXCHANGE INC.,227596,33537,23430,194059,520316
2024-10-15,GOLD - COMMODITY EXCHANGE INC.,233871,34450,35343,199421,541232
2024-10-22,GOLD - COMMODITY EXCHANGE INC.,242427,37267,52677,205160,573760
2024-10-29,GOLD - COMMODITY EXCHANGE INC.,234856,39683,64343,195173,579468
2024-11-05,GOLD - COMMODITY EXCHANGE INC.,219687,36684,69684,183003,558034
2024-11-12,GOLD - COMMODITY EXCHANGE INC.,203661,38365,62058,165296,535981
2024-11-19,GOLD - COMMODITY EXCHANGE INC.,193355,38181,46147,155174,502952
2024-11-26,GOLD - COMMODITY EXCHANGE INC.,203596,24306,29011,179290,472660
2024-12-03,GOLD - COMMODITY EXCHANGE INC.,203580,22845,28552,180735,462040
2024-12-10,GOLD - COMMODITY EXCHANGE INC.,218482,22404,32041,196078,483346
2024-12-17,GOLD - COMMODITY EXCHANGE INC.,201880,18378,39928,183502,466571
2024-12-24,GOLD - COMMODITY EXCHANGE INC.,186099,20602,40060,165497,454646
2024-12-31,GOLD - COMMODITY EXCHANGE INC.,182128,15959,47970,166169,458584
