date,adf_stat,adf_p,r2,alpha,b_real,c_dollar
2011-05-22,-2.135558669743755,0.03138671343441337,0.7578274067436946,13.063944258086199,-0.14181916744974676,-1.7883076510380453
2011-06-12,-2.4935980201289802,0.012220839213979607,0.793861484138869,13.656292586910123,-0.128111288575216,-1.921675701813344
2011-07-03,-2.446599612173571,0.013921733343110258,0.8185523018283535,13.528369998970646,-0.12062691869222468,-1.8941127012112235
2011-07-24,-2.489842288821995,0.01234963877626405,0.8308341093836288,13.725226571535018,-0.11036410906712694,-1.93933393516182
2011-08-14,-2.366025782010158,0.01732815281351317,0.8573990912597661,13.790744933424063,-0.10738755274618453,-1.9533283418065368
2011-09-04,-1.7057894327077698,0.0834134145353918,0.8523091516731917,13.567229658990508,-0.13339514131449842,-1.8967866916492637
2011-09-25,-1.9980271062257435,0.04372267126471159,0.8374573879806398,12.523270526072189,-0.1737169352622316,-1.6557681756009857
2011-10-16,-2.1444418353148804,0.030703532311704862,0.8326873863902727,12.345867730437664,-0.19183448315882629,-1.6128915899624043
2011-11-06,-2.3369128803996406,0.018727717519406717,0.844549255831528,12.964165488704424,-0.20523905338396653,-1.748248701748992
2011-11-27,-2.313464296725164,0.019925804864577564,0.8426322265515591,13.02410510242329,-0.2226228880481207,-1.758648776652206
2011-12-18,-2.653820515266285,0.007725379489558526,0.8256636927965073,12.842326412488038,-0.22661956266526767,-1.7173427123614204
2012-01-08,-2.4176024469006894,0.015072662893156032,0.8044708446146227,12.62848205390797,-0.2154663815718755,-1.6712360104040698
2012-01-29,-2.5144583258500246,0.011526941342721248,0.782571558988859,12.461239353067723,-0.2120077895619233,-1.6344418336565707
2012-02-19,-2.742633430932923,0.005934834755642439,0.7825102387969007,11.720926825472876,-0.20141983641387867,-1.4706523743040951
2012-03-11,-3.7765103393049917,0.00017397585955335648,0.8402817566985318,11.258905732646328,-0.19614507016234686,-1.3674996185020776
2012-04-01,-3.390459490334497,0.000714416742934547,0.8818219545322465,11.0340466700362,-0.19106741006323158,-1.3172797273113344
2012-04-22,-2.8267669890403706,0.0045949296701364006,0.8678623441923687,10.70807852984413,-0.18158999534741932,-1.2457476460935744
2012-05-13,-2.336848185571938,0.018730934533190715,0.8310821475962663,11.226654003858702,-0.17892625181975413,-1.3622540649951849
2012-06-03,-2.3500934423408606,0.018082286006278616,0.7761176528659155,12.33384473118216,-0.17666307368773654,-1.609598777462669
2012-06-24,-2.109667166795674,0.03345216123515182,0.7019143989889314,12.651345751793333,-0.16881029524572885,-1.6810377916672117
2012-07-15,-1.835526053777756,0.06324012476607907,0.5954211071631663,13.637613439334782,-0.17323060173052074,-1.9010000055057503
2012-08-05,-1.7059499593004213,0.08338566329192787,0.45558574949857034,13.188642735618291,-0.15366651530094394,-1.802246314671326
2012-08-26,-2.119168561748211,0.03268120010269279,0.32701000144712034,12.348109705220281,-0.13155700917001306,-1.6158695891745345
2012-09-16,-2.253364735751777,0.023305853725237517,0.3011127182894785,11.959054668725301,-0.11506416619489317,-1.5291850613665368
2012-10-07,-2.206243919637934,0.026292459881455253,0.32194858553629147,11.892251501605388,-0.10162603522799747,-1.5136245771791637
2012-10-28,-2.511799804330535,0.01161338019527008,0.3210225796681838,11.7925311667091,-0.08672164026138576,-1.4906757900908862
2012-11-18,-3.493405820239309,0.0004953398695149187,0.35764845277889457,11.956543900221428,-0.06381239847185816,-1.5253505066132151
2012-12-09,-4.262767361319795,2.543835558609403e-05,0.5159592073279327,13.084010861731448,-0.04143162771911989,-1.7730898131654762
2012-12-30,-4.096382072414826,4.995556579402373e-05,0.6852727251143396,15.092238205266057,-0.025926963137942925,-2.216464740763774
2013-01-20,-3.82007299903536,0.00014737347894319482,0.6157546449274878,15.349529889532178,-0.02092221891614749,-2.2732067382082937
2013-02-10,-3.522999220074221,0.00044520503415384707,0.5659298340693326,14.422445448809173,-0.023624591247360743,-2.068669971120724
2013-03-03,-3.120076758047125,0.0017997196881814588,0.5442231818445946,14.617797546779137,-0.019608475019188793,-2.1119067765500557
2013-03-24,-3.292137644287773,0.0010061504826105454,0.5438937587405719,15.00998842139634,-0.015133917456812265,-2.198549630866449
2013-04-14,-2.223930809040477,0.025134924453849333,0.5455594617207061,15.213082941636365,-0.024096506697691783,-2.2453882185278085
2013-05-05,-1.3297874881213405,0.1700045820360655,0.3760255072966212,15.72040711122866,-0.02579559186490145,-2.359560018428232
2013-05-26,-1.3166874340598476,0.17385035437628232,0.37031065789383977,17.58374182755948,-0.047022846946725774,-2.7756172931374916
2013-06-16,-1.8278074478142226,0.06431899542323592,0.48273655673521854,19.162403804861455,-0.10314360880741948,-3.132581045366245
2013-07-07,-2.4943655930185193,0.012194663282338447,0.6588861898526901,19.02262876542933,-0.13555332174281307,-3.1059930487846756
2013-07-28,-2.4627297282509617,0.013315735530533421,0.7350727952856679,17.475343008920568,-0.15296911575356764,-2.7663065101586506
2013-08-18,-2.4813423920916646,0.012645595361234278,0.7820195021870373,15.22400187953677,-0.16794278740452712,-2.270629767925284
2013-09-08,-1.8047606309733666,0.0676285922742002,0.7570659863304017,13.229792243823859,-0.15061907978458086,-1.8278400247283402
2013-09-29,-2.338838230510747,0.018632198276836827,0.7770885897145858,11.938741332200845,-0.15359180625459307,-1.543078205724822
2013-10-20,-2.4043052396111833,0.015627932661905413,0.7973788819796335,12.208873520775498,-0.15737536069085928,-1.6037536368213585
2013-11-10,-2.5196237691764254,0.011360628296013985,0.8157991980161313,14.01593821378355,-0.15146020201260463,-2.003370183331606
2013-12-01,-2.462759798142093,0.013314627986821733,0.8333152435034988,15.605185420997957,-0.14817202196134288,-2.3550849850175473
2013-12-22,-2.4093942807445914,0.015413330467582422,0.8480540323095451,16.794483876002467,-0.14612376313723593,-2.6183683825395483
2014-01-12,-2.628646061966139,0.008314764697504907,0.8623606557512595,18.180390668745765,-0.14114050303182207,-2.925086388442784
2014-02-02,-2.7017354669035196,0.0067065648269074105,0.8680839780919787,18.26292951337015,-0.1367422782817597,-2.9436281516162373
2014-02-23,-2.5424745903294035,0.0106502529744202,0.8601650112792029,15.999223367303747,-0.14031090034263285,-2.4439063692636456
2014-03-16,-2.4137959200125243,0.015229813109434652,0.8442976214268332,13.480961255169234,-0.1442024726548049,-1.8879527233325324
2014-04-06,-2.7122535794836753,0.0064998680476565755,0.8313736803427735,13.153136615611597,-0.1387366733588376,-1.8158677914889907
2014-04-27,-2.6206431304120037,0.008510425892267616,0.818192886179122,13.043882711047573,-0.13288306114454598,-1.7924492580532294
2014-05-18,-2.6206207504767227,0.008510978804597728,0.7929746761361616,12.304900236373234,-0.13226251824927956,-1.6300089916177505
2014-06-08,-2.651745355107452,0.007772500067528536,0.7531950189580987,11.016656692975747,-0.13102669419658475,-1.3469915444695277
2014-06-29,-3.0727552675318393,0.0021033248581553985,0.7157357467037331,7.467406871193891,-0.13255430241891414,-0.5655135604962362
2014-07-20,-2.887293990330574,0.0038085106695105383,0.6650797494202985,6.2849305576625625,-0.12532333121837497,-0.3060976869815235
2014-08-10,-3.4317962533958783,0.0006172976859446974,0.5853671082606529,8.12175201670297,-0.10079751780270593,-0.7136534975866557
2014-08-31,-2.929845477502786,0.003331670334935962,0.42434287319684993,9.462053791448351,-0.0691593044172133,-1.0124542188128993
2014-09-21,-2.724611619455162,0.006264391938728391,0.32151291583650354,10.93051847356647,-0.06312171277262832,-1.3366790351170192
2014-10-12,-2.799421519872612,0.004996656843432161,0.27528635729345785,11.83833757724252,-0.04853286831330381,-1.5382969825556119
2014-11-02,-2.7887902847969874,0.005161291448175921,0.2684618137250433,11.65943988772941,-0.020112802198474656,-1.502361351799829
2014-11-23,-2.6660418498412284,0.00745305456029668,0.40152869058500784,12.1693275062284,-0.015671488063836742,-1.6149932713657917
2014-12-14,-2.5009643928978815,0.01197167636151911,0.4329616253060742,11.167723921380524,-0.012165515555391677,-1.3949562381706688
2015-01-04,-2.8891144910692628,0.0037868918187561316,0.4799016385229815,10.428338647054346,-0.012550440123634876,-1.2324401960574178
2015-01-25,-3.0389151174999265,0.0023488145800379177,0.4852287165511546,9.066020012819235,-0.0735835810368175,-0.9273224125835803
2015-02-15,-2.624454504829633,0.008416732589701569,0.476664679465161,8.340715421804212,-0.10714288203106904,-0.764957854018819
2015-03-08,-2.7136401045550005,0.006473055197921331,0.5023439541913434,8.250654625419653,-0.10584534610873457,-0.7453885526411939
2015-03-29,-2.726087877973469,0.006236785530223319,0.5381682598297071,8.197990692906508,-0.10180657353854708,-0.734544651433046
2015-04-19,-2.7814704375778616,0.005277500010987506,0.5576193740657152,8.257983591781139,-0.0961260755389295,-0.7482004175088564
2015-05-10,-2.8892227017184666,0.003785610340755508,0.5863627174261188,8.329818060505946,-0.08188935339357999,-0.7650938989443732
2015-05-31,-2.802329695910817,0.004952461863207163,0.613472850156801,8.236678215278722,-0.06289342269926691,-0.7460130721000319
2015-06-21,-2.720402718681905,0.006343708233794007,0.6398028630134635,8.200124269891884,-0.05621742051393851,-0.738434257504486
2015-07-12,-3.136510138120516,0.0017041791898786095,0.6690923584377486,8.185932436142846,-0.06478876005667236,-0.7348637393441771
2015-08-02,-3.342741788019635,0.0008443413480438708,0.7303271839628365,8.240632779334742,-0.09146482221619973,-0.7454579807525492
2015-08-23,-3.5906382960145042,0.0003480235490344439,0.7828798754081097,8.161308041102753,-0.11744148000868758,-0.7267391843405135
2015-09-13,-3.837567914496423,0.00013782215520501888,0.8080538437187714,7.944527960976661,-0.12456720271338126,-0.6794261506809902
2015-10-04,-3.7319074219478114,0.00020591940814858824,0.8095603045781637,7.7677759387891925,-0.12175168760692573,-0.6414499890213234
2015-10-25,-3.3733284805612924,0.0007587320909956841,0.7996496130649912,7.7390837208665815,-0.11641866186118534,-0.6353768727571366
2015-11-15,-3.641912542501272,0.0002881310362548333,0.8029470534728435,7.641013182057508,-0.11757508910878135,-0.6142225388848419
2015-12-06,-3.5592021011418264,0.0003903848472106722,0.7990599100180399,7.555594739440383,-0.1266637862245839,-0.5955777866545866
2015-12-27,-3.609688559915355,0.00032451149274093923,0.7973400417077083,7.5322244306845,-0.13054700800730595,-0.5904475975121395
2016-01-17,-3.6213506573214302,0.0003108693797827023,0.7847195867163805,7.477902864314581,-0.13130985001279127,-0.5788005075453686
2016-02-07,-3.3467735554597504,0.0008325596785140959,0.7613198668943031,7.258583801946612,-0.13308974695579906,-0.5314551247540669
2016-02-28,-3.002283871678333,0.0026442266843131382,0.6624491777812875,6.614771534388379,-0.15088797312811372,-0.39129152121126093
2016-03-20,-2.9908921924187992,0.002742859655887853,0.5937793909143574,6.1004375966440065,-0.17000871574980925,-0.27889220865277614
2016-04-10,-3.061014678202449,0.0021856687274120507,0.6103550422339828,6.241835836141438,-0.17087467141161006,-0.30869936272028087
2016-05-01,-2.9601898365348402,0.003025826042268596,0.6303213120931144,5.866628248187332,-0.18549816015661197,-0.2272026678880794
2016-05-22,-3.2335179451855067,0.0012297419218338652,0.6556076554739307,5.081649144940329,-0.20998953049956823,-0.057554220108657794
2016-06-12,-3.6556284637211585,0.00027385042276711734,0.6699402206615079,4.388978942728612,-0.21622400751669651,0.09018918330753034
2016-07-03,-3.5810114748486064,0.0003605100977088299,0.6853034060167074,3.6631510057988113,-0.2309591005051259,0.24610526572678548
2016-07-24,-3.586623841652171,0.00035317991558096935,0.7343392076831559,3.1507725157605,-0.24626340270177927,0.3566498070954579
2016-08-14,-3.7817204348373368,0.00017056854051531007,0.7727075136398008,3.1170015407170863,-0.2589049633899306,0.36542571904359655
2016-09-04,-4.549155870687625,7.659656371824979e-06,0.8228307970601993,3.618522847145067,-0.2798721990738488,0.26145451219378246
2016-09-25,-4.651562723186494,4.930771229131563e-06,0.8706886283729218,4.502097010786382,-0.297976754423225,0.07612805880033907
2016-10-16,-4.221561262913557,3.0113649039560586e-05,0.8684580399081895,4.787209152858818,-0.2909017606052936,0.01475595057300172
2016-11-06,-4.255147735972877,2.6246549432388013e-05,0.8717742604863142,4.393521934701897,-0.2882153107189275,0.09762779672261146
2016-11-27,-4.236567055904491,2.8322479285587934e-05,0.8747429045421706,3.8504927651314116,-0.28960485796753876,0.21274059104958498
2016-12-18,-4.601289832881149,6.125415817859841e-06,0.8822765755078827,4.463912145248612,-0.2850450748074748,0.08270417070791292
2017-01-08,-4.537801956714736,8.040140309345962e-06,0.8889169792536576,5.065456991805229,-0.2804733057277897,-0.04481980936520569
2017-01-29,-4.495437878156454,9.628212261950187e-06,0.8845915333092792,5.042846528086563,-0.2799646229853389,-0.04002362432283202
2017-02-19,-4.191300054410862,3.4063481814469895e-05,0.8789787730995446,4.680143401224394,-0.28383583591327854,0.037109715821693645
2017-03-12,-4.135845883725316,4.2632408027238835e-05,0.8732366693586016,3.9255342623866887,-0.29023280977727217,0.19718433414530556
2017-04-02,-3.92212606515461,9.940677052912641e-05,0.8504386614485613,3.4000443026528906,-0.29569549095329567,0.30883337397120836
2017-04-23,-3.5389578607198344,0.0004201987136600732,0.8210130359537401,3.9498066048995684,-0.2770783694459049,0.19210374269885744
2017-05-14,-3.4110139575329135,0.0006644566382490865,0.7688860775931408,4.7676195054495665,-0.24706520815269964,0.01794843571080884
2017-06-04,-3.5038932914458196,0.0004769924040557005,0.7160790295020858,6.187870223071277,-0.19520864824718315,-0.2846704056915057
2017-06-25,-2.9596491975862147,0.0030310412940670658,0.6776468607133797,7.1198457934690875,-0.15356064090122168,-0.4835327737770422
2017-07-16,-2.7889024618082208,0.005159528808010351,0.6787102847155659,7.342330631138232,-0.1470225158466803,-0.5308873876392339
2017-08-06,-2.7328339985891303,0.006112028916467355,0.6809208493128585,7.52954963658302,-0.1435137811904876,-0.5706332496485347
2017-08-27,-3.148184200382393,0.0016391953707278186,0.7353674709293971,8.277495178919983,-0.13864433332131573,-0.7284529928738769
2017-09-17,-3.4721246459114363,0.0005346366804640674,0.7978687605855017,9.185184888722368,-0.1347429137577218,-0.9199731229682678
2017-10-08,-3.6994443721781707,0.0002325980083236546,0.8184631317846456,9.41669168068788,-0.13768367426509315,-0.9684161032204254
2017-10-29,-3.8798821084862394,0.00011710266811701873,0.8694270304761011,9.766767604732363,-0.13930294440262656,-1.0417246379954843
2017-11-19,-3.5071335481765313,0.00047145469081295843,0.869018235596402,9.914901538827388,-0.13749761126709611,-1.0729912055939246
2017-12-10,-3.49939133813226,0.00048478840535967816,0.8565031540658039,9.928543050415993,-0.13206926336889788,-1.0763947241898766
2017-12-31,-3.438662024776077,0.0006024233272303982,0.8411261705445283,9.913593243621147,-0.12586886808081704,-1.0738619482265306
2018-01-21,-3.1633578597868084,0.0015581727141094105,0.8221508153088257,10.159593263023329,-0.11769827754580628,-1.1264317234980339
2018-02-11,-3.057357458133713,0.0022119223197157967,0.8199335140563005,10.406037339273484,-0.094370094405889,-1.1806473416228767
2018-03-04,-2.9639142859390644,0.0029901221175594756,0.8189715764856718,10.646429832051007,-0.08376900403990678,-1.2321920822205996
2018-03-25,-2.520835518517884,0.011321924065798314,0.8225867824773986,10.735568870875852,-0.07125978946499864,-1.2521691377646698
2018-04-15,-2.543368639176931,0.010623283101287203,0.8274173194913538,10.84099709937002,-0.06358071154048622,-1.2752780633555565
2018-05-06,-2.9528920610894467,0.0030969252796882096,0.805895541926161,10.454266134761967,-0.03759894423030885,-1.1957335168272771
2018-05-27,-2.9849004085878215,0.0027960894323996854,0.7599632562840253,9.53035955860221,-0.0016799256543049423,-1.0033012701581754
2018-06-17,-3.0580570836901577,0.002206877546998248,0.7051530901229526,9.232704601146654,0.008577372790014248,-0.9411162580014837
2018-07-08,-2.9558798793569867,0.0030676323866216655,0.682673254916194,9.291312707369219,0.006794496767202063,-0.9533947876734522
2018-07-29,-2.340992944584226,0.01852580501707734,0.6596792647782981,9.707708231225956,-0.002533766084556882,-1.040972898038984
2018-08-19,-1.9030251741194721,0.05441434516068201,0.6490958021833795,10.303415331549168,-0.017439173140106207,-1.1660026180291485
2018-09-09,-2.579301151210132,0.009588565128106115,0.7283891022559745,11.260417892654251,-0.014246138518234946,-1.3702425040516335
2018-09-30,-2.1082884929238563,0.03356529991525889,0.7644754292459195,11.96072171288932,-0.016836411953696256,-1.5190692813150186
2018-10-21,-3.111845680799335,0.0018494212486976369,0.8008177598709743,12.374742980729128,-0.0071629269295448855,-1.6085522256112395
2018-11-11,-2.5070520754834926,0.011769182884471699,0.8053280814670274,12.389329986093564,0.011167241759659885,-1.6141901447882658
2018-12-02,-2.70078830445321,0.006725466702432491,0.8129419617147028,12.002641274826232,0.012637107901379351,-1.5319475974862518
2018-12-23,-1.9413985033167858,0.04986286619051709,0.7936842986358965,11.495889090114845,0.010236333289086495,-1.4235274321226392
2019-01-13,-1.6358553514610963,0.0962017648819159,0.7335518241976192,11.085612867302368,0.0111047910278835,-1.336182761792971
2019-02-03,-1.1281075829239577,0.23557281475004416,0.6728771946114362,10.944439380413598,0.02106589825072983,-1.3076005531025845
2019-02-24,-0.6370955448977299,0.439078347730615,0.5754340524865151,10.282197922461014,0.008245022682153047,-1.1645459307433885
2019-03-17,-1.188489788074501,0.21452691137770236,0.52362378008681,9.713342098591694,-0.005648650195375596,-1.0413226855713118
2019-04-07,-1.3857828336907312,0.15421619483906635,0.4941340902025262,9.041498173993153,-0.03144270218562062,-0.8943211043038932
2019-04-28,-1.9230907032612865,0.051993717108029136,0.5049235461112884,8.772303776066746,-0.05062467749134297,-0.8337469249797754
2019-05-19,-1.5955283534607243,0.10422850641223846,0.5314355669503337,8.535477408121713,-0.0733237785329321,-0.7793782606867422
2019-06-09,-1.4451968843517566,0.13860819382987954,0.5118559343752118,8.389028562064661,-0.08776909870702226,-0.7457414575916951
2019-06-30,-1.1776657481675457,0.21821198078760057,0.5036031349902759,8.15120084086513,-0.11456204809667678,-0.6905405597865704
2019-07-21,-1.4024956852438188,0.1497072668288112,0.5409356443659443,7.729379975887977,-0.1385279082001719,-0.5971155257627213
2019-08-11,-1.2521698723818158,0.19363345941833865,0.6101038100544897,7.174542471491345,-0.16014646543426264,-0.47614745935581093
2019-09-01,-1.5574939287076708,0.11225217084813832,0.7029447546924291,6.162431145878451,-0.17902365673248818,-0.25931279740278246
2019-09-22,-1.8641033128162683,0.059371984016807565,0.7630122813396389,3.5719261448020836,-0.18267372969337636,0.2875568353847351
2019-10-13,-2.249807764322634,0.023520595145918727,0.8213882610316031,0.5056517432342247,-0.18071682429494929,0.9332823253162302
2019-11-03,-2.2775590483781865,0.02188969551928013,0.8534140257522478,-1.7848198073251047,-0.18172411794611518,1.4158705021401148
2019-11-24,-2.458612612330541,0.013468150849735915,0.8621809213861068,-1.9883975299171137,-0.18312212915313533,1.4589952707342058
2019-12-15,-2.4145205738399302,0.015199785419474296,0.8664335550991727,-1.6656140841867932,-0.18379215244464778,1.3911549300196797
2020-01-05,-2.5018813365899866,0.01194097947620096,0.8728765813378149,0.08518181525825064,-0.19144115262311825,1.024088591249467
2020-01-26,-2.4462564926204364,0.013934884788435556,0.8859420202736602,3.374645290214314,-0.203017408254349,0.3338721795349744
2020-02-16,-2.4300759736118853,0.014567671677194593,0.8976482826496193,5.094533558269316,-0.20528999175941887,-0.027320281390648793
2020-03-08,-2.320755103396066,0.01954632491477473,0.8999594269204632,5.145417251536438,-0.20473528059934615,-0.03790015998022378
2020-03-29,-3.3268711062481318,0.0008922554043533371,0.8940828702533771,3.5762348850023393,-0.20427400094547704,0.29223082184063554
2020-04-19,-3.4036550359522555,0.0006819531620764583,0.8939271299171769,4.219921549314025,-0.20540185409297293,0.1568029972153422
2020-05-10,-3.5492231880340492,0.0004048216354186798,0.9006108683894857,4.163596819481693,-0.2101665106960731,0.16892106520237726
2020-05-31,-3.905741056443657,0.00010594338483763782,0.9128142261470571,4.391635405370694,-0.22270343740689763,0.12146096791634442
2020-06-21,-4.637287673546652,5.244807204563061e-06,0.9294436905803684,4.811061963135761,-0.2381153687358898,0.03350635522963685
2020-07-12,-4.951189511359384,1.316397953282149e-06,0.9436021173312573,4.868231572938983,-0.24345238264588437,0.021014276676844745
2020-08-02,-4.965395229671413,1.2351097187556412e-06,0.9506879251682038,4.84267302689482,-0.24556045927421058,0.02610599113055101
2020-08-23,-5.159255332154702,5.125694450720729e-07,0.9568741893858942,5.0677550250890775,-0.2473102109202916,-0.020907113833437463
2020-09-13,-5.340611166894025,2.2165394071879203e-07,0.960285744130208,4.991633588626801,-0.241661877772149,-0.004696449955843729
2020-10-04,-5.4839306354640165,1.1313983499460345e-07,0.9616578529281536,5.001651892838116,-0.23569882211720164,-0.006395624294613933
2020-10-25,-6.430904829607582,1.1030736059175847e-09,0.9690675083672617,5.064409790595047,-0.22883364672399242,-0.01880328220312255
2020-11-15,-6.367336794984241,1.5183225463263668e-09,0.9696763957244637,5.40098134081739,-0.2276314004800762,-0.08897469770760147
2020-12-06,-5.81744774257954,2.2926557245220844e-08,0.963049869695798,5.030528099062245,-0.22214421058342027,-0.01104060759499792
2020-12-27,-5.5168105806142,9.684907226361907e-08,0.9586857942328847,4.648300068789678,-0.21651336678001998,0.06946260726815412
2021-01-17,-5.298041832343282,2.702083139575594e-07,0.9575571337578245,4.400533657603114,-0.21353957936914,0.12169396726205317
2021-02-07,-4.801340021501165,2.5628899567084643e-06,0.9497732391323063,4.038594258516781,-0.21063387134492823,0.19765197444446603
2021-02-28,-4.7934295663819935,2.653790934630466e-06,0.9415458969907224,3.790308104568896,-0.20852659343446212,0.2498255670555422
2021-03-21,-4.817787495929039,2.3834868883371013e-06,0.931603070114186,3.5997447637271645,-0.20988698660209226,0.2894363879392333
2021-04-11,-4.897830795438998,1.6710050624656247e-06,0.9188805025135397,3.5389155663851803,-0.20855261522543417,0.3022932349312017
2021-05-02,-4.832795734346751,2.23049349404207e-06,0.9035545797507223,3.5796879423505996,-0.20322174723566536,0.29450462094394647
2021-05-23,-4.801296276500448,2.5633842068605063e-06,0.8805748043906091,3.632287819399313,-0.20380467912500638,0.2834105017699512
2021-06-13,-4.7969478236978045,2.61298075189492e-06,0.8572746297041147,3.62849007869517,-0.21501466739530561,0.28267317974956374
2021-07-04,-4.922642494933491,1.4958377535408587e-06,0.8250368720105836,3.333214293114395,-0.22349933479084205,0.34320524695720284
2021-07-25,-4.244416761753508,2.7426855802109085e-05,0.7870760882198418,3.2056577673848508,-0.22274516413156187,0.3697779407245865
2021-08-15,-2.715247593167555,0.0064420946700458545,0.5957859820531854,3.2822511307248763,-0.20930122282260682,0.35515762724247923
2021-09-05,-2.9093228373867213,0.0035543525719417767,0.4998776478695529,3.1110988692548545,-0.18830128457774115,0.39475283902843594
2021-09-26,-2.721911916216533,0.006315163563745984,0.4132466386365058,2.866493493806593,-0.17507425553304498,0.44844159929432065
2021-10-17,-2.5733759170415316,0.009752720707472181,0.3499481218376185,2.7192911827534356,-0.16643810792713504,0.48080579266906226
2021-11-07,-2.690233974322749,0.006939375064228538,0.27023671610389965,2.471238664956743,-0.14372027849113667,0.5372958624758674
2021-11-28,-2.6436620953658885,0.00795852437525642,0.25287909033959677,1.8627539891148643,-0.11432513596521691,0.671463194115862
2021-12-19,-2.9470875774130407,0.003154569861970888,0.18827514868381012,2.65768619434479,-0.10303534565759495,0.505176622484297
2022-01-09,-2.6815240313699453,0.007120511652916076,0.1319137461438611,4.5494411755138255,-0.09509388803789073,0.10622378091955464
2022-01-30,-3.1908224686759423,0.0014209215884563719,0.09444128033299537,5.529200666839448,-0.06980915684166619,-0.09632721588977189
2022-02-20,-2.624949379503458,0.008404635552008256,0.060300640919759285,6.526441782577503,-0.036314855086553355,-0.3009390630926479
2022-03-13,-2.2403158467090383,0.024102030690280565,0.02593947542111108,5.668465367933294,-0.028054313132873716,-0.11786277062023665
2022-04-03,-2.5687954144642733,0.009881339814734017,0.0003874187315580091,5.0492058813425995,-0.0035769793479849543,0.01771301119107993
2022-04-24,-2.8572152795455423,0.004182460223491325,0.05997995595376726,4.43331976786081,0.031786519118838896,0.15462156022229767
2022-05-15,-2.811260560587763,0.00481895824667191,0.07913783946163122,4.419467053563822,0.02600930527822723,0.15613772502669876
2022-06-05,-2.83888159814226,0.0044265631316433235,0.10175247649012842,3.9440473535008613,0.019310974560723268,0.2548742919495415
2022-06-26,-2.774129729656998,0.005396425382898295,0.09398777566927019,3.7675371973042386,0.011117457824489002,0.29045867674489645
2022-07-17,-2.060687467020201,0.03767509325508484,0.01693838826456473,4.83448562252859,0.00625632490560438,0.06439172615439459
2022-08-07,-2.5871222877557454,0.009375673590543808,0.013221853853057852,6.424455587128104,0.01233702276426729,-0.269757879995994
2022-08-28,-2.5314233928104235,0.010988703676526466,0.04947059609712978,7.455899382214793,0.01756696398370501,-0.4860697868338322
2022-09-18,-2.115474240111779,0.03297915404279097,0.13773726812014664,8.60229046630718,0.019081076131546006,-0.7271882934259825
2022-10-09,-2.1860631591007724,0.027668883367479826,0.23346800033295323,9.071792627639898,0.014825145689628276,-0.8265548296218383
2022-10-30,-1.9631597086028487,0.04742411572560233,0.2942977783580537,8.646786835454247,0.005486642972110968,-0.7384477692093365
2022-11-20,-2.2973498663736653,0.020787383337916424,0.3664535275495603,10.050329330036416,0.015079970953215185,-1.0320595337036131
2022-12-11,-2.327264067286285,0.01921287893513608,0.3852738863066959,10.5509920073424,0.018199182983147932,-1.1366306584305654
2023-01-01,-2.442670804185825,0.014072979285707865,0.42088624863682567,11.113828287232604,0.02091828276944553,-1.2540524884069186
2023-01-22,-2.5507324385683723,0.010403455058667632,0.45408861688173263,12.417288516009277,0.03050185060436006,-1.5264271598622683
2023-02-12,-3.2737527253593077,0.001071811978507079,0.5393788893082536,13.470799434125876,0.03538920297922413,-1.7462873203120668
2023-03-05,-3.398017274614893,0.0006956496325882924,0.6069275482080305,13.581347654513735,0.032115140990387196,-1.7687579337528088
2023-03-26,-2.812466564999712,0.0048011838291660645,0.6440125694620799,14.433278900044385,0.035324713191772744,-1.9461539069947076
2023-04-16,-2.918112935516557,0.003457353720228003,0.6524114660763223,15.254917526518696,0.040766720468304415,-2.1177103863194824
2023-05-07,-3.031952302240997,0.002402503897861585,0.6822134234236872,15.777394911815886,0.04224936856354143,-2.2263101426702336
2023-05-28,-3.3291686185022114,0.0008851647487755039,0.7156701106067381,16.23712438447912,0.04221580399739559,-2.3216242256824953
2023-06-18,-4.028526902760174,6.545718886676649e-05,0.7796092943446296,16.73739617504446,0.03846673027747873,-2.424768350242703
2023-07-09,-4.335795673945785,1.881646199905389e-05,0.8431026563818951,17.09488818859082,0.03097606734535361,-2.497570498974881
2023-07-30,-3.5803839505166595,0.00036133858705037815,0.8570299667675911,16.759092181036856,0.02987746552567929,-2.427656270325419
2023-08-20,-3.63582242607512,0.00029469586738244184,0.8557542414189225,16.721987015122885,0.026789747044365743,-2.4193098866135907
2023-09-10,-3.4375366511369303,0.0006048380405868781,0.8510447490795015,16.741377024353493,0.027898060931035872,-2.423540299525185
2023-10-01,-3.5718601703990682,0.00037277213933001324,0.8556769862083595,16.66971960688442,0.03261672282865108,-2.4098883839036978
2023-10-22,-3.0996454883414066,0.0019254369372541133,0.8416965743342605,16.652262161383348,0.03436573491618301,-2.406411253138539
2023-11-12,-3.2892503238265025,0.0010162070078858947,0.8168987546850964,16.42257051555892,0.04265108238148102,-2.3605607117131173
2023-12-03,-3.072579889744417,0.002104533458958489,0.8159990300099513,16.515043784432592,0.04470342803692343,-2.380247783489162
2023-12-24,-3.1498439147500896,0.0016301458882515935,0.8095690019282091,16.68546383054561,0.04730678681264105,-2.416306508944169
2024-01-14,-3.05120168811191,0.0022567718414892007,0.8092429026746719,16.992090167308664,0.052497111992909545,-2.4817714351130205
2024-02-04,-2.7800840853434443,0.00529977575862699,0.7742525833867742,17.065894318192626,0.054550645813274706,-2.4974425471836117
2024-02-25,-2.6552173591784696,0.007693806499056047,0.7108238246755507,17.191626473649684,0.0585389446849173,-2.5247107933255966
2024-03-17,-2.031847508712182,0.040365159565859905,0.5432506780677762,17.214569183181446,0.06391107739477492,-2.530639965976672
2024-04-07,-0.378001630641633,0.5454867526485505,0.3076569683984184,16.226513484375978,0.07088324063246147,-2.3257005300378792
2024-04-28,-0.4652881332489822,0.5103343374390994,0.12829908307023985,11.526929060034735,0.07516610499996576,-1.3446504202006855
2024-05-19,-0.5102519108141181,0.491905414881191,0.10954190417176057,7.227747206762853,0.06780038974548337,-0.4429333252391663
2024-06-09,-1.2318475038223582,0.200154404694314,0.12210937004715283,4.561769405289233,0.06490899365161498,0.11587053273505421
2024-06-30,-1.5807610953872016,0.10729088815231475,0.1489979092823176,-1.4994440991519298,0.035126642553284695,1.3927838841246767
2024-07-21,-2.1286689118402062,0.03192545293845125,0.20579926692869577,-7.3744539780090985,-0.006636682411135179,2.6360245707357444
2024-08-11,-2.0087569305792297,0.042633163108230024,0.31385698338513135,-14.162614564990765,-0.0683529062914768,4.077036619270682
2024-09-01,-1.9404206390120555,0.049974834528767234,0.3530919421236818,-18.422782342560268,-0.1213861440019931,4.987508282590012
2024-09-22,-1.9889799051403012,0.04465923228806439,0.4136240043942334,-22.281392186515788,-0.18892296146570114,5.820001637525991
2024-10-13,-2.9283351900445798,0.0033476103278369334,0.4924144927976075,-26.067493513552062,-0.27115993445393344,6.643819810798197
2024-11-03,-2.7799025720546107,0.005302698616580058,0.6008240376704533,-28.314186289061993,-0.31984100583886366,7.132876177086699
2024-11-24,-2.6224250541147316,0.008466505638554037,0.6419424901949775,-25.485466656436436,-0.3305643780170767,6.5485085203351865
2024-12-15,-2.431577907889262,0.014507884415223089,0.6482958131287309,-22.46533617471969,-0.3201667518985494,5.915214400358629
2025-01-05,-2.419346877374979,0.015001123935420158,0.6635275689779621,-19.933997145326614,-0.32977571208725076,5.3929376557641415
2025-01-26,-2.859481557562229,0.004153156392535029,0.6967230900374124,-18.82437806899701,-0.3298542537127017,5.163138468156365
2025-02-16,-2.987479594807999,0.002773060816148857,0.7339959870552073,-18.444810434330062,-0.317201587260011,5.080177971742613
2025-03-09,-2.7545728609499496,0.005725249095692883,0.753845860363337,-18.044947586307877,-0.2694500381107273,4.978638009847981
2025-03-30,-2.5849143573141564,0.009435340382426317,0.7420461445684841,-18.379165008759,-0.24303386101376695,5.03887605832386
2025-04-20,-0.5082221153235765,0.4927414113160699,0.6032239595527913,-17.405947923217624,-0.17795062943790235,4.812522568485769
2025-05-11,-0.2777466730199431,0.5846254077343462,0.3921431544178693,-13.858424887313895,-0.10084979711219118,4.0484202399788725
2025-06-01,-0.3956404910574856,0.5384570097985147,0.2208427582139202,-9.026638863963893,-0.0015958020327691835,3.0084191085499326
2025-06-22,-0.4757450100942848,0.5060659733878994,0.0877009058634266,-2.4607261641854477,0.07486324703524537,1.6185796710488103
2025-07-13,-1.2442068748050137,0.19617211816347335,0.02919448176213635,4.123045865575461,0.11971395791851905,0.2380376015029484
2025-08-03,-1.227332241670031,0.20162198750544813,0.029266484088058653,9.085059928569986,0.11823242432654613,-0.787311530037082
2025-08-24,-1.097383436174246,0.24673257601510823,0.07017137449435584,13.123730240649214,0.10126695736646393,-1.6148812361977585
2025-09-14,-1.1656110109072946,0.22236132718298252,0.13174134625980038,16.52007770104695,0.12174373648953965,-2.3247118671768505
2025-10-05,-1.1411495751700074,0.2309268416267548,0.23532671365369573,20.979922748438806,0.17078770337103852,-3.2664899760466515
2025-10-26,-0.9045833075479405,0.32695137378219985,0.32190771055244727,25.201435657302458,0.20424082033783483,-4.151416627025421
2025-11-16,-1.420915261173005,0.14484555516817488,0.3547579333895563,26.581777887039646,0.21430477354511715,-4.437829079414646
2025-12-07,-1.4626121908781957,0.13425404203619679,0.3992121838491828,28.335701967798872,0.21961115279482502,-4.799831291805303
2025-12-28,-1.3342139731911373,0.16871815850076516,0.45828345666269643,30.01819300495232,0.2187750617628497,-5.145225450071154
2026-01-18,-1.4619615054242547,0.13441494021855016,0.5279249619465274,31.474771633573383,0.1616241793458618,-5.42092303488767
2026-02-08,-2.128711130480514,0.03192212790046678,0.6212363942425033,32.60791975076898,0.03515271631034822,-5.601117145540114
2026-03-01,-2.302999739145523,0.020481686952864443,0.7352454070996772,32.2501412057116,-0.1855775270090922,-5.432837214436354
2026-03-22,-1.7823864969940264,0.0709704659941872,0.7445561987850885,31.899255095957354,-0.2665963049611425,-5.323486844782117
2026-04-12,-1.5767532486022215,0.10813355694316418,0.7213037714822969,32.59003924333396,-0.21885061727532712,-5.484267546226892
2026-05-03,-1.721961567113551,0.08065362751349014,0.7169725275979109,31.85396042351907,-0.24521963419798853,-5.31867759026083
2026-05-24,-1.4954561807002766,0.1263114126157791,0.6832764336762287,33.27710404730783,-0.20149028299964533,-5.6320965550764
