date,e_level,z_level
2022-01-03,0.9083285942621369,0.2885930398006318
2022-01-04,0.8421830093389061,0.5213328363876186
2022-01-05,0.7993441100721828,0.7009529463405499
2022-01-06,0.7689696863322698,0.7874059704036271
2022-01-07,0.7478316335257398,0.851535092874893
2022-01-10,0.7398435181710884,0.9450835786589926
2022-01-11,0.7192560847699573,0.8495484668710854
2022-01-12,0.7170957570184039,0.9848677142945872
2022-01-13,0.7116351368356951,0.961171624938191
2022-01-14,0.7279725165954091,1.1088621313405709
2022-01-17,0.7446849621207061,1.1088621313405709
2022-01-18,0.791787297749674,1.2776985507605514
2022-01-19,0.8934382831813257,1.511230235454094
2022-01-20,1.0468851238763148,1.6484801311769077
2022-01-21,1.1451580472742555,1.3923783086961443
2022-01-24,1.2500351502189815,1.3841354039586353
2022-01-25,1.3774014870472,1.420880727901467
2022-01-26,1.5372571642342723,1.4698842756137271
2022-01-27,1.6058354449662122,1.2025423308300343
2022-01-28,1.6044429694741351,0.9956548869469558
2022-01-31,1.628199948840925,1.0714802621229766
2022-02-01,1.6797819555431492,1.147520755180747
2022-02-02,1.73671619630263,1.157125006419359
2022-02-03,1.8579535432302867,1.3031054507598299
2022-02-04,2.106932449651862,1.5297289557034137
2022-02-07,2.4444072756917805,1.6129895802338925
2022-02-08,2.9085824965975084,1.7026237120773378
2022-02-09,3.4411020177534737,1.6825147330046955
2022-02-10,4.1800143629349975,1.7740668259952632
2022-02-11,5.10133465831879,1.7900022250379428
2022-02-14,6.421002336877739,1.8939130645021018
2022-02-15,8.199394285254364,1.9415582656464143
2022-02-16,10.839519774969814,2.05424026784601
2022-02-17,14.730872982677864,2.1424211238952915
2022-02-18,19.535949364456858,2.0644390940668673
2022-02-21,25.90839782675549,2.0644390940668673
2022-02-22,34.05478340795,2.035756151427847
2022-02-23,44.46240941080702,2.0139866386665433
2022-02-24,55.501633060073324,1.8662319618373568
2022-02-25,68.88216716324042,1.8468449063076697
2022-02-28,75.95713866040083,1.423766908728977
2022-03-01,83.07008493700593,1.3915610314787703
2022-03-02,90.7763345182647,1.3884093324800535
2022-03-03,102.59475599712512,1.5172104646251487
2022-03-04,115.06857686347495,1.4885678207367226
2022-03-07,131.04103746262638,1.545341993077041
2022-03-08,158.42390585489912,1.7577373779535665
2022-03-09,188.35910400912235,1.699871522771987
2022-03-10,230.07324035947536,1.79293247446478
2022-03-11,263.8541302276871,1.5710718610504257
2022-03-14,319.7556656733111,1.7659708484205825
2022-03-15,390.3476244334195,1.7910009428013525
2022-03-16,514.7264653597874,2.0460598484616757
2022-03-17,634.6563241608047,1.8248212660137688
2022-03-18,754.1255570033052,1.6977703173680156
2022-03-21,1020.2216365477738,2.1280362184202533
2022-03-22,1398.86334670975,2.1705684009823027
2022-03-23,1880.1019452850098,2.1071809729125737
2022-03-24,2679.232411325445,2.2913889852558307
2022-03-25,4096.234030587046,2.5077548264068215
2022-03-28,5768.081859810563,2.254201974403082
2022-03-29,8329.430974317798,2.3324999699710878
2022-03-30,11748.41755866344,2.259359658315014
2022-03-31,16495.62641454998,2.2451552145422564
2022-04-01,24764.940706173977,2.452148938215012
2022-04-04,38794.25850217362,2.581664477467643
2022-04-05,63573.63504099094,2.71797395799782
2022-04-06,112759.40243513275,2.9558109669562715
2022-04-07,214419.33396459397,3.164751187285378
2022-04-08,421887.7333329832,3.267388130316519
2022-04-11,869225.2938082642,3.406352441331094
2022-04-12,1812237.7972529342,3.4422209037417115
2022-04-13,3972260.6447420134,3.594313800011323
2022-04-14,8935970.6895723,3.6736810407315534
2022-04-15,20087451.415603068,3.671418879459655
2022-04-18,45426043.00992113,3.689734350738415
2022-04-19,102814635.84399335,3.692345088480349
2022-04-20,222886247.07526907,3.5606818362172117
2022-04-21,459939802.95680916,3.411103862982892
2022-04-22,954817783.0749753,3.4292309629674453
2022-04-25,1829043042.3069327,3.186838272833071
2022-04-26,3600141075.962566,3.2685157093583537
2022-04-27,7037560537.904818,3.24777050127663
2022-04-28,13486360732.987225,3.1880092223506664
2022-04-29,28522756371.20553,3.4855896482085593
2022-05-02,64678123022.911385,3.6981038640188766
2022-05-03,143128941528.91724,3.6234542941836554
2022-05-04,310356747102.3077,3.5614206517472398
2022-05-05,729016217080.5742,3.8065233976399866
2022-05-06,1833470202446.7417,4.018696730326063
2022-05-09,4537788157212.451,3.9685922005395464
2022-05-10,11261472651231.545,3.9770713448437585
2022-05-11,25862352426628.453,3.7370225932724384
2022-05-12,58421033317066.08,3.6863557379728014
2022-05-13,126045019093319.83,3.5461642194733964
2022-05-16,272713795215986.22,3.5547463342234233
2022-05-17,602841049176286.0,3.6201193614214584
2022-05-18,1233004509402229.8,3.3842617287053165
2022-05-19,2828387792007573.0,3.7334956602422484
2022-05-20,6396361525781414.0,3.6898329957326315
2022-05-23,1.4960450714769444e+16,3.79328369097553
2022-05-24,3.456488580638819e+16,3.7555524372652673
2022-05-25,7.708339323822027e+16,3.6470631801583835
2022-05-26,1.6209458124519798e+17,3.4682084529961448
2022-05-27,3.338061053585604e+17,3.4048923718776694
2022-05-30,6.874166620418798e+17,3.4048923718776694
2022-05-31,1.4726293324248259e+18,3.524579385861519
2022-06-01,3.479911615428284e+18,3.8249968608668876
2022-06-02,8.348213452871163e+18,3.8716570619490205
2022-06-03,1.86721564921631e+19,3.65604288545224
2022-06-06,4.314130273662307e+19,3.75561142337495
2022-06-07,9.99742431342049e+19,3.764793851380282
2022-06-08,2.3633322834800578e+20,3.826148403593724
2022-06-09,5.60159201555216e+20,3.8343307630201924
2022-06-10,1.5332961810782935e+21,4.2863162807976085
2022-06-13,4.847124573667816e+21,4.755254773753898
2022-06-14,1.7344775283276006e+22,5.17529113775928
2022-06-15,5.368654360952817e+22,4.685357376747076
2022-06-16,1.7486535952751916e+23,4.85505340734333
2022-06-17,5.608487299332771e+23,4.8034544990546575
2022-06-20,1.7988199533496964e+24,4.8034544990546575
2022-06-21,5.778756289939925e+24,4.808873291901296
2022-06-22,1.771387027743694e+25,4.6533246431173865
2022-06-23,5.205060018996578e+25,4.514874577564376
2022-06-24,1.4955200203843729e+26,4.4420762938309455
2022-06-27,4.5302813190894214e+26,4.614363249197716
2022-06-28,1.4455121734610775e+27,4.786207213186429
2022-06-29,4.687703962523937e+27,4.84038876916184
2022-06-30,1.3898643131021803e+28,4.544133425154758
2022-07-01,3.800650077561885e+28,4.2831618790667
2022-07-04,1.0393058427286347e+29,4.2831618790667
2022-07-05,2.6153866799535328e+29,4.020540421296825
2022-07-06,6.839933651967383e+29,4.141577821079587
2022-07-07,1.843069514826427e+30,4.23623914772403
2022-07-08,5.11474955800153e+30,4.330272150143433
2022-07-11,1.3517438373814915e+31,4.174727354706049
2022-07-12,3.446629972546427e+31,4.061730698380692
2022-07-13,8.653185543214172e+31,4.013255720075052
2022-07-14,2.110910538143769e+32,3.9235960817798956
2022-07-15,4.87203293733923e+32,3.75236506343868
2022-07-18,1.1366035159803352e+33,3.785385408721124
2022-07-19,2.731254068511446e+33,3.8768496515003013
2022-07-20,6.542810208354613e+33,3.867212626644523
2022-07-21,1.5583013038414996e+34,3.849286038159128
2022-07-22,3.299757728386034e+34,3.4893195806016233
2022-07-25,7.02653395964621e+34,3.5062929811605525
2022-07-26,1.4950709676858747e+35,3.5039267842363118
2022-07-27,3.078822899734483e+35,3.4048723252133257
2022-07-28,5.779055390464059e+35,3.125754375301507
2022-07-29,1.0391117015586041e+36,2.9967732026044094
2022-08-01,1.8250622339395392e+36,2.9263760941746595
2022-08-02,3.657472915808061e+36,3.3226892865669297
2022-08-03,7.203482102963295e+36,3.2703583704744523
2022-08-04,1.4910971993038224e+37,3.420478392865984
2022-08-05,3.35690973790261e+37,3.6760056480840198
2022-08-08,7.278728259491088e+37,3.561295251750844
2022-08-09,1.6496624551405296e+38,3.696506154866048
2022-08-10,3.708219675000756e+38,3.6713290719646934
2022-08-11,8.585580153599691e+38,3.762025502080735
2022-08-12,2.018890361973184e+39,3.809842171631085
2022-08-15,4.464517666584834e+39,3.6212870975583855
2022-08-16,1.0079321123949672e+40,3.6846310945599026
2022-08-17,2.3217216390568357e+40,3.746265355653021
2022-08-18,5.02022402507365e+40,3.5528651324487575
2022-08-19,1.1263266101100619e+41,3.6654854837048996
2022-08-22,2.5405144367849073e+41,3.6818137653916256
2022-08-23,5.894475027063065e+41,3.7685402237694583
2022-08-24,1.406784814480395e+42,3.8556659020299615
2022-08-25,3.235589915073662e+42,3.741642987928225
2022-08-26,7.327627502042169e+42,3.694179190011891
2022-08-29,1.76895396546371e+43,3.891128727643962
2022-08-30,4.212207583596844e+43,3.8486173215266537
2022-08-31,1.0605739480668554e+44,4.022260239320095
2022-09-01,2.913131492258847e+44,4.297382924970734
2022-09-02,7.711079629684145e+44,4.179721355567106
2022-09-05,2.0411282227848835e+45,4.179721355567106
2022-09-06,5.871478481638917e+45,4.445879924094488
2022-09-07,1.7152685138939481e+46,4.495950471348294
2022-09-08,5.113679442582537e+46,4.56209437992675
2022-09-09,1.5748609346317125e+47,4.668727991142854
2022-09-12,5.062067547565769e+47,4.81071195250874
2022-09-13,1.607697773189897e+48,4.770713369151788
2022-09-14,4.9247473321155705e+48,4.651053164192514
2022-09-15,1.4921180036434868e+49,4.6150153474906475
2022-09-16,4.788332440670533e+49,4.805293214316057
2022-09-19,1.6366777734549707e+50,5.018021289907438
2022-09-20,5.570122311131953e+50,5.003309196949052
2022-09-21,1.8847910925093046e+51,4.983725228547763
2022-09-22,7.172112755811138e+51,5.390042741477732
2022-09-23,2.6586915793615516e+52,5.298098898414978
2022-09-26,1.132797801761994e+53,5.79718393203226
2022-09-27,5.124234803635554e+53,6.019569037744578
2022-09-28,2.087469587886754e+54,5.633577570475418
2022-09-29,9.536462742289585e+54,6.056758160548674
2022-09-30,4.6784409005969533e+55,6.329174589937302
2022-10-03,2.0948100200176275e+56,5.9812887004963455
2022-10-04,9.410544295430792e+56,5.993591543892921
2022-10-05,4.6412786196872246e+57,6.3498016179663495
2022-10-06,2.3935988383317775e+58,6.524719951984175
2022-10-07,1.2018032669313414e+59,6.419427640220112
2022-10-10,5.754205228478366e+59,6.235363682018953
2022-10-11,2.7470406951315186e+60,6.22412296094126
2022-10-12,1.3398540476093302e+61,6.306698984829818
2022-10-13,6.409582111266414e+61,6.232007125616414
2022-10-14,2.888315245813396e+62,6.005202576399463
2022-10-17,1.2872664057199422e+63,5.963897346788151
2022-10-18,5.908391009803497e+63,6.074433564668191
2022-10-19,2.823670079949443e+64,6.228229807180231
2022-10-20,1.346243003406592e+65,6.219088714071118
2022-10-21,6.588112001632757e+65,6.319574307722766
2022-10-24,3.1415814468306834e+66,6.219775782109889
2022-10-25,1.4321003690228138e+67,6.048581086482607
2022-10-26,6.643633173561328e+67,6.1148045650951595
2022-10-27,2.8964195348182136e+68,5.8819147758745745
2022-10-28,1.2277313729875582e+69,5.778226242975139
2022-10-31,5.333850268753822e+69,5.868966381630846
2022-11-01,2.3574713053093872e+70,5.932815776402628
2022-11-02,1.0245373918172545e+71,5.870193098295227
2022-11-03,4.961223214450203e+71,6.278856000995039
2022-11-04,2.529036934666346e+72,6.478894687339607
2022-11-07,1.2631221800650414e+73,6.398811589950477
2022-11-08,6.511588333363937e+73,6.5231535226260275
2022-11-09,3.4441782843333555e+74,6.625183724924132
2022-11-10,1.6623282264087942e+75,6.266168813094604
2022-11-11,8.189077534054324e+75,6.345289526152665
2022-11-14,4.21788567836093e+76,6.519680739556758
2022-11-15,2.106013851547437e+77,6.397699423852487
2022-11-16,1.0006946947629603e+78,6.206130416846442
2022-11-17,5.023436337943719e+78,6.418682891107173
2022-11-18,2.5935013984842937e+79,6.5290147465987145
2022-11-21,1.2861102292478584e+80,6.3710066464386665
2022-11-22,6.051246669874783e+80,6.168529995744837
2022-11-23,2.7965358523122516e+81,6.100345083961545
2022-11-24,1.2923969555234876e+82,6.100345083961545
2022-11-25,5.846428317990574e+82,6.019725448710481
2022-11-28,2.707633753773909e+83,6.108405156551732
2022-11-29,1.333235423616315e+84,6.343490606292893
2022-11-30,6.150633551520264e+84,6.0936966857862895
2022-12-01,2.6447559366254673e+85,5.830928904467013
2022-12-02,1.0575022531161216e+86,5.566405584917449
2022-12-05,4.3946173196754395e+86,5.705837048213668
2022-12-06,1.8379011433776095e+87,5.729017583357151
2022-12-07,7.683638910638809e+87,5.727704181715719
2022-12-08,3.2970534294370626e+88,5.823233784224605
2022-12-09,1.5391790673787854e+89,6.138686634949874
2022-12-12,7.117415156988717e+89,6.102592212352924
2022-12-13,3.306821266852106e+90,6.120538056509803
2022-12-14,1.5542748221464678e+91,6.164582820929156
2022-12-15,6.893836302267229e+91,5.9459260871719035
2022-12-16,3.2940891222235734e+92,6.227608386012365
2022-12-19,1.629907049846907e+93,6.362369811422427
2022-12-20,8.607482196652671e+93,6.618885910352248
2022-12-21,4.4176768131401155e+94,6.50566539712506
2022-12-22,2.2821910538382174e+95,6.531495609204909
2022-12-23,1.2391717443263892e+96,6.730338674561663
2022-12-26,6.728387657792299e+96,6.730338674561663
2022-12-27,3.805939142100002e+97,6.8967670892380974
2022-12-28,2.155723524324025e+98,6.902248932607804
2022-12-29,1.2073473962993632e+99,6.856135751659762
2022-12-30,6.922587001838136e+99,6.952493029252453
2023-01-02,3.9692147384344e+100,6.952493029252453
2023-01-03,2.2774038652285882e+101,6.955335053034872
2023-01-04,1.2878236112601999e+102,6.895497101919161
2023-01-05,7.146578006434809e+102,6.818610840375877
2023-01-06,3.783273317866741e+103,6.628593350730836
2023-01-09,1.9603160671298697e+104,6.543343453549021
2023-01-10,1.0669962392849824e+105,6.740163674200526
2023-01-11,5.579457394448258e+105,6.579609138623173
2023-01-12,2.8338085680296e+106,6.464521534239865
2023-01-13,1.573354698530245e+107,6.820619716983473
2023-01-16,8.735399544325682e+107,6.820619716983473
2023-01-17,4.906054224389137e+108,6.867525455415046
2023-01-18,2.5493393518905013e+109,6.554626637320975
2023-01-19,1.3456353672781865e+110,6.6169244728503696
2023-01-20,7.278421898526914e+110,6.714842491924148
2023-01-23,3.926648206597036e+111,6.704414220837184
2023-01-24,2.075211099583024e+112,6.621890029484317
2023-01-25,1.09684390559528e+113,6.622278317295262
2023-01-26,5.607544847803977e+113,6.490328595213179
2023-01-27,2.905987864103255e+114,6.543914718514066
2023-01-30,1.5603930296378117e+115,6.685490720216133
2023-01-31,8.581841236493375e+115,6.782178595498917
2023-02-01,4.47773437044245e+116,6.570909321797836
2023-02-02,2.2407570081808776e+117,6.406419038128948
2023-02-03,1.1405302460594688e+118,6.4729689795433805
2023-02-06,6.166808494419273e+118,6.71339422603631
2023-02-07,3.296104861648339e+119,6.667017311093774
2023-02-08,1.6956186179479197e+120,6.514837140644306
2023-02-09,8.771017503960938e+120,6.5366304119642225
2023-02-10,4.773559117994198e+121,6.739750315334181
2023-02-13,2.5546818743764838e+122,6.672131610849645
2023-02-14,1.4121526165537966e+123,6.802723257487207
2023-02-15,7.617707838996657e+123,6.704024289896594
2023-02-16,4.17591940626749e+124,6.768942446410772
2023-02-17,2.2694413142161886e+125,6.733937027698077
2023-02-20,1.2333484863096977e+126,6.733937027698077
2023-02-21,6.923360978256919e+126,6.865469364985297
2023-02-22,3.8070677879372824e+127,6.7814985778363415
2023-02-23,2.0571702061152204e+128,6.710853517920434
2023-02-24,1.1480832158788922e+129,6.841699994390358
2023-02-27,6.431271641631079e+129,6.856928569110405
2023-02-28,3.496547698821628e+130,6.735570180719664
2023-03-01,2.015719879110732e+131,6.974873457890164
2023-03-02,1.1867562838620665e+132,7.062227678424024
2023-03-03,6.562257932189696e+132,6.804098063210467
2023-03-06,3.652556381968482e+133,6.830816577604704
2023-03-07,2.070886919644742e+134,6.906295579090302
2023-03-08,1.222596883857153e+135,7.073708789324747
2023-03-09,7.292790039085343e+135,7.1168811250514254
2023-03-10,4.1223388506895546e+136,6.893926619703667
2023-03-13,2.2940434654944637e+137,6.830012858566154
2023-03-14,1.27186311619487e+138,6.814835277781995
2023-03-15,6.819047600890462e+138,6.679418718828901
2023-03-16,3.94146992189023e+139,6.985763085014493
2023-03-17,2.3981987512744754e+140,7.200367258430372
2023-03-20,1.487537009819533e+141,7.281981973439933
2023-03-21,8.885317438313129e+141,7.122621730616119
2023-03-22,5.051611533115014e+142,6.917620458037838
2023-03-23,2.9352424419396134e+143,7.007501015689961
2023-03-24,1.6316792399501055e+144,6.825631790954089
2023-03-27,9.527551925129124e+144,7.027879040663626
2023-03-28,5.499239704022732e+145,6.9799237786481445
2023-03-29,3.1288187368342287e+146,6.92065592118347
2023-03-30,1.7891626287649958e+147,6.941421060316929
2023-03-31,9.768653958456757e+147,6.752705199265671
2023-04-03,5.379938244191112e+148,6.787745261407505
2023-04-04,3.047951887725404e+149,6.903189924347204
2023-04-05,1.6942742470863465e+150,6.825489203531496
2023-04-06,9.16487893000023e+150,6.7151502916137265
2023-04-07,5.207805252370396e+151,6.915453924733333
2023-04-10,2.908177575927244e+152,6.844170616848233
2023-04-11,1.6498798819097374e+153,6.908866228066043
2023-04-12,9.445209965014137e+153,6.946068264559832
2023-04-13,5.654185831172083e+154,7.131829903657197
2023-04-14,3.347142871856632e+155,7.0850271635902695
2023-04-17,2.035178091979262e+156,7.197460838021275
2023-04-18,1.263697442898158e+157,7.2864751718268055
2023-04-19,7.846908551263774e+157,7.286620343714912
2023-04-20,4.804820775134098e+158,7.227172480296394
2023-04-21,2.8821994240875945e+159,7.140418484394125
2023-04-24,1.6913121161770494e+160,7.048496356371239
2023-04-25,9.581580639600652e+160,6.90302535110296
2023-04-26,5.424186006377177e+161,6.900040238848206
2023-04-27,3.2251483424035326e+162,7.1034259691849755
2023-04-28,1.915278694531427e+163,7.098292403619781
2023-05-01,1.1933343655202094e+164,7.301098747691365
2023-05-02,7.329237798395679e+164,7.240037342238172
2023-05-03,4.430455646652598e+165,7.172800289212194
2023-05-04,2.729982766413697e+166,7.253864858432108
2023-05-05,1.6484189693038386e+167,7.168125863780844
2023-05-08,1.0346389839940808e+168,7.332498546293175
2023-05-09,6.6772860077233796e+168,7.452338678686201
2023-05-10,4.184885126255982e+169,7.326216232941785
2023-05-11,2.5259382421195423e+170,7.1664917513169115
2023-05-12,1.5673996755121925e+171,7.28369255675625
2023-05-15,9.936623285543198e+171,7.3753368473185095
2023-05-16,6.224296717799933e+172,7.323930546866707
2023-05-17,3.8770689437195247e+173,7.299949950934702
2023-05-18,2.4355832478466797e+174,7.336226564282324
2023-05-19,1.6042407772704023e+175,7.541007973438241
2023-05-22,1.0649399767389518e+176,7.575143686614521
2023-05-23,6.948477296167501e+176,7.499839706277135
2023-05-24,4.542173708726352e+177,7.507951746435803
2023-05-25,3.0701748679755576e+178,7.65458257404675
2023-05-26,2.082078108125796e+179,7.669176682229046
2023-05-29,1.4119877318894157e+180,7.669176682229046
2023-05-30,9.196950177432874e+180,7.492314327134606
2023-05-31,6.0046310141714095e+181,7.502624340980802
2023-06-01,3.9498140731140406e+182,7.535214901638134
2023-06-02,2.579424214450532e+183,7.503662622836578
2023-06-05,1.7028693328892335e+184,7.550988055007781
2023-06-06,1.1272387984608779e+185,7.562832500682542
2023-06-07,7.545009498721784e+185,7.611409228986457
2023-06-08,5.075444975644672e+186,7.633406911269224
2023-06-09,3.4232007207026906e+187,7.645019114523636
2023-06-12,2.3206782955682023e+188,7.667636175084363
2023-06-13,1.6059004112368955e+189,7.758840989825766
2023-06-14,1.096403761503531e+190,7.698925844911511
2023-06-15,7.155933082926007e+190,7.501154315038995
2023-06-16,4.751581531104948e+191,7.5763174711111185
2023-06-19,3.1550780010237125e+192,7.5763174711111185
2023-06-20,2.0108742843836888e+193,7.398279173698837
2023-06-21,1.2665420905843445e+194,7.347424585656431
2023-06-22,7.98728219794588e+194,7.3528017327792154
2023-06-23,5.007739464311525e+195,7.3277836605448305
2023-06-26,3.1710063815434265e+196,7.370353572659181
2023-06-27,2.013388220474325e+197,7.38198256720153
2023-06-28,1.2462786439358327e+198,7.273209034112599
2023-06-29,8.255101995390852e+198,7.565580754024758
2023-06-30,5.373846586400038e+199,7.489811525195932
2023-07-03,3.5442690207002746e+200,7.546790161463459
2023-07-04,2.3375886693317224e+201,7.546790161463459
2023-07-05,1.599307341780516e+202,7.708240404605917
2023-07-06,1.1457978211584327e+203,7.914757043460694
2023-07-07,8.36245201207865e+203,7.998978767326707
2023-07-10,6.010056585643943e+204,7.929032063815798
2023-07-11,4.329987476545306e+205,7.940132386374639
2023-07-12,2.946668845689728e+206,7.684568635202375
2023-07-13,1.9120491288784074e+207,7.475860961351071
2023-07-14,1.2780461907165394e+208,7.605373266163093
2023-07-17,8.42181886719747e+208,7.542946673025023
2023-07-18,5.7518264229636984e+209,7.70043663833282
2023-07-19,3.8543947738721735e+210,7.616539049013835
2023-07-20,2.510071012638827e+211,7.491482668884576
2023-07-21,1.6168876594293741e+212,7.444193212592929
2023-07-24,1.0219726038431444e+213,7.362483288498224
2023-07-25,6.714772699368517e+213,7.530208376373542
2023-07-26,4.416830339937757e+214,7.535105087966933
2023-07-27,3.014542784651767e+215,7.697484630414066
2023-07-28,2.030818973434991e+216,7.639855753695803
2023-07-31,1.394136197713855e+217,7.723274213561372
2023-08-01,9.796345548971159e+217,7.827401246434327
2023-08-02,6.98302673181862e+218,7.891891793580974
2023-08-03,5.291450781308672e+219,8.171651718543549
2023-08-04,3.69124124174365e+220,7.794779404110091
2023-08-07,2.5796139135447254e+221,7.8028666734190555
2023-08-08,1.7615114325502907e+222,7.699730879696801
2023-08-09,1.185565025250214e+223,7.635695825225837
2023-08-10,8.387273046869948e+223,7.857795064915733
2023-08-11,6.090733333781914e+224,7.976136647465054
2023-08-14,4.4775623824505107e+225,8.0320818922136
2023-08-15,3.380454736907983e+226,8.154609620306832
2023-08-16,2.613072580650534e+227,8.264347523379843
2023-08-17,2.0255766039428914e+228,8.27750223831717
2023-08-18,1.5447786029278266e+229,8.201441799558813
2023-08-21,1.2249560271332625e+230,8.384303362297926
2023-08-22,9.694303671170989e+230,8.374963501594763
2023-08-23,7.250793996107696e+231,8.11137328664539
2023-08-24,5.636280483357196e+232,8.29055406333375
2023-08-25,4.400475717453603e+233,8.311083449288247
2023-08-28,3.418707038188842e+234,8.287912139397891
2023-08-29,2.62281085185084e+235,8.229178588290793
2023-08-30,2.0491590699667823e+236,8.31434655791681
2023-08-31,1.5917002557374885e+237,8.287085028968075
2023-09-01,1.2900894633480788e+238,8.488287855997804
2023-09-04,1.04563080733476e+239,8.488287855997804
2023-09-05,8.613188560550559e+239,8.565811872911045
2023-09-06,7.113174642776497e+240,8.5781516085025
2023-09-07,5.743770223872533e+241,8.470439001992661
2023-09-08,4.5935991695593045e+242,8.42468572867834
2023-09-11,3.691268948371471e+243,8.447294975316844
2023-09-12,2.911085608622339e+244,8.358474050734742
2023-09-13,2.2418076130014586e+245,8.246777133778206
2023-09-14,1.777672910371291e+246,8.38429531654134
2023-09-15,1.4553043162020972e+247,8.536140631059936
2023-09-18,1.196553979115802e+248,8.556879709402342
2023-09-19,1.001633871593222e+249,8.643487584390849
2023-09-20,8.38581101804011e+249,8.644149483519273
2023-09-21,7.327375574078957e+250,8.853149600513355
2023-09-22,6.322805352856721e+251,8.79148320860698
2023-09-25,5.719663291039552e+252,9.02556631088805
2023-09-26,5.2174518182708536e+253,9.06750033279061
2023-09-27,4.731138651200459e+254,9.037649348119286
2023-09-28,4.07776867107e+255,8.785784293741104
2023-09-29,3.490344334462245e+256,8.751826460008393
2023-10-02,3.080491677881831e+257,8.90266979175277
2023-10-03,2.867337127397378e+258,9.16954209926748
2023-10-04,2.599552591067172e+259,9.036640040299577
2023-10-05,2.363721961514753e+260,9.051410390829588
2023-10-06,2.231043937371384e+261,9.240503355012944
2023-10-09,2.1971448293130976e+262,9.459417102557229
2023-10-10,2.0171712414869152e+263,9.099931413463729
2023-10-11,1.809181569888436e+264,8.982707965396807
2023-10-12,1.6979268652839366e+265,9.211435861612712
2023-10-13,1.6637581245211853e+266,9.433324970203035
2023-10-16,1.639593321281703e+267,9.462958160415575
2023-10-17,1.690421956250301e+268,9.700519354706634
2023-10-18,1.8508835267296182e+269,10.024589639419398
2023-10-19,2.099837337638408e+270,10.220104648010592
2023-10-20,2.361315347726943e+271,10.171150296165871
2023-10-23,2.6178453435239033e+272,10.092762758321678
2023-10-24,2.882838802672273e+273,10.055972297745196
2023-10-25,3.3388798791462454e+274,10.335335830071335
2023-10-26,3.7501766827275333e+275,10.164566233994854
2023-10-27,4.268848246276372e+276,10.238681070378881
2023-10-30,4.835882931180281e+277,10.211908914800992
2023-10-31,5.479002488892519e+278,10.21268361746813
2023-11-01,5.890314459021257e+279,9.925072260561736
2023-11-02,6.078913688045321e+280,9.705763922500235
2023-11-03,6.011798298669429e+281,9.481346486683101
2023-11-06,6.031528445848842e+282,9.556578385499256
2023-11-07,5.844088459099717e+283,9.37509094465634
2023-11-08,5.425347089297119e+284,9.156133860817377
2023-11-09,5.43887106468943e+285,9.552448582459919
2023-11-10,5.316408869866583e+286,9.42063636107537
2023-11-13,5.351250992487247e+287,9.57368108448223
2023-11-14,5.050929520866657e+288,9.240553384169456
2023-11-15,4.866960380868505e+289,9.346535034127845
2023-11-16,4.72590871264609e+290,9.386258730711928
2023-11-17,4.532256861689013e+291,9.322142253320955
2023-11-20,4.226722742107024e+292,9.17925247498317
2023-11-21,4.1201449829875585e+293,9.406299890927583
2023-11-22,3.9908424200372167e+294,9.373457137836844
2023-11-23,3.865597761081652e+295,9.373457137836844
2023-11-24,3.8665911911062714e+296,9.540738926316923
2023-11-27,3.8711140268460154e+297,9.54552105298917
2023-11-28,3.865780309734846e+298,9.532167513991677
2023-11-29,3.7712540043521105e+299,9.410355660435872
2023-11-30,3.7975819658005337e+300,9.57591364835141
2023-12-01,3.7132740081681946e+301,9.422311652004948
2023-12-04,3.583803453792824e+302,9.354854600193546
2023-12-05,3.338407721150372e+303,9.173475096404543
2023-12-06,3.085004438716962e+304,9.13287779043787
2023-12-07,2.8495781247989012e+305,9.130645541278094
2023-12-08,2.6160372247902644e+306,9.099690614863599
2023-12-11,2.365090910240845e+307,9.022604251128971
2023-12-12,inf,9.006110666538136
2023-12-13,inf,8.896677620787814
2023-12-14,inf,8.456174882229924
2023-12-15,inf,8.327657432022013
2023-12-18,inf,8.513134138140696
2023-12-19,inf,8.576503805246487
2023-12-20,inf,8.340599959562955
2023-12-21,inf,8.490382319333222
2023-12-22,inf,8.557929831260875
2023-12-25,inf,8.557929831260875
2023-12-26,inf,8.641974245495886
2023-12-27,inf,8.50576085089815
2023-12-28,inf,8.532283183182656
2023-12-29,inf,8.613050267574724
2024-01-01,inf,8.613050267574724
2024-01-02,inf,8.669141730138202
2024-01-03,inf,8.511612695731419
2024-01-04,inf,8.66938935858206
2024-01-05,inf,8.810555471482473
2024-01-08,inf,8.611465013310253
2024-01-09,inf,8.657094216600418
2024-01-10,inf,8.683024827993409
2024-01-11,inf,8.56324570653674
2024-01-12,inf,8.492213138044212
2024-01-15,inf,8.492213138044212
2024-01-16,inf,8.618379011609534
2024-01-17,inf,8.578420751261563
2024-01-18,inf,8.670861523580873
2024-01-19,inf,8.721601554744392
2024-01-22,inf,8.650256261129528
2024-01-23,inf,8.840470670419514
2024-01-24,inf,8.79076275806833
2024-01-25,inf,8.777719838058262
2024-01-26,inf,8.760725427854387
2024-01-29,inf,8.681237723017013
2024-01-30,inf,8.737245042949894
2024-01-31,inf,8.547895324899446
2024-02-01,inf,8.544210895936322
2024-02-02,inf,8.800215886069248
2024-02-05,inf,8.95014967482106
2024-02-06,inf,8.873070758752801
2024-02-07,inf,8.892503340972693
2024-02-08,inf,9.012692941480578
2024-02-09,inf,8.989176583439608
2024-02-12,inf,8.978462480816587
2024-02-13,inf,9.058228901806187
2024-02-14,inf,8.922266120170965
2024-02-15,inf,8.92083543950871
2024-02-16,inf,9.036668736134308
2024-02-19,inf,9.036668736134308
2024-02-20,inf,9.054461721080786
2024-02-21,inf,9.130213511916233
2024-02-22,inf,9.23710449884991
2024-02-23,inf,9.153426957002193
2024-02-26,inf,9.152335444709525
2024-02-27,inf,9.185338012193798
2024-02-28,inf,9.089658532399012
2024-02-29,inf,9.103986871309514
2024-03-01,inf,9.198217677635855
2024-03-04,inf,9.410203068334964
2024-03-05,inf,9.30926749726153
2024-03-06,inf,9.390605027619525
2024-03-07,inf,9.44759442089114
2024-03-08,inf,9.539958055998204
2024-03-11,inf,9.614196977530469
2024-03-12,inf,9.561572438071083
2024-03-13,inf,9.711629065272879
2024-03-14,inf,9.920555503198234
2024-03-15,inf,9.888572176714275
2024-03-18,inf,10.014075416348474
2024-03-19,inf,9.940336635751713
2024-03-20,inf,9.983270160963135
2024-03-21,inf,9.89154012881387
2024-03-22,inf,9.661152330139055
2024-03-25,inf,9.817215860301532
2024-03-26,inf,9.857814884359534
2024-03-27,inf,9.842691815220604
2024-03-28,inf,9.998909410908297
2024-03-29,inf,9.997118996679768
2024-04-01,inf,10.387072486141783
2024-04-02,inf,10.604362624802961
2024-04-03,inf,10.697883323798518
2024-04-04,inf,10.54395439441832
2024-04-05,inf,10.880044744825511
2024-04-08,inf,10.995007648957273
2024-04-09,inf,10.960441720047815
2024-04-10,inf,11.253078412731119
2024-04-11,inf,11.510565035528199
2024-04-12,inf,11.253675886007873
2024-04-15,inf,11.705127430345344
2024-04-16,inf,11.8467479178632
2024-04-17,inf,11.65462960703566
2024-04-18,inf,11.794026377809095
2024-04-19,inf,11.761407457807701
2024-04-22,inf,11.459006015922252
2024-04-23,inf,11.391198731568535
2024-04-24,inf,11.474656747590812
2024-04-25,inf,11.643231628801813
2024-04-26,inf,11.587260582698642
2024-04-29,inf,11.497245056158196
2024-04-30,inf,11.421540427271099
2024-05-01,inf,11.456805773347604
2024-05-02,inf,11.297470145770486
2024-05-03,inf,11.127101451976888
2024-05-06,inf,11.218186447032425
2024-05-07,inf,11.195646439314645
2024-05-08,inf,11.213824791871065
2024-05-09,inf,11.301593850374466
2024-05-10,inf,11.467093225888235
2024-05-13,inf,11.307417745820901
2024-05-14,inf,11.330263255803192
2024-05-15,inf,11.28706231748475
2024-05-16,inf,11.284519007143546
2024-05-17,inf,11.55599960603706
2024-05-20,inf,11.62878772796715
2024-05-21,inf,11.567578101700521
2024-05-22,inf,11.376244381245803
2024-05-23,inf,11.315818330517377
2024-05-24,inf,11.247333468979809
2024-05-27,inf,11.247333468979809
2024-05-28,inf,11.514252373467428
2024-05-29,inf,11.555328402499986
2024-05-30,inf,11.421170333639195
2024-05-31,inf,11.281629306460577
2024-06-03,inf,11.200049257859595
2024-06-04,inf,10.957848071462498
2024-06-05,inf,11.01733334616301
2024-06-06,inf,11.124135347186025
2024-06-07,inf,11.056612624771617
2024-06-10,inf,11.255000496448437
2024-06-11,inf,11.194915286179816
2024-06-12,inf,11.144381335575133
2024-06-13,inf,10.904917936024836
2024-06-14,inf,11.065378313804423
2024-06-17,inf,11.079953186159697
2024-06-18,inf,10.993752604016311
2024-06-19,inf,10.993752604016311
2024-06-20,inf,11.126474650446998
2024-06-21,inf,10.985161563899654
2024-06-24,inf,11.041814288670176
2024-06-25,inf,10.941483761387792
2024-06-26,inf,10.966577405332584
2024-06-27,inf,11.030709499597759
2024-06-28,inf,11.15079055533361
2024-07-01,inf,11.390472517186645
2024-07-02,inf,11.308661834131858
2024-07-03,inf,11.323918157795195
2024-07-04,inf,11.323918157795195
2024-07-05,inf,11.249868838944373
2024-07-08,inf,11.12001799906845
2024-07-09,inf,11.216720370941983
2024-07-10,inf,11.177623464258252
2024-07-11,inf,11.223381325867447
2024-07-12,inf,11.177966933819492
2024-07-15,inf,11.274011180376064
2024-07-16,inf,11.390758830216402
2024-07-17,inf,11.301745591823693
2024-07-18,inf,11.210888161541464
2024-07-19,inf,11.106704993433787
2024-07-22,inf,11.18766512097847
2024-07-23,inf,11.236462245079604
2024-07-24,inf,11.30030707048076
2024-07-25,inf,11.084896649681705
2024-07-26,inf,11.067709970465655
2024-07-29,inf,11.044423991636958
2024-07-30,inf,11.119973175231777
2024-07-31,inf,11.186146781806153
2024-08-01,inf,11.00508463181907
2024-08-02,inf,10.891956911385353
2024-08-05,inf,10.618869007831295
2024-08-06,inf,10.698852841176265
2024-08-07,inf,10.860956151558682
2024-08-08,inf,11.09272181398841
2024-08-09,inf,11.027238890997765
2024-08-12,inf,11.119140190795214
2024-08-13,inf,11.01816905052313
2024-08-14,inf,10.921299706235093
2024-08-15,inf,11.039505955244937
2024-08-16,inf,11.322886216922042
2024-08-19,inf,11.232880740250627
2024-08-20,inf,11.173471437710402
2024-08-21,inf,11.086284247727727
2024-08-22,inf,11.06105402247328
2024-08-23,inf,10.964574208461258
2024-08-26,inf,10.987459786487785
2024-08-27,inf,11.051664185503641
2024-08-28,inf,10.992811524122075
2024-08-29,inf,11.118015493124593
2024-08-30,inf,11.159766324382112
2024-09-02,inf,11.159766324382112
2024-09-03,inf,11.051433522880279
2024-09-04,inf,10.973737158089849
2024-09-05,inf,11.071008755485977
2024-09-06,inf,10.958757811246464
2024-09-09,inf,10.94342324687385
2024-09-10,inf,10.933422038191768
2024-09-11,inf,10.855501893877923
2024-09-12,inf,11.101087950449164
2024-09-13,inf,11.064524260554489
2024-09-16,inf,10.9580143370301
2024-09-17,inf,10.870811618636523
2024-09-18,inf,10.900120899047836
2024-09-19,inf,11.025546994720472
2024-09-20,inf,11.230900187235783
2024-09-23,inf,11.255202588921126
2024-09-24,inf,11.33538659862918
2024-09-25,inf,11.480243021103627
2024-09-26,inf,11.576062343114515
2024-09-27,inf,11.407253513440768
2024-09-30,inf,11.392191306120086
2024-10-01,inf,11.3353759660865
2024-10-02,inf,11.407564340797393
2024-10-03,inf,11.56994082192056
2024-10-04,inf,11.822673760408124
2024-10-07,inf,11.814848364886693
2024-10-08,inf,11.760229643073028
2024-10-09,inf,11.703339708274335
2024-10-10,inf,11.77490781006342
2024-10-11,inf,11.875991912132504
2024-10-14,inf,11.856395798352859
2024-10-15,inf,11.91906454114126
2024-10-16,inf,11.995233040696377
2024-10-17,inf,12.173581172479603
2024-10-18,inf,12.243283199169491
2024-10-21,inf,12.535535802806756
2024-10-22,inf,12.63711789816652
2024-10-23,inf,12.651275832231438
2024-10-24,inf,12.686707649687248
2024-10-25,inf,12.839206748081866
2024-10-28,inf,12.92178033974343
2024-10-29,inf,13.02928589398277
2024-10-30,inf,13.019083479868804
2024-10-31,inf,12.830790237078645
2024-11-01,inf,13.004894599159025
2024-11-04,inf,12.98871560172465
2024-11-05,inf,12.91514059561973
2024-11-06,inf,12.71319643243519
2024-11-07,inf,12.719878650086871
2024-11-08,inf,12.595306776379877
2024-11-11,inf,12.309909275985344
2024-11-12,inf,12.574310909873757
2024-11-13,inf,12.484318604358064
2024-11-14,inf,12.479424050567582
2024-11-15,inf,12.453624825801693
2024-11-18,inf,12.61964172126702
2024-11-19,inf,12.644518964949123
2024-11-20,inf,12.755322324830932
2024-11-21,inf,12.938136087442272
2024-11-22,inf,13.056522686894679
2024-11-25,inf,12.455793965497321
2024-11-26,inf,12.594944392371938
2024-11-27,inf,12.523832171928534
2024-11-28,inf,12.523832171928534
2024-11-29,inf,12.444182322137125
2024-12-02,inf,12.384383469491548
2024-12-03,inf,12.451576632168619
2024-12-04,inf,12.356338185495863
2024-12-05,inf,12.304029574017136
2024-12-06,inf,12.293690648129642
2024-12-09,inf,12.458424701612758
2024-12-10,inf,12.629393006095441
2024-12-11,inf,12.813613368080004
2024-12-12,inf,12.73941641534291
2024-12-13,inf,12.7803947591879
2024-12-16,inf,12.80781267341784
2024-12-17,inf,12.820216349336022
2024-12-18,inf,12.815864475142904
2024-12-19,inf,13.118772334949455
2024-12-20,inf,13.091226405941374
2024-12-23,inf,13.149280233489204
2024-12-24,inf,13.100161366112886
2024-12-25,inf,13.100161366112886
2024-12-26,inf,13.156033470369724
2024-12-27,inf,13.20161956147811
2024-12-30,inf,13.078108922327038
2024-12-31,inf,13.170064849393668
2025-01-01,inf,13.170064849393668
2025-01-02,inf,13.314318812992813
2025-01-03,inf,13.29359852856212
2025-01-06,inf,13.293733812524682
2025-01-07,inf,13.38887759656809
2025-01-08,inf,13.42062575411615
2025-01-09,inf,13.477931418666424
2025-01-10,inf,13.738201835220599
2025-01-13,inf,13.624597418829692
2025-01-14,inf,13.662670478378336
2025-01-15,inf,13.497879128259102
2025-01-16,inf,13.465220358986276
2025-01-17,inf,13.42795465654737
2025-01-20,inf,13.42795465654737
2025-01-21,inf,13.547272982337839
2025-01-22,inf,13.630772588115839
2025-01-23,inf,13.683426553823862
2025-01-24,inf,13.654703822582457
2025-01-27,inf,13.379528120641767
2025-01-28,inf,13.490349916019515
2025-01-29,inf,13.495990986092641
2025-01-30,inf,13.64263117821328
2025-01-31,inf,13.730495094902745
2025-02-03,inf,13.644622690822521
2025-02-04,inf,13.699608828721587
2025-02-05,inf,13.595348912670673
2025-02-06,inf,13.621686115558466
2025-02-07,inf,13.750939704509005
2025-02-10,inf,13.960702139817677
2025-02-11,inf,13.93371660451445
2025-02-12,inf,14.140722219067177
2025-02-13,inf,14.043692982025775
2025-02-14,inf,13.735993713309743
2025-02-17,inf,13.735993713309743
2025-02-18,inf,14.087559599573238
2025-02-19,inf,14.061510307531321
2025-02-20,inf,13.969618818549263
2025-02-21,inf,13.835635642288887
2025-02-24,inf,13.853079830568893
2025-02-25,inf,13.55180494105949
2025-02-26,inf,13.492181127945507
2025-02-27,inf,13.408352523758051
2025-02-28,inf,13.195868103290929
2025-03-03,inf,13.184211967971102
2025-03-04,inf,13.471249557871465
2025-03-05,inf,13.61254592067169
2025-03-06,inf,13.560900008308
2025-03-07,inf,13.661374598141236
2025-03-10,inf,13.368430180072385
2025-03-11,inf,13.648698619546606
2025-03-12,inf,13.743458718071436
2025-03-13,inf,13.935448054535115
2025-03-14,inf,14.002655414202534
2025-03-17,inf,14.079671940424877
2025-03-18,inf,14.149363592655142
2025-03-19,inf,14.086789040426673
2025-03-20,inf,14.0537458458519
2025-03-21,inf,13.94277939263883
2025-03-24,inf,14.035132955652994
2025-03-25,inf,14.032802492867932
2025-03-26,inf,14.079540549355473
2025-03-27,inf,14.26922623933092
2025-03-28,inf,14.136972674048618
2025-03-31,inf,14.195496035888201
2025-04-01,inf,14.136352222362069
2025-04-02,inf,14.258125274499067
2025-04-03,inf,13.873273761903594
2025-04-04,inf,13.754958043128692
2025-04-07,inf,13.855537080093189
2025-04-08,inf,14.120618498365168
2025-04-09,inf,14.622271869239139
2025-04-10,inf,15.1996660126355
2025-04-11,inf,15.558379269299383
2025-04-14,inf,15.153232414395104
2025-04-15,inf,15.245320361019859
2025-04-16,inf,15.51102475966785
2025-04-17,inf,15.42770533379385
2025-04-18,inf,15.422021518154754
2025-04-21,inf,15.984523699640123
2025-04-22,inf,15.668063756357812
2025-04-23,inf,15.326209742903242
2025-04-24,inf,15.272728710521582
2025-04-25,inf,15.140182722216728
2025-04-28,inf,15.204243278329416
2025-04-29,inf,15.032153725094204
2025-04-30,inf,14.892227348158013
2025-05-01,inf,14.810554274722334
2025-05-02,inf,14.954707615363441
2025-05-05,inf,15.348565579812151
2025-05-06,inf,15.572715567300284
2025-05-07,inf,15.319819665853483
2025-05-08,inf,15.279882740979977
2025-05-09,inf,15.357280047659227
2025-05-12,inf,15.250416125677411
2025-05-13,inf,15.305364131494667
2025-05-14,inf,15.01380617110353
2025-05-15,inf,15.085817369685728
2025-05-16,inf,14.90027912612673
2025-05-19,inf,15.052810574467056
2025-05-20,inf,15.344966433247453
2025-05-21,inf,15.658444374945867
2025-05-22,inf,15.488848817125028
2025-05-23,inf,15.67320815849934
2025-05-26,inf,15.67320815849934
2025-05-27,inf,15.30332254531171
2025-05-28,inf,15.39042742100827
2025-05-29,inf,15.34510965201921
2025-05-30,inf,15.174891810452847
2025-06-02,inf,15.6156136328507
2025-06-03,inf,15.54443279752394
2025-06-04,inf,15.406916136854951
2025-06-05,inf,15.46625469534911
2025-06-06,inf,15.535231584237636
2025-06-09,inf,15.532096231163388
2025-06-10,inf,15.541198267779674
2025-06-11,inf,15.488232486133004
2025-06-12,inf,15.54535491350595
2025-06-13,inf,15.757517525101845
2025-06-16,inf,15.652512149071276
2025-06-17,inf,15.474444394122521
2025-06-18,inf,15.393893798890808
2025-06-19,inf,15.393893798890808
2025-06-20,inf,15.35179646340876
2025-06-23,inf,15.368935293762622
2025-06-24,inf,15.071634036630092
2025-06-25,inf,15.106821876239593
2025-06-26,inf,14.9911199145967
2025-06-27,inf,14.821504267790493
2025-06-30,inf,14.830462893241132
2025-07-01,inf,14.984130857168982
2025-07-02,inf,15.123120883671033
2025-07-03,inf,15.087765345908926
2025-07-04,inf,15.087765345908926
2025-07-07,inf,15.186752507952589
2025-07-08,inf,15.119040897206416
2025-07-09,inf,15.019558352939615
2025-07-10,inf,15.050479011722452
2025-07-11,inf,15.292823286319589
2025-07-14,inf,15.211405047638017
2025-07-15,inf,15.297084977036025
2025-07-16,inf,15.253924545079586
2025-07-17,inf,15.211929443492807
2025-07-18,inf,15.206907450194054
2025-07-21,inf,15.251597418145016
2025-07-22,inf,15.302606904675013
2025-07-23,inf,15.321686693721993
2025-07-24,inf,15.123833299649593
2025-07-25,inf,14.979664436667187
2025-07-28,inf,14.976743180467468
2025-07-29,inf,14.85042478734975
2025-07-30,inf,14.782620708641053
2025-07-31,inf,14.924518148876633
2025-08-01,inf,14.947190897409708
2025-08-04,inf,14.88386344641046
2025-08-05,inf,14.915180974654279
2025-08-06,inf,14.92308243084332
2025-08-07,inf,15.023890182976876
2025-08-08,inf,15.014255954563193
2025-08-11,inf,14.82991147380011
2025-08-12,inf,14.901345939087767
2025-08-13,inf,14.832919017723366
2025-08-14,inf,14.85175962602792
2025-08-15,inf,14.970340102696941
2025-08-18,inf,14.985457633504614
2025-08-19,inf,14.901196193634345
2025-08-20,inf,14.999572496542305
2025-08-21,inf,14.970261279744712
2025-08-22,inf,14.842435082075108
2025-08-25,inf,14.86881356575922
2025-08-26,inf,14.885668448991987
2025-08-27,inf,14.843608419011787
2025-08-28,inf,14.913473008386196
2025-08-29,inf,15.05158314966902
2025-09-01,inf,15.05158314966902
2025-09-02,inf,15.475611156105456
2025-09-03,inf,15.438153878143611
2025-09-04,inf,15.320980260148222
2025-09-05,inf,15.305793495275658
2025-09-08,inf,15.366210450547124
2025-09-09,inf,15.390924157014885
2025-09-10,inf,15.358219869334151
2025-09-11,inf,15.283828073647394
2025-09-12,inf,15.38626089259503
2025-09-15,inf,15.440814890741269
2025-09-16,inf,15.422535694882498
2025-09-17,inf,15.355224203738818
2025-09-18,inf,15.451539852542764
2025-09-19,inf,15.632978982326005
2025-09-22,inf,15.914737668778773
2025-09-23,inf,15.881404084725203
2025-09-24,inf,15.868801927764483
2025-09-25,inf,15.983390912454594
2025-09-26,inf,16.0978069138175
2025-09-29,inf,16.23184001761965
2025-09-30,inf,16.334907025896968
2025-10-01,inf,16.2799809507624
2025-10-02,inf,16.22460017323075
2025-10-03,inf,16.406058463319255
2025-10-06,inf,16.73705934664877
2025-10-07,inf,16.68368679077684
2025-10-08,inf,16.8670923004164
2025-10-09,inf,16.7055383552033
2025-10-10,inf,16.70334055580918
2025-10-13,inf,16.99185105437561
2025-10-14,inf,17.030419682943663
2025-10-15,inf,17.298462158575145
2025-10-16,inf,17.444416122735195
2025-10-17,inf,17.316670465869638
2025-10-20,inf,17.718196374717028
2025-10-21,inf,16.831682703106203
2025-10-22,inf,16.78362117463558
2025-10-23,inf,16.908315758865253
2025-10-24,inf,16.916799883633598
2025-10-27,inf,16.572054629129322
2025-10-28,inf,16.42946879103872
2025-10-29,inf,16.553194028785022
2025-10-30,inf,16.916461729688262
2025-10-31,inf,16.83036649187754
2025-11-03,inf,16.879310894684362
2025-11-04,inf,16.657246841445524
2025-11-05,inf,16.94502314840109
2025-11-06,inf,16.825259917848665
2025-11-07,inf,16.88624150716252
2025-11-10,inf,17.231553157725187
2025-11-11,inf,17.278777127037074
2025-11-12,inf,17.386261325829153
2025-11-13,inf,17.32729733179007
2025-11-14,inf,17.19067570557865
2025-11-17,inf,17.033301520432033
2025-11-18,inf,17.124233437605035
2025-11-19,inf,17.180058957574634
2025-11-20,inf,17.184204887012132
2025-11-21,inf,17.073487622497964
2025-11-24,inf,17.239659092918316
2025-11-25,inf,17.174907811708678
2025-11-26,inf,17.20537643509975
2025-11-27,inf,17.20537643509975
2025-11-28,inf,17.39564271501722
2025-12-01,inf,17.599522080417618
2025-12-02,inf,17.52835875992691
2025-12-03,inf,17.426125902389344
2025-12-04,inf,17.505968472103813
2025-12-05,inf,17.559310156198745
2025-12-08,inf,17.6055642205256
2025-12-09,inf,17.68817827421573
2025-12-10,inf,17.63974369168051
2025-12-11,inf,17.76505742220259
2025-12-12,inf,17.937950381202725
2025-12-15,inf,17.941236400860937
2025-12-16,inf,17.916491934596017
2025-12-17,inf,18.030016312088414
2025-12-18,inf,17.904995683300815
2025-12-19,inf,18.022302062283636
2025-12-22,inf,18.339016287095255
2025-12-23,inf,18.485583596025872
2025-12-24,inf,18.350459828810298
2025-12-25,inf,18.350459828810298
2025-12-26,inf,18.491389154432063
2025-12-29,inf,17.936633887379124
2025-12-30,inf,17.941453462397934
2025-12-31,inf,17.948137085586634
2026-01-01,inf,17.948137085586634
2026-01-02,inf,18.026816567438157
2026-01-05,inf,18.265065558218396
2026-01-06,inf,18.40088460960462
2026-01-07,inf,18.21478893532066
2026-01-08,inf,18.389034249244855
2026-01-09,inf,18.43147607578961
2026-01-12,inf,18.645196842418844
2026-01-13,inf,18.584385260232814
2026-01-14,inf,18.649423301323193
2026-01-15,inf,18.626841117291757
2026-01-16,inf,18.64678924138978
2026-01-19,inf,18.64678924138978
2026-01-20,inf,19.215796738524848
2026-01-21,inf,19.26143334541902
2026-01-22,inf,19.549630804081822
2026-01-23,inf,19.627042001675832
2026-01-26,inf,19.717142458105126
2026-01-27,inf,19.983482403060325
2026-01-28,inf,20.44304650140325
2026-01-29,inf,20.44776881469825
2026-01-30,inf,19.188959103884525
2026-02-02,inf,18.81606235553513
2026-02-03,inf,19.49134670675115
2026-02-04,inf,19.544197020487353
2026-02-05,inf,19.105903107401296
2026-02-06,inf,19.433995192974777
2026-02-09,inf,19.68573639686736
2026-02-10,inf,19.486751397237093
2026-02-11,inf,19.66893204200346
2026-02-12,inf,19.098666508665943
2026-02-13,inf,19.319075806281877
2026-02-16,inf,19.319075806281877
2026-02-17,inf,18.996946018844092
2026-02-18,inf,19.293341806242985
2026-02-19,inf,19.318303702116037
2026-02-20,inf,19.56761328080977
2026-02-23,inf,19.811379710115933
2026-02-24,inf,19.66876250656099
2026-02-25,inf,19.60645955134104
2026-02-26,inf,19.64028319895326
2026-02-27,inf,19.744061835347072
2026-03-02,inf,20.032361723608652
2026-03-03,inf,19.54022017715309
2026-03-04,inf,19.6933008336131
2026-03-05,inf,19.617973770898637
2026-03-06,inf,19.753980560451396
2026-03-09,inf,19.680479681527107
2026-03-10,inf,19.882084356845755
2026-03-11,inf,19.938755747884304
2026-03-12,inf,19.82123154112864
2026-03-13,inf,19.768761359080163
2026-03-16,inf,19.615641675373617
2026-03-17,inf,19.4754006438083
2026-03-18,inf,19.167349312263926
2026-03-19,inf,18.721472856845836
2026-03-20,inf,18.67478007699837
2026-03-23,inf,18.386413075225388
2026-03-24,inf,18.52088833180483
2026-03-25,inf,18.77787668362082
2026-03-26,inf,18.476792019514527
2026-03-27,inf,19.035297552261337
2026-03-30,inf,18.824787462366583
2026-03-31,inf,19.16244981800647
2026-04-01,inf,19.38345235695077
2026-04-02,inf,19.041963751071975
2026-04-03,inf,19.097767467767007
2026-04-06,inf,19.014458271575293
2026-04-07,inf,19.0767218474835
2026-04-08,inf,19.100774693591912
2026-04-09,inf,19.162529461367466
2026-04-10,inf,19.139276392480426
2026-04-13,inf,19.021735470495447
2026-04-14,inf,19.18688844718256
2026-04-15,inf,19.086206522688272
2026-04-16,inf,19.150191692350663
2026-04-17,inf,19.222836749321555
2026-04-20,inf,19.150233842666978
2026-04-21,inf,18.83789549899799
2026-04-22,inf,19.002902635949066
2026-04-23,inf,18.890569116881675
2026-04-24,inf,18.87820544638485
2026-04-27,inf,18.826690850160265
2026-04-28,inf,18.635629474593188
2026-04-29,inf,18.619331646865152
2026-04-30,inf,18.73081667212482
2026-05-01,inf,18.631345324255083
2026-05-04,inf,18.505435431217588
2026-05-05,inf,18.62448286058466
2026-05-06,inf,18.912482181957724
2026-05-07,inf,18.978550243922424
2026-05-08,inf,18.963342071620698
2026-05-11,inf,19.037987821384014
2026-05-12,inf,19.108818320498678
2026-05-13,inf,19.03911995554832
2026-05-14,inf,18.979796445573236
2026-05-15,inf,18.970584098876163
2026-05-18,inf,19.068531293068112
2026-05-19,inf,19.007941843302504
2026-05-20,inf,19.043219162637147
2026-05-21,inf,19.16384083714872
2026-05-22,inf,19.01919282080862
2026-05-25,inf,19.01919282080862
2026-05-26,inf,18.875647534859823
2026-05-27,inf,18.689854925863365
2026-05-28,inf,18.81509918935375
2026-05-29,inf,18.97558762474572
