Code,ISU_CD,Name,Market,Dept,Close,ChangeCode,Changes,ChagesRatio,Open,High,Low,Volume,Amount,Marcap,Stocks,MarketId
207940,KR7207940008,삼성바이오로직스,KOSPI,,1363000,2,-10000,-0.73,1379000,1386000,1336000,128284,174249057000,63094566213000,46290951,STK
068270,KR7068270008,셀트리온,KOSPI,,192900,1,2900,1.53,191600,194500,189400,1133295,218242492550,42847399578900,222122341,STK
000250,KR7000250001,삼천당제약,KOSDAQ,중견기업부,339000,1,1000,0.3,381500,381500,330500,266642,92697724750,7952083008000,23457472,KSQ
326030,KR7326030004,SK바이오팜,KOSPI,,89700,2,-3800,-4.06,93700,95700,89700,4645971,418168048350,7024698525000,78313250,STK
298380,KR7298380007,에이비엘바이오,KOSDAQ,기술성장기업부,111900,2,-2600,-2.27,115300,115600,108500,355097,39468604800,6264997109700,55987463,KSQ
141080,KR7141080002,리가켐바이오,KOSDAQ GLOBAL,기술성장기업부,151100,2,-3900,-2.52,156800,157000,145900,273960,41059068000,5593634059800,37019418,KSQ
009420,KR7009420001,한올바이오파마,KOSPI,,62500,3,0,0.0,70000,70000,61800,1379694,89605873350,3265039875000,52240638,STK
302440,KR7302440003,SK바이오사이언스,KOSPI,,40900,1,900,2.25,41950,42800,40500,235893,9770751875,3208873017700,78456553,STK
237690,KR7237690003,에스티팜,KOSDAQ GLOBAL,우량기업부,134100,2,-1300,-0.96,137100,143000,123500,148327,19895988200,2797518835800,20861438,KSQ
0009K0,KR70009K0001,에임드바이오,KOSDAQ,기술성장기업부,34400,2,-2100,-5.75,36500,36650,33650,181678,6250185350,2224687938400,64671161,KSQ
068760,KR7068760008,셀트리온제약,KOSDAQ,우량기업부,47700,2,-400,-0.83,48150,48750,46300,122224,5851834125,2117991236400,44402332,KSQ
290650,KR7290650001,엘앤씨바이오,KOSDAQ,우량기업부,75800,2,-100,-0.13,75500,78900,72900,452125,34072967950,2044303563200,26969704,KSQ
445680,KR7445680002,큐리옥스바이오시스템즈,KOSDAQ,기술성장기업부,90400,2,-2300,-2.48,92500,94900,89200,381307,34641504000,1555174252000,17203255,KSQ
069620,KR7069620003,대웅제약,KOSPI,,130600,2,-1100,-0.84,132300,133900,127100,39334,5105672200,1513206695000,11586575,STK
397030,KR7397030008,에이프릴바이오,KOSDAQ,기술성장기업부,63800,2,-6200,-8.86,69000,69100,60800,439563,27905354150,1493802098800,23413826,KSQ
085660,KR7085660009,차바이오텍,KOSDAQ,중견기업부,13470,2,-100,-0.74,13650,13670,13010,379834,5058129395,1252302505560,92969748,KSQ
048410,KR7048410005,현대바이오,KOSDAQ,중견기업부,11570,2,-1580,-12.02,13000,13780,11230,3528602,42178647205,1116569468040,96505572,KSQ
456160,KR7456160001,지투지바이오,KOSDAQ,기술성장기업부,58200,2,-4600,-7.32,62600,62700,56500,250061,14564505750,962939893800,16545359,KSQ
137310,KR7137310009,에스디바이오센서,KOSPI,,7780,2,-50,-0.64,7750,7900,7510,227080,1754672815,939428013560,120749102,STK
086450,KR7086450004,동국제약,KOSDAQ GLOBAL,우량기업부,19670,2,-480,-2.38,20250,20500,19280,327614,6425553675,889682361400,45230420,KSQ
376900,KR7376900007,로킷헬스케어,KOSDAQ,기술성장기업부,54800,1,1100,2.05,53300,59000,49600,306708,16298099300,869883637200,15873789,KSQ
086900,KR7086900008,메디톡스,KOSDAQ,우량기업부,96400,1,1700,1.8,94700,96800,94700,45200,4332661900,703575110800,7298497,KSQ
317450,KR7317450005,명인제약,KOSPI,,47050,2,-950,-1.98,48150,48850,46300,28995,1359081750,686930000000,14600000,STK
249420,KR7249420001,일동제약,KOSPI,,21350,2,-450,-2.06,21900,22000,20800,359036,7596765475,675476680200,31638252,STK
001060,KR7001060003,JW중외제약,KOSPI,,27800,2,-650,-2.28,28450,28700,27400,65211,1811141275,647348854000,23285930,STK
041960,KR7041960006,코미팜,KOSDAQ,벤처기업부,7480,2,-210,-2.73,7720,7720,7260,248709,1841831295,552670982600,73886495,KSQ
092190,KR7092190008,서울바이오시스,KOSDAQ,투자주의환기종목(소속부없음),11520,2,-510,-4.24,12210,12420,11100,705494,8085053035,528403772160,45868383,KSQ
019170,KR7019170000,신풍제약,KOSPI,,10060,2,-260,-2.52,10250,10330,9990,154460,1552318850,527330331320,52418522,STK
377740,KR7377740006,바이오노트,KOSPI,,4890,2,-60,-1.21,4950,5080,4785,99418,478938325,498222774720,101886048,STK
078160,KR7078160009,메디포스트,KOSDAQ,벤처기업부,12320,2,-680,-5.23,13160,13220,12140,207668,2573472370,483000708960,39204603,KSQ
493280,KR7493280002,아이엠바이오로직스,KOSDAQ,기술성장기업부,32350,2,-3000,-8.49,35550,36550,31700,100679,3293091725,479667975150,14827449,KSQ
0120G0,KR70120G0001,삼양바이오팜,KOSPI,,57300,2,-2600,-4.34,59800,60400,55000,30290,1712200450,426075351000,7435870,STK
950210,KR8702070002,프레스티지바이오파마,KOSPI,,6930,2,-180,-2.53,7110,7210,6800,115375,796591960,416466354150,60096155,STK
042520,KR7042520007,한스바이오메드,KOSDAQ,벤처기업부,29100,2,-3800,-11.55,32200,32300,28600,453570,13581454000,415005779700,14261367,KSQ
047920,KR7047920004,HLB제약,KOSDAQ,기술성장기업부,11790,2,-640,-5.15,12450,12690,11620,160241,1900240460,386704407240,32799356,KSQ
304360,KR7304360001,에스바이오메딕스,KOSDAQ,벤처기업부,30300,2,-1000,-3.19,31150,31200,29200,66760,2014408225,375269378400,12385128,KSQ
206650,KR7206650004,유바이오로직스,KOSDAQ,우량기업부,10000,2,-170,-1.67,10170,10370,9960,192794,1945946095,367233070000,36723307,KSQ
187660,KR7187660006,페니트리움바이오,KOSDAQ,중견기업부,6590,2,-450,-6.39,7100,7160,6480,1030178,6858818470,365522607270,55466253,KSQ
389650,KR7389650003,넥스트바이오메디컬,KOSDAQ,기술성장기업부,41650,2,-2250,-5.13,44800,44800,40300,104443,4305656250,344748961900,8277286,KSQ
099430,KR7099430001,바이오플러스,KOSDAQ,우량기업부,5560,2,-220,-3.81,5730,5750,5350,468570,2562011060,342722414320,61640722,KSQ
009290,KR7009290008,광동제약,KOSPI,,6850,2,-120,-1.72,7000,7080,6710,284330,1943020800,341128684800,49799808,STK
041920,KR7041920000,메디아나,KOSDAQ,우량기업부,17360,1,960,5.85,16400,17490,15550,192957,3141055625,322865151280,18598223,KSQ
314930,KR7314930009,바이오다인,KOSDAQ,기술성장기업부,10000,2,-480,-4.58,10400,10590,9940,85540,863807740,297641030000,29764103,KSQ
033270,KR7033270000,유나이티드제약,KOSPI,,18550,2,-100,-0.54,18750,18910,18470,35079,653335110,295144876250,15910775,STK
394420,KR7394420004,리센스메디컬,KOSDAQ,기술성장기업부,26300,2,-2000,-7.07,28550,29000,25300,385923,10087479800,287588869400,10934938,KSQ
092730,KR7092730001,네오팜,KOSDAQ,우량기업부,17820,2,-370,-2.03,18240,18490,17560,46169,822027170,285618763980,16027989,KSQ
217730,KR7217730001,강스템바이오텍,KOSDAQ,기술성장기업부,3020,2,-65,-2.11,3090,3160,2925,644190,1927914330,284043529980,94054149,KSQ
005500,KR7005500004,삼진제약,KOSPI,,20350,2,-600,-2.86,21050,21300,20200,188087,3846369625,271062000000,13320000,STK
182400,KR7182400002,엔케이젠바이오텍코리아,KOSDAQ,관리종목(소속부없음),3670,0,0,0.0,0,0,0,0,0,265496721770,72342431,KSQ
338840,KR7338840002,와이바이오로직스,KOSDAQ,기술성장기업부,16890,2,-660,-3.76,17400,17890,16400,105734,1772020890,259543242090,15366681,KSQ
067080,KR7067080002,대화제약,KOSDAQ,중견기업부,12520,2,-110,-0.87,12780,13000,12250,46405,575674440,233080458000,18616650,KSQ
064550,KR7064550007,바이오니아,KOSDAQ,중견기업부,8920,2,-300,-3.25,9230,9260,8900,147941,1328708945,230227795720,25810291,KSQ
353810,KR7353810005,이지바이오,KOSDAQ,우량기업부,6370,2,-120,-1.85,6570,6570,6090,269960,1692463465,210731830400,33081920,KSQ
321550,KR7321550006,티움바이오,KOSDAQ,기술성장기업부,7010,2,-260,-3.58,7320,7380,6900,486726,3441101750,210569709750,30038475,KSQ
086820,KR7086820008,바이오솔루션,KOSDAQ,기술성장기업부,7930,2,-120,-1.49,8400,8900,7560,352137,2818486890,205577994050,25924085,KSQ
176750,KR7176750008,듀켐바이오,KOSDAQ,기술성장기업부,7010,2,-350,-4.76,7270,7480,6900,17786,124920670,199705927200,28488720,KSQ
003220,KR7003220001,대원제약,KOSPI,,8730,2,-240,-2.68,8980,9070,8620,22315,195737850,195792799590,22427583,STK
016580,KR7016580003,환인제약,KOSPI,,10410,2,-50,-0.48,10460,10500,10210,44782,461259935,193626728700,18600070,STK
102460,KR7102460003,이연제약,KOSPI,,10250,2,-800,-7.24,11050,11060,10120,105673,1111919090,190514812750,18586811,STK
071200,KR7071200000,인피니트헬스케어,KOSDAQ,중견기업부,7620,2,-100,-1.3,7900,7910,7380,78572,600992715,185901009960,24396458,KSQ
058820,KR7058820002,CMG제약,KOSDAQ,중견기업부,1236,2,-40,-3.13,1279,1398,1205,1507901,1867823174,182732938188,147842183,KSQ
032620,KR7032620007,GC메디아이,KOSDAQ,우량기업부,3400,2,-75,-2.16,3475,3480,3315,256127,857867185,177470272600,52197139,KSQ
293480,KR7293480000,하나제약,KOSPI,,9520,2,-120,-1.24,9640,9650,9450,37458,358148420,169198445920,17772946,STK
140610,KR7140610007,엔솔바이오사이언스,KONEX,일반기업부,12140,2,-80,-0.65,12300,12700,12010,8265,100772800,168613346220,13889073,KNX
293780,KR7293780003,압타바이오,KOSDAQ,기술성장기업부,5990,2,-290,-4.62,6280,6300,5900,110956,665552325,168279495950,28093405,KSQ
049960,KR7049960008,쎌바이오텍,KOSDAQ,벤처기업부,17500,2,-610,-3.37,18010,18010,17330,20732,364169240,164500000000,9400000,KSQ
000520,KR7000520007,삼일제약,KOSPI,,7420,2,-170,-2.24,7710,7730,7220,170207,1256254770,160953237620,21691811,STK
011040,KR7011040003,경동제약,KOSDAQ,중견기업부,5210,2,-20,-0.38,5300,5300,5130,18915,97925315,160305270860,30768766,KSQ
106190,KR7106190002,하이텍팜,KOSDAQ,우량기업부,14000,2,-360,-2.51,14500,14530,13880,121324,1702140615,148864422000,10633173,KSQ
240550,KR7240550004,동방메디컬,KOSDAQ,중견기업부,6880,2,-520,-7.03,7420,7430,6670,309414,2127276600,144025507200,20933940,KSQ
001360,KR7001360007,삼성제약,KOSPI,,1515,2,-39,-2.51,1554,1570,1473,981787,1473706186,142655549685,94162079,STK
334970,KR7334970001,프레스티지바이오로직스,KOSDAQ,기술성장기업부,1826,2,-54,-2.87,1939,1939,1796,99082,179688523,141976315162,77752637,KSQ
082800,KR7082800004,비보존 제약,KOSDAQ,중견기업부,2285,2,-120,-4.99,2410,2450,2245,506633,1156912758,138744436810,60719666,KSQ
217950,KR7217950005,파마리서치바이오,KONEX,일반기업부,32950,3,0,0.0,33300,33300,32000,12765,419629350,137837758000,4183240,KNX
214390,KR7214390007,경보제약,KOSPI,,5730,2,-190,-3.21,5880,5980,5610,76779,438592045,136986307800,23906860,STK
323990,KR7323990002,박셀바이오,KOSDAQ,기술성장기업부,5740,2,-160,-2.71,5900,5950,5630,101056,575388480,133497160300,23257345,KSQ
027710,KR7027710003,팜스토리,KOSDAQ,우량기업부,1132,2,-49,-4.15,1181,1194,1121,826903,942884605,126123591200,111416600,KSQ
156100,KR7156100000,엘앤케이바이오,KOSDAQ,벤처기업부,5570,2,-210,-3.63,5980,5980,5450,172033,948359330,124495922210,22351153,KSQ
025620,KR7025620006,차AI헬스케어,KOSPI,,6750,2,-460,-6.38,7210,7220,6500,21445,143853770,122876817750,18203973,STK
006620,KR7006620009,동구바이오제약,KOSDAQ,우량기업부,4270,2,-80,-1.84,4405,4460,4255,270998,1164512225,121545515840,28464992,KSQ
052260,KR7052260007,현대바이오랜드,KOSDAQ,우량기업부,3930,2,-50,-1.26,3995,3995,3860,83787,326280255,117900000000,30000000,KSQ
054050,KR7054050000,NH농우바이오,KOSDAQ,우량기업부,7180,2,-20,-0.28,7210,7300,7120,44399,318097935,115099427980,16030561,KSQ
131030,KR7131030009,옵투스제약,KOSDAQ,우량기업부,6400,2,-270,-4.05,7100,7230,6340,211729,1382279665,112938176000,17646590,KSQ
950130,KR8840090003,엑세스바이오,KOSDAQ,외국기업(소속부없음),3050,1,10,0.33,3040,3095,2890,258278,768189024,107280193700,35173834,KSQ
464490,KR7464490002,쿼드메디슨,KOSDAQ,기술성장기업부,9110,2,-340,-3.6,9280,9460,8510,123920,1112018390,104602049430,11482113,KSQ
059210,KR7059210005,메타바이오메드,KOSDAQ,우량기업부,3840,2,-110,-2.78,3985,4000,3805,202470,781904448,104338348800,27171445,KSQ
100700,KR7100700004,세운메디칼,KOSDAQ,우량기업부,2305,2,-55,-2.33,2350,2375,2280,197192,454419597,100959000000,43800000,KSQ
036220,KR7036220002,오상헬스케어,KOSDAQ,우량기업부,6830,2,-310,-4.34,7030,7240,6800,49586,343812405,97733311280,14309416,KSQ
246710,KR7246710008,티앤알바이오팹,KOSDAQ,기술성장기업부,2040,2,-90,-4.23,2095,2140,1990,341164,696777972,97235588160,47664504,KSQ
002210,KR7002210003,동성제약,KOSPI,,973,0,0,0.0,0,0,0,0,0,94010780311,96619507,STK
489460,KR7489460006,바이오비쥬,KOSDAQ,벤처기업부,6210,2,-240,-3.72,6420,6440,6060,48219,298301625,93425910300,15044430,KSQ
036580,KR7036580009,팜스코,KOSPI,,2540,2,-40,-1.55,2650,2650,2480,60997,154278335,93288975220,36727943,STK
063160,KR7063160006,종근당바이오,KOSPI,,16950,2,-690,-3.91,17640,17760,16950,24948,427076340,92987055900,5485962,STK
009300,KR7009300005,삼아제약,KOSDAQ,우량기업부,14510,2,-480,-3.2,15250,15340,14510,11720,171123870,92428700000,6370000,KSQ
330350,KR7330350000,위더스제약,KOSDAQ,우량기업부,6950,2,-50,-0.71,7000,7170,6610,72750,496371160,91754866050,13202139,KSQ
208370,KR7208370007,셀바스헬스케어,KOSDAQ,벤처기업부,3505,2,-70,-1.96,3680,3845,3475,176445,630663867,90220676820,25740564,KSQ
251120,KR7251120002,바이오에프디엔씨,KOSDAQ,기술성장기업부,10320,2,-450,-4.18,10760,10940,10170,65930,683802905,89739624000,8695700,KSQ
072020,KR7072020001,중앙백신,KOSDAQ,벤처기업부,9450,2,-200,-2.07,9650,9800,9450,14051,133663125,89384592150,9458687,KSQ
048530,KR7048530000,인트론바이오,KOSDAQ,기술성장기업부,2795,2,-170,-5.73,2970,3035,2790,315492,897162435,86342463610,30891758,KSQ
261780,KR7261780001,아리바이오랩,KOSDAQ,기술성장기업부,3205,2,-500,-13.5,3630,3880,3135,4205452,14107202594,86256152180,26912996,KSQ
054670,KR7054670005,대한뉴팜,KOSDAQ,우량기업부,5980,2,-160,-2.61,6140,6170,5980,80304,484851455,85842421600,14354920,KSQ
060590,KR7060590007,씨티씨바이오,KOSDAQ,중견기업부,3490,2,-125,-3.46,3615,3650,3490,82333,291008119,84391759800,24181020,KSQ
082850,KR7082850009,우리바이오,KOSDAQ,중견기업부,1691,2,-91,-5.11,1784,1798,1691,177103,303213835,81940073398,48456578,KSQ
388870,KR7388870008,파로스아이바이오,KOSDAQ,기술성장기업부,6300,2,-330,-4.98,6630,6780,6160,95626,598995360,81559371600,12945932,KSQ
067290,KR7067290007,JW신약,KOSDAQ,중견기업부,1445,2,-70,-4.62,1534,1534,1419,416352,598669522,80973613835,56037103,KSQ
038460,KR7038460002,바이오스마트,KOSDAQ,우량기업부,3125,2,-185,-5.59,3315,3330,3070,303620,955652940,78982943750,25274542,KSQ
002720,KR7002720001,국제약품,KOSPI,,3690,2,-90,-2.38,3780,3820,3660,108626,402197402,78079780080,21159832,STK
002800,KR7002800001,신신제약,KOSDAQ,우량기업부,5040,2,-50,-0.98,5100,5120,4930,70356,350878610,76459320000,15170500,KSQ
348150,KR7348150004,고바이오랩,KOSDAQ,기술성장기업부,3905,2,-175,-4.29,4060,4090,3900,94195,370320513,75830761545,19418889,KSQ
067370,KR7067370007,선바이오,KOSDAQ,기술성장기업부,6190,2,-80,-1.28,6270,6600,5710,17869,106182810,75478105450,12193555,KSQ
204840,KR7204840003,지엘팜텍,KOSDAQ,기술성장기업부,955,2,-17,-1.75,980,1007,930,198949,191112600,74059300730,77549006,KSQ
004720,KR7004720009,팜젠사이언스,KOSPI,,3290,2,-160,-4.64,3455,3485,3255,111605,369951775,72230311580,21954502,STK
101140,KR7101140002,인바이오젠,KOSPI,,7040,2,-1040,-12.87,8750,9620,6900,128284,1027162515,70711280640,10044216,STK
153710,KR7153710009,옵티팜,KOSDAQ,기술성장기업부,4755,2,-10,-0.21,4765,4795,4650,13993,66093425,69755650290,14669958,KSQ
000220,KR7000220004,유유제약,KOSPI,,3995,2,-165,-3.97,4230,4400,3980,1113113,4594738365,68044242245,17032351,STK
311690,KR7311690002,CJ 바이오사이언스,KOSDAQ,기술성장기업부,5160,2,-470,-8.35,5780,5780,5070,58319,301652560,67417783920,13065462,KSQ
012790,KR7012790002,신일제약,KOSDAQ,우량기업부,5420,2,-60,-1.09,5460,5530,5380,29308,158785350,64966369300,11986415,KSQ
014950,KR7014950000,삼익제약,KOSDAQ,벤처기업부,6310,2,-430,-6.38,6840,6840,6220,62079,394728910,63147880280,10007588,KSQ
007370,KR7007370000,진양제약,KOSDAQ,우량기업부,4270,2,-170,-3.83,4550,4550,4255,51433,221664590,60354686490,14134587,KSQ
347740,KR7347740003,피엔케이피부임상연구센타,KOSDAQ,벤처기업부,1989,2,-86,-4.14,2080,2080,1984,182340,365079208,59691035664,30010576,KSQ
278650,KR7278650007,HLB바이오스텝,KOSDAQ,중견기업부,3355,2,-305,-8.33,3660,3660,3250,190738,639377777,58485688580,17432396,KSQ
002630,KR7002630002,오리엔트바이오,KOSPI,,483,0,0,0.0,0,0,0,0,0,57275591415,118583005,STK
088910,KR7088910005,동우팜투테이블,KOSDAQ,우량기업부,2185,2,-90,-3.96,2275,2300,2130,179798,393460930,56442404340,25831764,KSQ
318160,KR7318160009,셀바이오휴먼텍,KOSDAQ,벤처기업부,5830,2,-110,-1.85,5900,6000,5460,70731,400701425,54437700790,9337513,KSQ
068330,KR7068330000,일신바이오,KOSDAQ,중견기업부,1198,2,-24,-1.96,1213,1239,1196,200838,241316981,52970935720,44216140,KSQ
038070,KR7038070009,서린바이오,KOSDAQ,중견기업부,5690,2,-260,-4.37,5950,6050,5630,127821,733330500,52920846440,9300676,KSQ
226330,KR7226330009,신테카바이오,KOSDAQ,기술성장기업부,2160,2,-205,-8.67,2370,2410,2115,296979,655931780,52398306000,24258475,KSQ
317870,KR7317870004,엔바이오니아,KOSDAQ,기술성장기업부,5900,2,-180,-2.96,6080,6220,5790,23782,140353460,52167180500,8841895,KSQ
420570,KR7420570004,제이투케이바이오,KOSDAQ,벤처기업부,8790,2,-620,-6.59,9260,9360,8790,45908,413233740,51399375570,5847483,KSQ
065170,KR7065170003,비엘팜텍,KOSDAQ,투자주의환기종목(소속부없음),1823,2,-242,-11.72,2075,2110,1805,850509,1602333460,50886844639,27913793,KSQ
179530,KR7179530001,애드바이오텍,KOSDAQ,기술성장기업부,2570,2,-85,-3.2,2655,2725,2520,139965,364913594,50576649100,19679630,KSQ
314140,KR7314140005,알피바이오,KOSDAQ,우량기업부,5760,1,150,2.67,5750,5820,5510,10027,56307610,49918239360,8666361,KSQ
017180,KR7017180001,명문제약,KOSPI,,1430,2,-65,-4.35,1486,1493,1421,123823,178027191,48553439220,33953454,STK
200580,KR7200580009,메디쎄이,KONEX,일반기업부,12390,1,20,0.16,12370,12390,11750,382,4711890,46166118810,3726079,KNX
003060,KR7003060001,에이프로젠바이오로직스,KOSPI,,3165,1,50,1.61,3185,3215,3040,90045,278749003,45615163710,14412374,STK
307280,KR7307280008,원바이오젠,KOSDAQ,벤처기업부,6360,2,-440,-6.47,6680,6690,6340,30240,194506325,45121827720,7094627,KSQ
0010V0,KR70010V0005,제이피아이헬스케어,KOSDAQ,벤처기업부,8760,2,-400,-4.37,9120,9160,8670,27025,237304325,44723304000,5105400,KSQ
215380,KR7215380007,우정바이오,KOSDAQ,벤처기업부,2605,2,-120,-4.4,2795,2795,2585,184406,487102475,43841045480,16829576,KSQ
260660,KR7260660006,알리코제약,KOSDAQ,중견기업부,2860,2,-115,-3.87,3040,3100,2800,113991,327497675,43835280060,15327021,KSQ
086040,KR7086040003,바이오톡스텍,KOSDAQ,벤처기업부,2630,2,-115,-4.19,2745,2770,2630,31335,84884115,41970189610,15958247,KSQ
403490,KR7403490006,우듬지팜,KOSDAQ,벤처기업부,892,2,-14,-1.55,905,905,825,289781,252887709,40971757888,45932464,KSQ
464280,KR7464280007,티디에스팜,KOSDAQ,중견기업부,7400,2,-560,-7.04,7560,7710,7350,47948,358430050,40922000000,5530000,KSQ
335810,KR7335810008,프리시젼바이오,KOSDAQ,기술성장기업부,1861,2,-55,-2.87,1916,1916,1850,23021,43009665,40848030666,21949506,KSQ
200780,KR7200780005,비씨월드제약,KOSDAQ,중견기업부,3800,2,-130,-3.31,3885,4020,3625,23921,90696643,40529511800,10665661,KSQ
203450,KR7203450002,유니온바이오메트릭스,KOSDAQ,벤처기업부,2790,2,-10,-0.36,2845,2850,2710,25404,70041678,39280429530,14079007,KSQ
014570,KR7014570006,고려제약,KOSDAQ,중견기업부,3395,2,-55,-1.59,3425,3470,3340,11900,40289915,37345000000,11000000,KSQ
053950,KR7053950002,경남제약,KOSDAQ,중견기업부,2190,2,-130,-5.6,2320,2320,2160,186634,410972378,34228541490,15629471,KSQ
195990,KR7195990007,에이비프로바이오,KOSDAQ,관리종목(소속부없음),1041,1,9,0.87,1035,1190,1025,480703,523024414,33911353668,32575748,KSQ
086060,KR7086060001,진바이오텍,KOSDAQ,중견기업부,3925,2,-170,-4.15,4145,4145,3815,51335,198690110,33796553975,8610587,KSQ
446440,KR7446440000,에피바이오텍,KONEX,일반기업부,13990,0,0,0.0,0,0,0,0,0,32273237210,2306879,KNX
462510,KR7462510009,라메디텍,KOSDAQ,기술성장기업부,3620,2,-155,-4.11,3780,3785,3500,72853,259486519,31866733300,8802965,KSQ
019175,KR7019171008,신풍제약우,KOSPI,,16000,2,-480,-2.91,16600,16600,15970,5511,88141710,31859680000,1991230,STK
258830,KR7258830009,세종메디칼,KOSDAQ,관리종목(소속부없음),412,0,0,0.0,0,0,0,0,0,31223976612,75786351,KSQ
246250,KR7246250005,에스엘에스바이오,KOSDAQ,관리종목(소속부없음),1969,0,0,0.0,0,0,0,0,0,30220617614,15348206,KSQ
354390,KR7354390007,바스칸바이오제약,KONEX,일반기업부,4300,3,0,0.0,4340,4345,4300,107,464010,30178462100,7018247,KNX
200230,KR7200230001,텔콘RF제약,KOSDAQ,중견기업부,409,2,-18,-4.22,427,442,401,509766,208946484,29253124997,71523533,KSQ
354200,KR7354200008,엔젠바이오,KOSDAQ,기술성장기업부,1070,2,-43,-3.86,1113,1127,1048,166244,176955056,28686432500,26809750,KSQ
318010,KR7318010006,팜스빌,KOSDAQ,벤처기업부,3575,1,10,0.28,3540,3605,3530,29033,103324923,28347383350,7929338,KSQ
018680,KR7018680009,서울제약,KOSDAQ,벤처기업부,2405,2,-30,-1.23,2435,2460,2350,4084,9779345,28040662195,11659319,KSQ
398120,KR7398120006,에스지헬스케어,KOSDAQ,벤처기업부,2355,2,-185,-7.28,2510,2560,2290,133317,319114825,27832593405,11818511,KSQ
304840,KR7304840002,피플바이오,KOSDAQ,벤처기업부,1029,2,-87,-7.8,1120,1157,1000,230568,239976192,25025959140,24320660,KSQ
115480,KR7115480006,씨유메디칼,KOSDAQ,중견기업부,2055,2,-155,-7.01,2195,2200,1976,71958,148371278,24916692105,12124911,KSQ
038530,KR7038530002,케이바이오랩스,KOSDAQ,중견기업부,1047,2,-118,-10.13,1200,1200,1045,296267,318019602,24230583843,23142869,KSQ
322970,KR7322970005,무진메디,KONEX,일반기업부,2385,1,10,0.42,2385,2385,2295,824,1899325,24054368265,10085689,KNX
352940,KR7352940001,인바이오,KOSDAQ,벤처기업부,2165,3,0,0.0,2150,2165,2100,20268,43093290,23528635450,10867730,KSQ
377220,KR7377220009,프롬바이오,KOSDAQ,기술성장기업부,813,2,-87,-9.67,892,934,760,610418,492815977,23016030000,28310000,KSQ
270210,KR7270210008,에스알바이오텍,KONEX,일반기업부,13370,2,-1110,-7.67,13550,14500,12500,2828,36509360,22882059760,1711448,KNX
034940,KR7034940007,조아제약,KOSDAQ,중견기업부,729,2,-34,-4.46,740,740,672,314718,227752314,22584293883,30979827,KSQ
216400,KR7216400002,인바이츠바이오코아,KONEX,일반기업부,2900,2,-75,-2.52,2985,2985,2530,654,1720925,22362813500,7711315,KNX
080720,KR7080720006,한국유니온제약,KOSDAQ,관리종목(소속부없음),2725,0,0,0.0,0,0,0,0,0,21562456300,7912828,KSQ
188040,KR7188040000,바이오포트,KOSDAQ,벤처기업부,4250,2,-750,-15.0,5000,5000,4145,132418,575781218,19887059000,4679308,KSQ
110020,KR7110020005,전진바이오팜,KOSDAQ,기술성장기업부,1989,2,-86,-4.14,2075,2095,1972,56878,114534814,18017877618,9058762,KSQ
086220,KR7086220001,광동헬스바이오,KONEX,일반기업부,1379,2,-5,-0.36,1399,1399,1233,15,20493,17496565835,12687865,KNX
014100,KR7014100002,메디앙스,KOSDAQ,중견기업부,1471,2,-59,-3.86,1512,1514,1471,35630,53083200,17357800000,11800000,KSQ
199730,KR7199730003,바이오인프라,KOSDAQ,벤처기업부,3460,2,-180,-4.95,3610,3620,3390,11666,40148464,16830709820,4864367,KSQ
233250,KR7233250000,메디안디노스틱,KONEX,일반기업부,8200,3,0,0.0,8200,8200,8200,10,82000,14321578800,1746534,KNX
054180,KR7054180005,메디콕스,KOSDAQ,관리종목(소속부없음),2295,0,0,0.0,0,0,0,0,0,12686716395,5527981,KSQ
289170,KR7289170003,바이오텐,KONEX,일반기업부,3300,2,-55,-1.64,3470,3470,2855,4,13005,11803073700,3576689,KNX
225430,KR7225430008,케이엠제약,KOSDAQ,벤처기업부,2105,2,-255,-10.81,2430,2430,2015,158814,342150995,11740448050,5577410,KSQ
001067,KR7001062009,JW중외제약2우B,KOSPI,,50100,3,0,0.0,50100,50100,50100,2,100200,10519647300,209973,STK
332190,KR7332190008,오션스바이오,KONEX,일반기업부,6900,4,900,15.0,6900,6900,6900,15,103500,10197089100,1477839,KNX
236340,KR7236340006,메디젠휴먼케어,KONEX,일반기업부,3200,3,0,0.0,3200,3200,3200,95,304000,9646870400,3014647,KNX
000225,KR7000221002,유유제약1우,KOSPI,,3985,2,-225,-5.34,4185,4350,3965,62946,255774225,9033716050,2266930,STK
001065,KR7001061001,JW중외제약우,KOSPI,,24350,2,-1150,-4.51,25300,25300,23550,828,20150850,8326506850,341951,STK
341170,KR7341170009,퓨쳐메디신,KONEX,일반기업부,781,5,-137,-14.92,900,918,781,55871,43664397,8226433105,10533205,KNX
199290,KR7199290008,바이오프로테크,KONEX,일반기업부,427,1,18,4.4,470,470,427,29,12447,6970856984,16325192,KNX
447690,KR7447690009,아이오바이오,KONEX,일반기업부,2350,2,-250,-9.62,2975,2975,2295,3734,8671125,6181101600,2630256,KNX
327610,KR7327610002,펨토바이오메드,KONEX,일반기업부,585,0,0,0.0,0,0,0,0,0,4993610310,8536086,KNX
299480,KR7299480004,지앤이헬스케어,KONEX,일반기업부,394,2,-3,-0.76,394,394,394,1,394,4373692742,11100743,KNX
000227,KR7000222000,유유제약2우B,KOSPI,,10670,1,40,0.38,10820,10820,10650,1898,20324720,3473725200,325560,STK
266470,KR7266470004,바이오인프라생명과학,KONEX,일반기업부,101,1,1,1.0,100,115,93,4911,541174,2814467919,27866019,KNX
390110,KR7390110005,애니메디솔루션,KONEX,일반기업부,266,2,-39,-12.79,349,349,266,4025,1224526,2579414502,9697047,KNX
