date_utc,dex_vol_24h
2016-04-19,607
2016-04-20,1728
2016-04-21,3049
2016-04-22,1464
2016-04-23,1242
2016-04-24,690
2016-04-25,5
2016-04-26,1090
2016-04-27,762
2016-04-28,544
2016-04-29,1715
2016-04-30,833
2016-05-01,1615
2016-05-02,1613
2016-05-03,1733
2016-05-04,957
2016-05-05,857
2016-05-06,2225
2016-05-07,230
2016-05-08,675
2016-05-10,1544
2016-05-12,682
2016-05-14,1139
2016-05-15,847
2016-05-16,1174
2016-05-17,1041
2016-05-18,2367
2016-05-19,1192
2016-05-20,221
2016-05-21,992
2016-05-22,1549
2016-05-23,1192
2016-05-24,223
2016-05-25,2872
2016-05-26,3687
2016-05-27,1262
2016-05-28,2035
2016-05-29,1102
2016-05-30,321
2016-05-31,800
2016-06-01,895
2016-06-02,1115
2016-06-03,3537
2016-06-04,1462
2016-06-05,1881
2016-06-06,1018
2016-06-07,756
2016-06-08,350
2016-06-09,1097
2016-06-10,1248
2016-06-11,1937
2016-06-12,1078
2016-06-13,1162
2016-06-14,130
2016-06-15,1976
2016-06-16,268
2016-06-17,1075
2016-06-18,2762
2016-06-20,1542
2016-06-21,1530
2016-06-22,1893
2016-06-23,2337
2016-06-24,132
2016-06-25,1965
2016-06-26,315
2016-06-28,809
2016-06-29,159
2016-06-30,504
2016-07-01,1186
2016-07-02,69
2016-07-03,1868
2016-07-04,749
2016-07-05,694
2016-07-06,1055
2016-07-07,607
2016-07-08,186
2016-07-09,981
2016-07-10,774
2016-07-11,649
2016-07-12,1476
2016-07-13,99
2016-07-14,1154
2016-07-15,1358
2016-07-16,1659
2016-07-17,2795
2016-07-18,472
2016-07-19,843
2016-07-20,735
2016-07-21,1218
2016-07-22,2474
2016-07-23,675
2016-07-24,1090
2016-07-25,296
2016-07-26,1010
2016-07-27,1652
2016-07-28,820
2016-07-29,62
2016-07-30,2750
2016-07-31,1957
2016-08-01,3230
2016-08-02,1647
2016-08-03,3467
2016-08-04,1061
2016-08-05,939
2016-08-06,1446
2016-08-07,640
2016-08-08,4430
2016-08-09,3900
2016-08-10,4193
2016-08-11,17045
2016-08-12,4144
2016-08-13,3050
2016-08-14,3873
2016-08-15,1987
2016-08-16,4909
2016-08-17,3660
2016-08-18,5731
2016-08-19,1720
2016-08-20,2750
2016-08-21,3640
2016-08-22,10876
2016-08-23,6859
2016-08-24,549
2016-08-25,1556
2016-08-26,7828
2016-08-27,4118
2016-08-28,19815
2016-08-29,8879
2016-08-30,5615
2016-08-31,5012
2016-09-01,8574
2016-09-02,2496
2016-09-03,8142
2016-09-04,2770
2016-09-05,4439
2016-09-06,2974
2016-09-07,1757
2016-09-08,2452
2016-09-09,1866
2016-09-10,1011
2016-09-11,617
2016-09-12,2060
2016-09-13,2160
2016-09-14,669
2016-09-15,2779
2016-09-16,1231
2016-09-17,4793
2016-09-18,1193
2016-09-19,1887
2016-09-20,2006
2016-09-21,2353
2016-09-22,1339
2016-09-23,1204
2016-09-24,1714
2016-09-25,619
2016-09-26,2297
2016-09-27,1628
2016-09-28,1630
2016-09-29,2358
2016-09-30,1998
2016-10-01,1197
2016-10-02,1918
2016-10-03,2754
2016-10-04,1889
2016-10-05,1896
2016-10-06,2315
2016-10-07,2788
2016-10-08,2343
2016-10-09,3559
2016-10-10,1843
2016-10-11,4901
2016-10-12,2895
2016-10-13,2665
2016-10-14,1372
2016-10-15,1529
2016-10-16,1316
2016-10-17,1162
2016-10-18,1030
2016-10-19,1894
2016-10-20,3355
2016-10-21,4924
2016-10-22,2299
2016-10-23,3655
2016-10-24,2335
2016-10-25,2813
2016-10-26,1549
2016-10-27,5749
2016-10-28,2613
2016-10-29,4503
2016-10-30,2052
2016-10-31,5721
2016-11-01,6089
2016-11-02,5972
2016-11-03,3736
2016-11-04,5470
2016-11-05,1690
2016-11-06,2525
2016-11-07,11836
2016-11-08,5629
2016-11-09,3720
2016-11-10,2004
2016-11-11,9268
2016-11-12,3808
2016-11-13,3235
2016-11-14,1976
2016-11-15,4270
2016-11-16,2393
2016-11-17,4818
2016-11-18,4229
2016-11-19,6167
2016-11-20,3788
2016-11-21,3797
2016-11-22,4874
2016-11-23,3607
2016-11-24,2616
2016-11-25,1724
2016-11-26,3491
2016-11-27,5829
2016-11-28,4095
2016-11-29,4030
2016-11-30,6644
2016-12-01,5564
2016-12-02,5969
2016-12-03,4957
2016-12-04,3223
2016-12-05,4751
2016-12-06,3001
2016-12-07,4622
2016-12-08,4835
2016-12-09,7036
2016-12-10,4805
2016-12-11,3138
2016-12-12,5481
2016-12-13,4560
2016-12-14,4919
2016-12-15,4207
2016-12-16,4174
2016-12-17,5618
2016-12-18,2958
2016-12-19,6145
2016-12-20,3971
2016-12-21,4987
2016-12-22,8771
2016-12-23,7606
2016-12-24,4168
2016-12-25,1529
2016-12-26,771
2016-12-27,9003
2016-12-28,10309
2016-12-29,2281
2016-12-30,3262
2016-12-31,3156
2017-01-01,4656
2017-01-02,8928
2017-01-03,10963
2017-01-04,16896
2017-01-05,11257
2017-01-06,15155
2017-01-07,8731
2017-01-08,6510
2017-01-09,7143
2017-01-10,6647
2017-01-11,10199
2017-01-12,3597
2017-01-13,11126
2017-01-14,5520
2017-01-15,9884
2017-01-16,9178
2017-01-17,10515
2017-01-18,8310
2017-01-19,7474
2017-01-20,2977
2017-01-21,3827
2017-01-22,4749
2017-01-23,3042
2017-01-24,1862
2017-01-25,2600
2017-01-26,5157
2017-01-27,6969
2017-01-28,2999
2017-01-29,4837
2017-01-30,1725
2017-01-31,8604
2017-02-01,6541
2017-02-02,2409
2017-02-03,7062
2017-02-04,5809
2017-02-05,3847
2017-02-06,7838
2017-02-07,4185
2017-02-08,5191
2017-02-09,1511
2017-02-10,6730
2017-02-11,5162
2017-02-12,2243
2017-02-13,1544
2017-02-14,5951
2017-02-15,6793
2017-02-16,6512
2017-02-17,8326
2017-02-18,4446
2017-02-19,1928
2017-02-20,4391
2017-02-21,6129
2017-02-22,3145
2017-02-23,5228
2017-02-24,5073
2017-02-25,9245
2017-02-26,3769
2017-02-27,4594
2017-02-28,7416
2017-03-01,9275
2017-03-02,15147
2017-03-03,7518
2017-03-04,4852
2017-03-05,3140
2017-03-06,8250
2017-03-07,5137
2017-03-08,4771
2017-03-09,4729
2017-03-10,6193
2017-03-11,2754
2017-03-12,12402
2017-03-13,6341
2017-03-14,12939
2017-03-15,4460
2017-03-16,11716
2017-03-17,7320
2017-03-18,5855
2017-03-19,8328
2017-03-20,3441
2017-03-21,6390
2017-03-22,4045
2017-03-23,2573
2017-03-24,4898
2017-03-25,9267
2017-03-26,4057
2017-03-27,5317
2017-03-28,2616
2017-03-29,5131
2017-03-30,5168
2017-03-31,2307
2017-04-01,5085
2017-04-02,4480
2017-04-03,5733
2017-04-04,3171
2017-04-05,5662
2017-04-06,5159
2017-04-07,5493
2017-04-08,1726
2017-04-09,5867
2017-04-10,10105
2017-04-11,5029
2017-04-12,7050
2017-04-13,4400
2017-04-14,2132
2017-04-15,5173
2017-04-16,5469
2017-04-17,10123
2017-04-18,7041
2017-04-19,7987
2017-04-20,6073
2017-04-21,12236
2017-04-22,4999
2017-04-23,7805
2017-04-24,17436
2017-04-25,14520
2017-04-26,16019
2017-04-27,18440
2017-04-28,5945
2017-04-29,10004
2017-04-30,19380
2017-05-01,17764
2017-05-02,10782
2017-05-03,12678
2017-05-04,16516
2017-05-05,9945
2017-05-06,6793
2017-05-07,5842
2017-05-08,28192
2017-05-09,25820
2017-05-10,14908
2017-05-11,26144
2017-05-12,13436
2017-05-13,9552
2017-05-14,4404
2017-05-15,1045
2017-05-16,9479
2017-05-17,2752
2017-05-18,4129
2017-05-19,10216
2017-05-20,8174
2017-05-21,20217
2017-05-22,12804
2017-05-23,14261
2017-05-24,26988
2017-05-25,29263
2017-05-26,16922
2017-05-27,11997
2017-05-28,10163
2017-05-29,7293
2017-05-30,7437
2017-05-31,15823
2017-06-01,31839
2017-06-02,25179
2017-06-03,39420
2017-06-04,29072
2017-06-05,23596
2017-06-07,44217
2017-06-09,53383
2017-06-10,46764
2017-06-11,11713
2017-06-12,23252
2017-06-13,33593
2017-06-14,29280
2017-06-15,4498
2017-06-16,7818
2017-06-17,14352
2017-06-18,12776
2017-06-19,1907
2017-06-20,39709
2017-06-21,24861
2017-06-22,14578
2017-06-23,16640
2017-06-24,99132
2017-06-25,8887
2017-06-26,10930
2017-06-27,7862
2017-06-28,9276
2017-06-29,769
2017-06-30,5680
2017-07-01,7915
2017-07-02,655
2017-07-03,4023
2017-07-04,3603
2017-07-05,4538
2017-07-06,1131
2017-07-07,1255
2017-07-08,4904
2017-07-09,1872
2017-07-10,2174
2017-07-11,9108
2017-07-12,15835
2017-07-13,1966
2017-07-14,5093
2017-07-15,4199
2017-07-16,4291
2017-07-17,8056
2017-07-18,7188
2017-07-19,4695
2017-07-20,10799
2017-07-21,10609
2017-07-22,4762
2017-07-23,2652
2017-07-24,16673
2017-07-25,8891
2017-07-26,627
2017-07-27,5219
2017-07-28,7738
2017-07-29,6776
2017-07-30,39662
2017-07-31,5592
2017-08-01,2909
2017-08-02,1241
2017-08-03,6455
2017-08-04,12052
2017-08-05,15765
2017-08-06,7177
2017-08-07,3115
2017-08-08,10590
2017-08-09,11935
2017-08-10,14920
2017-08-11,13634
2017-08-12,16770
2017-08-13,12903
2017-08-14,15158
2017-08-15,28173
2017-08-16,19704
2017-08-17,36774
2017-08-18,18493
2017-08-19,18284
2017-08-20,19522
2017-08-21,48222
2017-08-22,36517
2017-08-23,18148
2017-08-24,15894
2017-08-25,9240
2017-08-26,4124
2017-08-27,7961
2017-08-28,28226
2017-08-29,14573
2017-08-30,45485
2017-08-31,20011
2017-09-01,30667
2017-09-02,27394
2017-09-03,12719
2017-09-04,17647
2017-09-05,12213
2017-09-06,8362
2017-09-07,6648
2017-09-08,7379
2017-09-09,3878
2017-09-10,18969
2017-09-11,7080
2017-09-12,6080
2017-09-13,10292
2017-09-14,5117
2017-09-15,11718
2017-09-16,18104
2017-09-17,7453
2017-09-18,17979
2017-09-19,15997
2017-09-20,3781
2017-09-21,7768
2017-09-22,7262
2017-09-23,5382
2017-09-24,11384
2017-09-25,20262
2017-09-26,38908
2017-09-27,42855
2017-09-28,14575
2017-09-29,22823
2017-09-30,16675
2017-10-01,13236
2017-10-02,16578
2017-10-03,5522
2017-10-04,9483
2017-10-05,2332
2017-10-06,18899
2017-10-07,21876
2017-10-08,5931
2017-10-09,5559
2017-10-10,9865
2017-10-11,21579
2017-10-12,16301
2017-10-13,13315
2017-10-14,9530
2017-10-15,18064
2017-10-16,10427
2017-10-17,9005
2017-10-18,20288
2017-10-19,4772
2017-10-20,8811
2017-10-21,23136
2017-10-22,18593
2017-10-23,10728
2017-10-24,4679
2017-10-25,15814
2017-10-26,8766
2017-10-27,15100
2017-10-28,201
2017-10-29,12434
2017-10-30,10683
2017-10-31,36724
2017-11-01,15265
2017-11-02,47024
2017-11-03,11317
2017-11-04,10699
2017-11-05,7416
2017-11-06,23942
2017-11-07,17401
2017-11-08,21289
2017-11-09,4887
2017-11-10,18273
2017-11-11,2864
2017-11-12,10384
2017-11-13,8671
2017-11-14,9249
2017-11-15,27607
2017-11-16,17320
2017-11-17,5262
2017-11-18,6524
2017-11-19,19996
2017-11-20,16926
2017-11-21,11690
2017-11-22,21288
2017-11-23,13565
2017-11-24,16258
2017-11-25,21537
2017-11-26,36018
2017-11-27,34540
2017-11-28,18629
2017-11-29,36252
2017-11-30,22748
2017-12-01,22437
2017-12-02,27683
2017-12-03,31170
2017-12-04,25329
2017-12-05,42828
2017-12-06,77550
2017-12-07,165699
2017-12-08,49710
2017-12-09,46793
2017-12-10,37466
2017-12-11,18514
2017-12-12,40917
2017-12-13,245879
2017-12-14,328959
2017-12-15,92421
2017-12-16,529558
2017-12-17,564016
2017-12-18,340005
2017-12-19,45368
2017-12-20,58161
2017-12-21,46509
2017-12-22,115201
2017-12-23,19586
2017-12-24,7182
2017-12-25,7795
2017-12-26,20355
2017-12-27,43364
2017-12-28,29673
2017-12-29,27174
2017-12-30,11753
2017-12-31,11501
2018-01-01,19520
2018-01-02,26345
2018-01-03,64884
2018-01-04,50413
2018-01-05,63294
2018-01-06,39648
2018-01-07,97599
2018-01-08,74533
2018-01-09,65964
2018-01-10,59664
2018-01-11,51751
2018-01-12,38460
2018-01-13,41745
2018-01-14,31796
2018-01-15,66631
2018-01-16,36738
2018-01-17,50753
2018-01-18,44617
2018-01-19,22285
2018-01-20,22653
2018-01-21,73558
2018-01-22,27904
2018-01-23,36499
2018-01-24,24866
2018-01-25,14508
2018-01-26,26365
2018-01-27,30659
2018-01-28,11812
2018-01-29,17742
2018-01-30,33735
2018-01-31,17582
2018-02-01,24363
2018-02-02,44362
2018-02-03,23521
2018-02-04,24615
2018-02-05,67027
2018-02-06,46218
2018-02-07,27576
2018-02-08,11018
2018-02-09,22651
2018-02-10,22084
2018-02-11,13383
2018-02-12,17265
2018-02-13,8332
2018-02-14,11138
2018-02-15,11163
2018-02-16,29291
2018-02-17,13684
2018-02-18,7952
2018-02-19,21427
2018-02-20,14969
2018-02-21,12909
2018-02-22,35478
2018-02-23,20643
2018-02-24,19956
2018-02-25,15272
2018-02-26,11061
2018-02-27,33381
2018-02-28,24115
2018-03-04,71240
2018-03-09,25074
2018-03-10,10489
2018-03-11,14070
2018-03-12,13334
2018-03-13,14716
2018-03-14,13180
2018-03-15,23300
2018-03-16,15639
2018-03-17,36391
2018-03-18,42480
2018-03-19,13564
2018-03-20,12095
2018-03-21,30140
2018-03-22,19105
2018-03-23,5487
2018-03-24,8104
2018-03-25,22790
2018-03-26,16123
2018-03-27,38227
2018-03-28,7018
2018-03-29,15649
2018-03-30,38135
2018-03-31,18159
2018-04-01,27299
2018-04-02,16903
2018-04-03,8695
2018-04-04,20223
2018-04-05,20344
2018-04-06,45876
2018-04-07,16649
2018-04-08,4286
2018-04-09,28365
2018-04-10,5907
2018-04-11,4767
2018-04-12,11191
2018-04-13,9106
2018-04-14,4492
2018-04-15,7988
2018-04-16,12366
2018-04-17,12093
2018-04-18,9752
2018-04-19,13749
2018-04-20,20004
2018-04-21,26578
2018-04-22,20485
2018-04-23,18709
2018-04-24,33538
2018-04-25,29613
2018-04-26,12699
2018-04-27,13993
2018-04-28,16588
2018-04-29,41312
2018-04-30,23413
2018-05-01,13290
2018-05-02,24680
2018-05-03,22782
2018-05-04,34130
2018-05-05,23779
2018-05-06,13956
2018-05-08,16501
2018-05-09,30570
2018-05-10,35763
2018-05-11,27271
2018-05-12,12953
2018-05-13,8273
2018-05-14,13003
2018-05-15,18938
2018-05-16,8541
2018-05-17,11952
2018-05-18,19503
2018-05-19,10019
2018-05-20,9495
2018-05-21,19791
2018-05-22,29679
2018-05-23,23836
2018-05-24,38410
2018-05-25,10328
2018-05-26,10506
2018-05-27,10958
2018-05-28,15475
2018-05-29,7364
2018-05-30,18717
2018-05-31,19913
2018-06-01,13995
2018-06-02,16846
2018-06-03,12586
2018-06-04,37790
2018-06-05,41239
2018-06-06,24773
2018-06-07,14730
2018-06-08,19019
2018-06-09,11956
2018-06-10,21392
2018-06-11,25505
2018-06-12,12175
2018-06-13,27161
2018-06-14,20018
2018-06-15,14626
2018-06-16,7704
2018-06-17,13097
2018-06-18,21016
2018-06-19,26151
2018-06-20,20300
2018-06-21,28975
2018-06-22,50945
2018-06-23,24003
2018-06-24,33257
2018-06-25,33483
2018-06-26,13661
2018-06-27,36319
2018-06-28,23108
2018-06-29,12004
2018-06-30,14434
2018-07-01,11249
2018-07-02,13353
2018-07-03,18945
2018-07-04,7594
2018-07-05,11539
2018-07-06,14876
2018-07-07,10136
2018-07-08,7697
2018-07-09,12002
2018-07-10,17723
2018-07-11,12258
2018-07-12,13170
2018-07-13,7214
2018-07-14,5319
2018-07-15,3805
2018-07-16,6104
2018-07-17,13762
2018-07-18,13108
2018-07-19,18154
2018-07-20,13453
2018-07-21,26100
2018-07-22,11559
2018-07-23,19287
2018-07-24,29914
2018-07-25,9570
2018-07-26,12149
2018-07-27,28624
2018-07-28,21565
2018-07-29,18507
2018-07-30,79304
2018-07-31,14469
2018-08-01,30610
2018-08-02,96849
2018-08-03,81713
2018-08-04,106736
2018-08-05,97106
2018-08-06,202923
2018-08-07,183142
2018-08-08,244469
2018-08-09,110727
2018-08-10,81073
2018-08-11,128222
2018-08-12,112880
2018-08-13,142383
2018-08-14,148293
2018-08-15,73140
2018-08-16,10513
2018-08-17,4685
2018-08-18,12955
2018-08-19,4442
2018-08-20,13280
2018-08-21,14336
2018-08-22,18565
2018-08-23,94531
2018-08-24,90884
2018-08-25,47465
2018-08-26,69460
2018-08-27,34623
2018-08-28,28192
2018-08-29,94076
2018-08-30,9478
2018-08-31,16430
2018-09-01,14180
2018-09-02,23804
2018-09-03,15752
2018-09-04,8319
2018-09-05,13389
2018-09-06,22277
2018-09-07,7754
2018-09-08,12298
2018-09-09,25193
2018-09-10,216072
2018-09-11,327589
2018-09-12,128662
2018-09-13,17072
2018-09-14,12813
2018-09-15,19390
2018-09-16,20450
2018-09-17,18777
2018-09-18,12240
2018-09-19,23197
2018-09-20,335792
2018-09-21,163678
2018-09-22,8797
2018-09-23,16534
2018-09-24,29731
2018-09-25,14760
2018-09-26,23320
2018-09-27,50396
2018-09-28,164371
2018-09-29,169600
2018-09-30,185559
2018-10-01,229124
2018-10-02,193651
2018-10-03,175800
2018-10-04,177846
2018-10-05,172050
2018-10-06,206161
2018-10-07,90942
2018-10-08,64579
2018-10-09,41580
2018-10-10,60672
2018-10-11,44985
2018-10-12,4530
2018-10-13,3879
2018-10-14,180811
2018-10-15,345590
2018-10-16,246407
2018-10-17,271652
2018-10-18,225471
2018-10-19,162421
2018-10-20,122707
2018-10-21,419498
2018-10-22,489114
2018-10-23,235281
2018-10-24,54313
2018-10-25,339876
2018-10-26,237834
2018-10-27,443830
2018-10-28,716208
2018-10-29,625358
2018-10-30,433087
2018-10-31,197084
2018-11-01,52589
2018-11-02,119752
2018-11-03,102502
2018-11-04,58335
2018-11-05,40609
2018-11-06,60708
2018-11-07,48914
2018-11-08,101833
2018-11-09,52908
2018-11-10,147651
2018-11-11,246900
2018-11-12,95440
2018-11-13,167127
2018-11-14,456423
2018-11-15,573369
2018-11-16,246899
2018-11-17,306890
2018-11-18,151827
2018-11-19,551600
2018-11-20,274187
2018-11-21,459622
2018-11-22,186257
2018-11-23,278451
2018-11-24,103145
2018-11-25,732862
2018-11-26,493233
2018-11-27,327202
2018-11-28,84816
2018-11-29,168570
2018-11-30,209144
2018-12-01,378845
2018-12-02,310544
2018-12-03,181547
2018-12-04,117342
2018-12-05,211328
2018-12-06,404165
2018-12-07,310871
2018-12-08,125548
2018-12-09,186755
2018-12-10,400216
2018-12-11,301345
2018-12-12,75837
2018-12-13,40736
2018-12-14,163445
2018-12-15,136584
2018-12-16,152840
2018-12-17,162086
2018-12-18,273582
2018-12-19,279169
2018-12-20,170715
2018-12-21,122327
2018-12-22,116530
2018-12-23,53950
2018-12-24,301243
2018-12-25,251879
2018-12-26,311771
2018-12-27,377730
2018-12-28,144168
2018-12-29,160512
2018-12-30,160231
2018-12-31,202218
2019-01-01,214977
2019-01-02,219983
2019-01-03,190282
2019-01-04,98453
2019-01-05,171291
2019-01-06,89859
2019-01-07,107019
2019-01-08,50193
2019-01-09,107456
2019-01-10,261428
2019-01-11,114702
2019-01-12,303696
2019-01-13,331556
2019-01-14,121432
2019-01-15,103208
2019-01-16,100200
2019-01-17,96425
2019-01-18,213102
2019-01-19,120225
2019-01-20,174455
2019-01-21,229577
2019-01-22,127325
2019-01-23,73048
2019-01-24,118191
2019-01-25,62834
2019-01-26,107820
2019-01-27,94253
2019-01-28,108880
2019-01-29,77613
2019-01-30,73208
2019-01-31,145711
2019-02-01,101007
2019-02-02,93016
2019-02-03,102412
2019-02-04,134271
2019-02-05,124067
2019-02-06,204079
2019-02-07,156712
2019-02-08,348230
2019-02-09,244796
2019-02-10,219790
2019-02-11,413487
2019-02-12,686110
2019-02-13,696589
2019-02-14,646999
2019-02-15,779828
2019-02-16,366775
2019-02-17,532807
2019-02-18,530215
2019-02-19,907325
2019-02-20,610006
2019-02-21,526633
2019-02-22,776092
2019-02-23,1131898
2019-02-24,1713475
2019-02-25,874085
2019-02-26,683056
2019-02-27,1247016
2019-02-28,447499
2019-03-01,786801
2019-03-02,587070
2019-03-03,504856
2019-03-04,1215781
2019-03-05,856238
2019-03-06,597052
2019-03-07,629459
2019-03-08,594072
2019-03-09,1087647
2019-03-10,264337
2019-03-11,456944
2019-03-12,454232
2019-03-13,418243
2019-03-14,374835
2019-03-15,388935
2019-03-16,823756
2019-03-17,490219
2019-03-18,520841
2019-03-19,360322
2019-03-20,509150
2019-03-21,756827
2019-03-22,488648
2019-03-23,393429
2019-03-24,484837
2019-03-25,625317
2019-03-26,870387
2019-03-27,498667
2019-03-28,866427
2019-03-29,572791
2019-03-30,461699
2019-03-31,425778
2019-04-01,501783
2019-04-02,1280097
2019-04-03,2450287
2019-04-04,972364
2019-04-05,575242
2019-04-06,675453
2019-04-07,660155
2019-04-08,2533942
2019-04-09,2433781
2019-04-10,1862712
2019-04-11,1694082
2019-04-12,1247549
2019-04-13,621080
2019-04-14,1259402
2019-04-15,1684554
2019-04-16,1643941
2019-04-17,1703310
2019-04-18,1546014
2019-04-19,1157938
2019-04-20,629285
2019-04-21,1235994
2019-04-22,1063482
2019-04-23,1606073
2019-04-24,1983924
2019-04-25,3300219
2019-04-26,2625291
2019-04-27,996599
2019-04-28,663319
2019-04-29,870518
2019-04-30,1107652
2019-05-01,577042
2019-05-02,481815
2019-05-03,911935
2019-05-04,512532
2019-05-05,662408
2019-05-06,1222498
2019-05-07,1423873
2019-05-08,1325716
2019-05-09,980536
2019-05-10,1107860
2019-05-11,2733453
2019-05-12,2067458
2019-05-13,1900074
2019-05-14,2608506
2019-05-15,5265210
2019-05-16,6311258
2019-05-17,2314153
2019-05-18,997551
2019-05-19,1586918
2019-05-20,1474192
2019-05-21,1430106
2019-05-22,1826995
2019-05-23,1819508
2019-05-24,2075834
2019-05-25,1415155
2019-05-26,1415788
2019-05-27,1260154
2019-05-28,1173395
2019-05-29,1881017
2019-05-30,2608687
2019-05-31,1095489
2019-06-01,1361803
2019-06-02,1751368
2019-06-03,1633401
2019-06-04,3379527
2019-06-05,1564146
2019-06-06,1438478
2019-06-07,1574826
2019-06-08,505951
2019-06-09,675767
2019-06-10,1954949
2019-06-11,853661
2019-06-12,1310330
2019-06-13,1413070
2019-06-14,2358390
2019-06-15,1965452
2019-06-16,2977143
2019-06-17,1871478
2019-06-18,2450705
2019-06-19,1026579
2019-06-20,1076851
2019-06-21,3058388
2019-06-22,4380608
2019-06-23,2607516
2019-06-24,1786463
2019-06-25,3739846
2019-06-26,6204280
2019-06-27,6450636
2019-06-28,3538538
2019-06-29,3452564
2019-06-30,2354151
2019-07-01,2015093
2019-07-02,2357188
2019-07-03,3488311
2019-07-04,2066279
2019-07-05,1992423
2019-07-06,1663168
2019-07-07,898133
2019-07-08,1185004
2019-07-09,3676969
2019-07-10,3046860
2019-07-11,2166376
2019-07-12,1245670
2019-07-13,1434293
2019-07-14,3393238
2019-07-15,4428622
2019-07-16,3365392
2019-07-17,2418015
2019-07-18,1565544
2019-07-19,1625883
2019-07-20,1575786
2019-07-21,691246
2019-07-22,1579771
2019-07-23,1638746
2019-07-24,1192259
2019-07-25,1285728
2019-07-26,1995164
2019-07-27,1124084
2019-07-28,704245
2019-07-29,944986
2019-07-30,1292424
2019-07-31,2221226
2019-08-01,2124040
2019-08-02,2231321
2019-08-03,1110724
2019-08-04,1034530
2019-08-05,3028689
2019-08-06,2557535
2019-08-07,3075218
2019-08-08,899912
2019-08-09,2374218
2019-08-10,683302
2019-08-11,581604
2019-08-12,1731936
2019-08-13,845145
2019-08-14,2327592
2019-08-15,3130416
2019-08-16,1983234
2019-08-17,469682
2019-08-18,3338038
2019-08-19,1069683
2019-08-20,2101013
2019-08-21,1649542
2019-08-22,2213085
2019-08-23,2203922
2019-08-24,1409450
2019-08-25,2144326
2019-08-26,1317177
2019-08-27,1054547
2019-08-28,2117696
2019-08-29,1297153
2019-08-30,639932
2019-08-31,355871
2019-09-01,726083
2019-09-02,685888
2019-09-03,705857
2019-09-04,1271413
2019-09-05,3518053
2019-09-06,2037887
2019-09-07,1705882
2019-09-08,768034
2019-09-09,894011
2019-09-10,734387
2019-09-11,757326
2019-09-12,470681
2019-09-13,707277
2019-09-14,717859
2019-09-15,523640
2019-09-16,1374310
2019-09-17,1904032
2019-09-18,1717264
2019-09-19,1081930
2019-09-20,783079
2019-09-21,475314
2019-09-22,473920
2019-09-23,1441353
2019-09-24,4035301
2019-09-25,1499484
2019-09-26,1575803
2019-09-27,926050
2019-09-28,907816
2019-09-29,492568
2019-09-30,852053
2019-10-01,774662
2019-10-02,536493
2019-10-03,610103
2019-10-04,982479
2019-10-05,508359
2019-10-06,480818
2019-10-07,1021140
2019-10-08,613927
2019-10-09,1698745
2019-10-10,1257805
2019-10-11,943503
2019-10-12,637271
2019-10-13,593976
2019-10-14,1160122
2019-10-15,1118993
2019-10-16,1451076
2019-10-17,1283127
2019-10-18,1315863
2019-10-19,525626
2019-10-20,564439
2019-10-21,915997
2019-10-22,750288
2019-10-23,1708015
2019-10-24,698219
2019-10-25,1892501
2019-10-26,2687219
2019-10-27,1021460
2019-10-28,1312697
2019-10-29,955277
2019-10-30,720086
2019-10-31,1133583
2019-11-01,1158770
2019-11-02,443854
2019-11-03,551779
2019-11-04,650964
2019-11-05,751499
2019-11-06,1033281
2019-11-07,1689215
2019-11-08,1176546
2019-11-09,1191368
2019-11-10,1064710
2019-11-11,1537951
2019-11-12,999808
2019-11-13,1094673
2019-11-14,1353476
2019-11-15,1639975
2019-11-16,514429
2019-11-17,1003564
2019-11-18,1133269
2019-11-19,2652192
2019-11-20,2370006
2019-11-21,3627540
2019-11-22,8137945
2019-11-23,2196847
2019-11-24,3019173
2019-11-25,5660307
2019-11-26,1898337
2019-11-27,1932541
2019-11-28,1748686
2019-11-29,2666978
2019-11-30,2075279
2019-12-01,2283874
2019-12-02,3402881
2019-12-03,2997584
2019-12-04,3636134
2019-12-05,3686920
2019-12-06,1257789
2019-12-07,1282067
2019-12-08,1478565
2019-12-09,1188805
2019-12-10,1954335
2019-12-11,2008109
2019-12-12,1158391
2019-12-13,1041170
2019-12-14,1319662
2019-12-15,1280579
2019-12-16,2273945
2019-12-17,4552412
2019-12-18,2969979
2019-12-19,2481269
2019-12-20,1990631
2019-12-21,1286672
2019-12-22,1259049
2019-12-23,1913866
2019-12-24,3848562
2019-12-25,4810712
2019-12-26,1559556
2019-12-27,828768
2019-12-28,726538
2019-12-29,1056803
2019-12-30,1072865
2019-12-31,1090390
2020-01-01,1254757
2020-01-02,1572575
2020-01-03,1178609
2020-01-04,848360
2020-01-05,1075980
2020-01-06,3153980
2020-01-07,1934218
2020-01-08,2939025
2020-01-09,1902026
2020-01-10,1538672
2020-01-11,2288880
2020-01-12,2025252
2020-01-13,1656706
2020-01-14,3482018
2020-01-15,3580278
2020-01-16,2946489
2020-01-17,3405448
2020-01-18,2778191
2020-01-19,2362133
2020-01-20,2817262
2020-01-21,2237116
2020-01-22,2615550
2020-01-23,1797519
2020-01-24,1964428
2020-01-25,1157164
2020-01-26,976377
2020-01-27,1627161
2020-01-28,2469166
2020-01-29,2274474
2020-01-30,2199369
2020-01-31,1846938
2020-02-01,1744604
2020-02-02,2704236
2020-02-03,3810461
2020-02-04,2422559
2020-02-05,4949440
2020-02-06,4266975
2020-02-07,3818503
2020-02-08,3400177
2020-02-09,5052932
2020-02-10,4080216
2020-02-11,5022329
2020-02-12,8573666
2020-02-13,6266847
2020-02-14,8472489
2020-02-15,10258208
2020-02-16,6317276
2020-02-17,5619355
2020-02-18,6869494
2020-02-19,9069916
2020-02-20,4787212
2020-02-21,4237471
2020-02-22,3912502
2020-02-23,3000159
2020-02-24,4351311
2020-02-25,5121813
2020-02-26,6886425
2020-02-27,6743241
2020-02-28,5265161
2020-02-29,3164324
2020-03-01,5002446
2020-03-02,3841185
2020-03-03,4144772
2020-03-04,3750566
2020-03-05,3714285
2020-03-06,3419149
2020-03-07,4295654
2020-03-08,7275172
2020-03-09,9968286
2020-03-10,6505288
2020-03-11,6149727
2020-03-12,32991588
2020-03-13,39750110
2020-03-14,8259516
2020-03-15,11348113
2020-03-16,17051304
2020-03-17,6983771
2020-03-18,3918769
2020-03-19,6685980
2020-03-20,7742189
2020-03-21,3060816
2020-03-22,3432003
2020-03-23,3751168
2020-03-24,3647704
2020-03-25,3131821
2020-03-26,2532102
2020-03-27,2861673
2020-03-28,2847677
2020-03-29,1489237
2020-03-30,1990208
2020-03-31,1745622
2020-04-01,1687876
2020-04-02,2502668
2020-04-03,2172568
2020-04-04,1621886
2020-04-05,1321282
2020-04-06,4832491
2020-04-07,5310537
2020-04-08,2958175
2020-04-09,2242272
2020-04-10,3471701
2020-04-11,1609694
2020-04-12,1981505
2020-04-13,2834329
2020-04-14,2816949
2020-04-15,2565361
2020-04-16,7223149
2020-04-17,2828952
2020-04-18,18676017
2020-04-19,5334839
2020-04-20,6692290
2020-04-21,6712727
2020-04-22,12387879
2020-04-23,8394273
2020-04-24,7102101
2020-04-25,7149857
2020-04-26,8648814
2020-04-27,7822417
2020-04-28,6196330
2020-04-29,13161295
2020-04-30,14115704
2020-05-01,7597484
2020-05-02,8671401
2020-05-03,8072806
2020-05-04,13391642
2020-05-05,8945336
2020-05-06,8536939
2020-05-07,7735269
2020-05-08,10701427
2020-05-09,12448717
2020-05-10,16642384
2020-05-11,11927693
2020-05-12,8188738
2020-05-13,9250658
2020-05-14,7878558
2020-05-15,7590959
2020-05-16,7416890
2020-05-17,13914771
2020-05-18,11629430
2020-05-19,13218716
2020-05-20,11229733
2020-05-21,7521473
2020-05-22,6657878
2020-05-23,5240014
2020-05-24,8345833
2020-05-25,3688346
2020-05-26,8313501
2020-05-27,6063067
2020-05-28,5264022
2020-05-29,12453335
2020-05-30,6869522
2020-05-31,6019119
2020-06-01,7191987
2020-06-02,10831231
2020-06-03,6601908
2020-06-04,6137124
2020-06-05,7082732
2020-06-06,7591582
2020-06-07,8010679
2020-06-08,8110214
2020-06-09,14898422
2020-06-10,11366142
2020-06-11,16042216
2020-06-12,8160949
2020-06-13,7358711
2020-06-14,6575981
2020-06-15,14786376
2020-06-16,9356047
2020-06-17,103470603
2020-06-18,59313486
2020-06-19,62665919
2020-06-20,14732945
2020-06-21,21808055
2020-06-22,27736097
2020-06-23,22823647
2020-06-24,26748735
2020-06-25,24571065
2020-06-26,21654574
2020-06-27,22138232
2020-06-28,15384473
2020-06-29,16875573
2020-06-30,16050841
2020-07-01,22241613
2020-07-02,24837092
2020-07-03,22778075
2020-07-04,16903514
2020-07-05,15483276
2020-07-06,19235357
2020-07-07,17416758
2020-07-08,22244721
2020-07-09,23757838
2020-07-10,21131109
2020-07-11,21669147
2020-07-12,30518925
2020-07-13,49069350
2020-07-14,29265417
2020-07-15,31097140
2020-07-16,29604748
2020-07-17,44544271
2020-07-18,46941843
2020-07-19,51945506
2020-07-20,58979106
2020-07-21,58519807
2020-07-22,69976080
2020-07-23,76389569
2020-07-24,79673041
2020-07-25,106736600
2020-07-26,110070187
2020-07-27,143853698
2020-07-28,96877574
2020-07-29,111169460
2020-07-30,131035647
2020-07-31,128858248
2020-08-01,109630651
2020-08-02,96384054
2020-08-03,93367247
2020-08-04,92130615
2020-08-05,85807248
2020-08-06,89162197
2020-08-07,136270026
2020-08-08,136575305
2020-08-09,157961583
2020-08-10,246450295
2020-08-11,185110774
2020-08-12,297472015
2020-08-13,286635297
2020-08-14,222242929
2020-08-15,176972565
2020-08-16,184560529
2020-08-17,194691611
2020-08-18,246995592
2020-08-19,230189242
2020-08-20,248795459
2020-08-21,277455115
2020-08-22,185316465
2020-08-23,177185377
2020-08-24,212871660
2020-08-25,204123175
2020-08-26,219128611
2020-08-27,181249282
2020-08-28,249983341
2020-08-29,345413193
2020-08-30,555654974
2020-08-31,636945941
2020-09-01,1022514363
2020-09-02,1065173044
2020-09-03,1043791398
2020-09-04,997061987
2020-09-05,1131111392
2020-09-06,869969607
2020-09-07,611211905
2020-09-08,514047136
2020-09-09,584972489
2020-09-10,800514760
2020-09-11,614103272
2020-09-12,614633518
2020-09-13,672755606
2020-09-14,714185150
2020-09-15,675156280
2020-09-16,601198920
2020-09-17,802516256
2020-09-18,775016341
2020-09-19,643109434
2020-09-20,519570290
2020-09-21,628781449
2020-09-22,475186178
2020-09-23,489403641
2020-09-24,406187589
2020-09-25,357664661
2020-09-26,333426714
2020-09-27,424472757
2020-09-28,404660959
2020-09-29,532491813
2020-09-30,400207546
2020-10-01,499116355
2020-10-02,574986657
2020-10-03,371082265
2020-10-04,437875591
2020-10-05,365671788
2020-10-06,534423875
2020-10-07,457254699
2020-10-08,452966755
2020-10-09,386911154
2020-10-10,335748975
2020-10-11,293739050
2020-10-12,375012623
2020-10-13,306046757
2020-10-14,308338802
2020-10-15,301288021
2020-10-16,276125199
2020-10-17,206563201
2020-10-18,220069600
2020-10-19,245209575
2020-10-20,282862283
2020-10-21,383737737
2020-10-22,325787165
2020-10-23,290865329
2020-10-24,190639812
2020-10-25,212785493
2020-10-26,2286474466
2020-10-27,293569223
2020-10-28,484576820
2020-10-29,421976509
2020-10-30,441868682
2020-10-31,287069796
2020-11-01,233099788
2020-11-02,286423848
2020-11-03,299702209
2020-11-04,297874040
2020-11-05,382457166
2020-11-06,464334736
2020-11-07,550253784
2020-11-08,272361954
2020-11-09,316242936
2020-11-10,314211489
2020-11-11,310731639
2020-11-12,292201093
2020-11-13,331045817
2020-11-14,475000700
2020-11-15,331472122
2020-11-16,386288399
2020-11-17,525285876
2020-11-18,464352434
2020-11-19,407157960
2020-11-20,468379084
2020-11-21,582980759
2020-11-22,682696695
2020-11-23,542853979
2020-11-24,616123253
2020-11-25,493764259
2020-11-26,1052563252
2020-11-27,380082983
2020-11-28,272515301
2020-11-29,286053340
2020-11-30,461693295
2020-12-01,554177955
2020-12-02,436015941
2020-12-03,430000018
2020-12-04,455280501
2020-12-05,399495535
2020-12-06,493216849
2020-12-07,416558405
2020-12-08,550177728
2020-12-09,496067511
2020-12-10,431134384
2020-12-11,424179792
2020-12-12,326735343
2020-12-13,321957134
2020-12-14,350781773
2020-12-15,406906691
2020-12-16,467571862
2020-12-17,1157082330
2020-12-18,464637777
2020-12-19,482565186
2020-12-20,458740194
2020-12-21,601023143
2020-12-22,559238973
2020-12-23,701526221
2020-12-24,616081794
2020-12-25,508154659
2020-12-26,504331552
2020-12-27,762948349
2020-12-28,746998534
2020-12-29,795637748
2020-12-30,798644292
2020-12-31,758932705
2021-01-01,729286242
2021-01-02,852131737
2021-01-03,1384571334
2021-01-04,1760671993
2021-01-05,1461982394
2021-01-06,1413566366
2021-01-07,1434981885
2021-01-08,1638451089
2021-01-09,1330649256
2021-01-10,1392378452
2021-01-11,2394135397
2021-01-12,1271965831
2021-01-13,1036374027
2021-01-14,1107478085
2021-01-15,1411410420
2021-01-16,1270942988
2021-01-17,1162660881
2021-01-18,1147898538
2021-01-19,1766639071
2021-01-20,1354890404
2021-01-21,1655814123
2021-01-22,1522014325
2021-01-23,1207976067
2021-01-24,1373667778
2021-01-25,1767367543
2021-01-26,1559097805
2021-01-27,1557276114
2021-01-28,1347284599
2021-01-29,2081523972
2021-01-30,1501633845
2021-01-31,1533080403
2021-02-01,1715442398
2021-02-02,1878505524
2021-02-03,1695230132
2021-02-04,2479731339
2021-02-05,2168748408
2021-02-06,2122374530
2021-02-07,1860190854
2021-02-08,2231187471
2021-02-09,2288757205
2021-02-10,2662035028
2021-02-11,2027217490
2021-02-12,2164531307
2021-02-13,2053353217
2021-02-14,1978475218
2021-02-15,2620027861
2021-02-16,2164659443
2021-02-17,2702502870
2021-02-18,2844038379
2021-02-19,3951718731
2021-02-20,4066160809
2021-02-21,2811063505
2021-02-22,4151802330
2021-02-23,5372439705
2021-02-24,3287426902
2021-02-25,2603687680
2021-02-26,2939709695
2021-02-27,2082260758
2021-02-28,2750239944
2021-03-01,2500510037
2021-03-02,2435433867
2021-03-03,2132379288
2021-03-04,2544234196
2021-03-05,2408704845
2021-03-06,1917300798
2021-03-07,2437157227
2021-03-08,2400852174
2021-03-09,2766837674
2021-03-10,2528913521
2021-03-11,2523835667
2021-03-12,2516408356
2021-03-13,2439541845
2021-03-14,2187052350
2021-03-15,2514447207
2021-03-16,2388690284
2021-03-17,2466748546
2021-03-18,2139041070
2021-03-19,2165339886
2021-03-20,1997249446
2021-03-21,2220586666
2021-03-22,2928819005
2021-03-23,2598681922
2021-03-24,2964568963
2021-03-25,3090501984
2021-03-26,2420987467
2021-03-27,2372291168
2021-03-28,2928716406
2021-03-29,1921401718
2021-03-30,2009411300
2021-03-31,2222830548
2021-04-01,4284639209
2021-04-02,4600916650
2021-04-03,3006479495
2021-04-04,2635180241
2021-04-05,3386874133
2021-04-06,3982634053
2021-04-07,4461178741
2021-04-08,4016157342
2021-04-09,4222611167
2021-04-10,3294278274
2021-04-11,3003627055
2021-04-12,4540206107
2021-04-13,3949375549
2021-04-14,4091144491
2021-04-15,3721782981
2021-04-16,3897698965
2021-04-17,3492905975
2021-04-18,5732393188
2021-04-19,4457621135
2021-04-20,7022712278
2021-04-21,5034235718
2021-04-22,5438013430
2021-04-23,5486998296
2021-04-24,5190226821
2021-04-25,6518494105
2021-04-26,5205164418
2021-04-27,5549715648
2021-04-28,5105243550
2021-04-29,6030455110
2021-04-30,5388022226
2021-05-01,5263134543
2021-05-02,5291344078
2021-05-03,6658081837
2021-05-04,7330238525
2021-05-05,5508415371
2021-05-06,5889713235
2021-05-07,10511865346
2021-05-08,7905462630
2021-05-09,7445439716
2021-05-10,9646991311
2021-05-11,9240915243
2021-05-12,12015296698
2021-05-13,12349157411
2021-05-14,8450558270
2021-05-15,8361666115
2021-05-16,8538844796
2021-05-17,9829154069
2021-05-18,9487331945
2021-05-19,24623390446
2021-05-20,17303975718
2021-05-21,12973450643
2021-05-22,7470180414
2021-05-23,11641900113
2021-05-24,8812889630
2021-05-25,7514773929
2021-05-26,7277830671
2021-05-27,6384007488
2021-05-28,6474952100
2021-05-29,12441198506
2021-05-30,4381018477
2021-05-31,4426840905
2021-06-01,4541934633
2021-06-02,4274658521
2021-06-03,4486372137
2021-06-04,5669351495
2021-06-05,3970195430
2021-06-06,2547166643
2021-06-07,4131243789
2021-06-08,5461169434
2021-06-09,4727949536
2021-06-10,3819677467
2021-06-11,4103851843
2021-06-12,3733479430
2021-06-13,3463078314
2021-06-14,3810354093
2021-06-15,3679640905
2021-06-16,5597286303
2021-06-17,3883301909
2021-06-18,3603788479
2021-06-19,2584354125
2021-06-20,3030739360
2021-06-21,5782564566
2021-06-22,6278468248
2021-06-23,3638425696
2021-06-24,2918606046
2021-06-25,3378347751
2021-06-26,2760251993
2021-06-27,2493764573
2021-06-28,3870977116
2021-06-29,2988049220
2021-06-30,2973146195
2021-07-01,4107947589
2021-07-02,2573477727
2021-07-03,2176836293
2021-07-04,3042580338
2021-07-05,2869335786
2021-07-06,3754751440
2021-07-07,3009955592
2021-07-08,3078008991
2021-07-09,2959507622
2021-07-10,2285180173
2021-07-11,1787373966
2021-07-12,2514832160
2021-07-13,2623684370
2021-07-14,3216930470
2021-07-15,3410807511
2021-07-16,2969221217
2021-07-17,2161648996
2021-07-18,2381750134
2021-07-19,2505293453
2021-07-20,3276492623
2021-07-21,3346459833
2021-07-22,2842347496
2021-07-23,2758137355
2021-07-24,2938817831
2021-07-25,2550168464
2021-07-26,5840164564
2021-07-27,3882611474
2021-07-28,3904751321
2021-07-29,3078964149
2021-07-30,3551777321
2021-07-31,2903962026
2021-08-01,3740399236
2021-08-02,3398264765
2021-08-03,3607030664
2021-08-04,4018553958
2021-08-05,4306288368
2021-08-06,3694321594
2021-08-07,4447162080
2021-08-08,4384082500
2021-08-09,4882688767
2021-08-10,4096361797
2021-08-11,4669994543
2021-08-12,4372485358
2021-08-13,3594251725
2021-08-14,3088684827
2021-08-15,3429688139
2021-08-16,4553379200
2021-08-17,5592947809
2021-08-18,5055774951
2021-08-19,4938068695
2021-08-20,4591669571
2021-08-21,4228573321
2021-08-22,3879776487
2021-08-23,5088231918
2021-08-24,6228364160
2021-08-25,5884340970
2021-08-26,5705439543
2021-08-27,4898019479
2021-08-28,3457525651
2021-08-29,3952508251
2021-08-30,5367838535
2021-08-31,5420420518
2021-09-01,5639902999
2021-09-02,4880599205
2021-09-03,5295304461
2021-09-04,4457414363
2021-09-05,4014359370
2021-09-06,4834544219
2021-09-07,9966695135
2021-09-08,7146076401
2021-09-09,5317633756
2021-09-10,5630793269
2021-09-11,3865203920
2021-09-12,4000312175
2021-09-13,5242423249
2021-09-14,4052239628
2021-09-15,4586697156
2021-09-16,5218120488
2021-09-17,4456715463
2021-09-18,3657737843
2021-09-19,3542816891
2021-09-20,7483622228
2021-09-21,6940523042
2021-09-22,5209836512
2021-09-23,4222461959
2021-09-24,5740587824
2021-09-25,3861708512
2021-09-26,5133123885
2021-09-27,4242865619
2021-09-28,3993915573
2021-09-29,4042811055
2021-09-30,4044009283
2021-10-01,4542318362
2021-10-02,3947903892
2021-10-03,3585648679
2021-10-04,4758808999
2021-10-05,4849069825
2021-10-06,5953416618
2021-10-07,6524016299
2021-10-08,5275573743
2021-10-09,4411396003
2021-10-10,5423736819
2021-10-11,6388277608
2021-10-12,6759712785
2021-10-13,6573227047
2021-10-14,6443612899
2021-10-15,7834548609
2021-10-16,5193786284
2021-10-17,5287377634
2021-10-18,5733363276
2021-10-19,5812933285
2021-10-20,6468686241
2021-10-21,7773076321
2021-10-22,6513290701
2021-10-23,5012641811
2021-10-24,5468941061
2021-10-25,6051238029
2021-10-26,8203129020
2021-10-27,9973522914
2021-10-28,9776691015
2021-10-29,8957664600
2021-10-30,7923596174
2021-10-31,7542516995
2021-11-01,7820814157
2021-11-02,8503234573
2021-11-03,9172971767
2021-11-04,9260352309
2021-11-05,8190980957
2021-11-06,7901832711
2021-11-07,8066999768
2021-11-08,9288183739
2021-11-09,8444324258
2021-11-10,12192725084
2021-11-11,9398091616
2021-11-12,9594966646
2021-11-13,7581871882
2021-11-14,7977421291
2021-11-15,9468540351
2021-11-16,12243377276
2021-11-17,10273903938
2021-11-18,12435338429
2021-11-19,9480362759
2021-11-20,9389494678
2021-11-21,9314529989
2021-11-22,10475216008
2021-11-23,10506507934
2021-11-24,11217509386
2021-11-25,10964645691
2021-11-26,13880561721
2021-11-27,8241228443
2021-11-28,8985512674
2021-11-29,9851665099
2021-11-30,12184842592
2021-12-01,11337513374
2021-12-02,11125399678
2021-12-03,11638241523
2021-12-04,15837009375
2021-12-05,10177212253
2021-12-06,12590628391
2021-12-07,9244407031
2021-12-08,8703111626
2021-12-09,9837959973
2021-12-10,10250252850
2021-12-11,7074437172
2021-12-12,5698343946
2021-12-13,8344861515
2021-12-14,7709507672
2021-12-15,8774200665
2021-12-16,6939957655
2021-12-17,8691851635
2021-12-18,7072709584
2021-12-19,6012425589
2021-12-20,7438315354
2021-12-21,6469998519
2021-12-22,6378953992
2021-12-23,7503674898
2021-12-24,6434826065
2021-12-25,5211249751
2021-12-26,5205014629
2021-12-27,5758138415
2021-12-28,7637008737
2021-12-29,6236562260
2021-12-30,5948995429
2021-12-31,6375492513
2022-01-01,5154986385
2022-01-02,4877905296
2022-01-03,5942785705
2022-01-04,6594449439
2022-01-05,9379589342
2022-01-06,7752273045
2022-01-07,8681972533
2022-01-08,6975176998
2022-01-09,4878248391
2022-01-10,8068253274
2022-01-11,6279015310
2022-01-12,6607648959
2022-01-13,6855465248
2022-01-14,5729659794
2022-01-15,4842735983
2022-01-16,5447724485
2022-01-17,7244990448
2022-01-18,6743609527
2022-01-19,6295238159
2022-01-20,6897009489
2022-01-21,13194698174
2022-01-22,12063466868
2022-01-23,7060786439
2022-01-24,9827854796
2022-01-25,6532217947
2022-01-26,8417815199
2022-01-27,8479458786
2022-01-28,6609112691
2022-01-29,4752443974
2022-01-30,4389862339
2022-01-31,5118887189
2022-02-01,4890700821
2022-02-02,4847039318
2022-02-03,4611539770
2022-02-04,5523739425
2022-02-05,5096517031
2022-02-06,4223583014
2022-02-07,5913685584
2022-02-08,6379947194
2022-02-09,5290783374
2022-02-10,6839346720
2022-02-11,6936247973
2022-02-12,4939858742
2022-02-13,3756169015
2022-02-14,4373820072
2022-02-15,5367767577
2022-02-16,5204669645
2022-02-17,6096127812
2022-02-18,5233454790
2022-02-19,3936700872
2022-02-20,5027751564
2022-02-21,6328127511
2022-02-22,5764015876
2022-02-23,5709037786
2022-02-24,10387482012
2022-02-25,7256553506
2022-02-26,6132271887
2022-02-27,6669895791
2022-02-28,6932134958
2022-03-01,6910506844
2022-03-02,6572229036
2022-03-03,5812537813
2022-03-04,5905482593
2022-03-05,3990127095
2022-03-06,4690899399
2022-03-07,5485808786
2022-03-08,4719907210
2022-03-09,5218555385
2022-03-10,4619040011
2022-03-11,4614697894
2022-03-12,3378725599
2022-03-13,3678864952
2022-03-14,4108535234
2022-03-15,4314908294
2022-03-16,5230637829
2022-03-17,5055646689
2022-03-18,5203520456
2022-03-19,4305755498
2022-03-20,3980630963
2022-03-21,5742755772
2022-03-22,4786686082
2022-03-23,4379927875
2022-03-24,5291051640
2022-03-25,5614668050
2022-03-26,3353581554
2022-03-27,3789518707
2022-03-28,5682182467
2022-03-29,5748412783
2022-03-30,5495960348
2022-03-31,6048839218
2022-04-01,6896630731
2022-04-02,6724715948
2022-04-03,4894963346
2022-04-04,5348834141
2022-04-05,5094685355
2022-04-06,7216848674
2022-04-07,5704673460
2022-04-08,6569359960
2022-04-09,4347320930
2022-04-10,4179446160
2022-04-11,7219527658
2022-04-12,6702295033
2022-04-13,4843872080
2022-04-14,4696164765
2022-04-15,3674091346
2022-04-16,2981691615
2022-04-17,3555119760
2022-04-18,4663923507
2022-04-19,4462769263
2022-04-20,4912317628
2022-04-21,4976696177
2022-04-22,3986326187
2022-04-23,2777905783
2022-04-24,2993041421
2022-04-25,4921792790
2022-04-26,4612310418
2022-04-27,4099618536
2022-04-28,5262548107
2022-04-29,5210025029
2022-04-30,5340315164
2022-05-01,4720690561
2022-05-02,4289905360
2022-05-03,3731350226
2022-05-04,4609381461
2022-05-05,5349870446
2022-05-06,5188271127
2022-05-07,4122500974
2022-05-08,5631932650
2022-05-09,10562024033
2022-05-10,11077704387
2022-05-11,17122621593
2022-05-12,15533565655
2022-05-13,7440967862
2022-05-14,5036118608
2022-05-15,3856329828
2022-05-16,4804890478
2022-05-17,3479148186
2022-05-18,3784060526
2022-05-19,4063663145
2022-05-20,3809211864
2022-05-21,2356088706
2022-05-22,2601529447
2022-05-23,3872680010
2022-05-24,3411658842
2022-05-25,3248830851
2022-05-26,5078956249
2022-05-27,4399679841
2022-05-28,2748378255
2022-05-29,2041778907
2022-05-30,3646170839
2022-05-31,3108695657
2022-06-01,3425425865
2022-06-02,2803209622
2022-06-03,2322242524
2022-06-04,1812381573
2022-06-05,1891672322
2022-06-06,2606235585
2022-06-07,3617601120
2022-06-08,3074219747
2022-06-09,2285009041
2022-06-10,3167239975
2022-06-11,3292504277
2022-06-12,3787257427
2022-06-13,8366142203
2022-06-14,5978503885
2022-06-15,6296543755
2022-06-16,3764153262
2022-06-17,2817262834
2022-06-18,4026940575
2022-06-19,3434303458
2022-06-20,3222813261
2022-06-21,2910514861
2022-06-22,2511481130
2022-06-23,2529551112
2022-06-24,2753801708
2022-06-25,1835439793
2022-06-26,1861290383
2022-06-27,1861277329
2022-06-28,2241315677
2022-06-29,2490156475
2022-06-30,2758212004
2022-07-01,2694339669
2022-07-02,1666594399
2022-07-03,1526499644
2022-07-04,2079329679
2022-07-05,2412624879
2022-07-06,2347922179
2022-07-07,2071955132
2022-07-08,2455367243
2022-07-09,1359777805
2022-07-10,1645419618
2022-07-11,1810329473
2022-07-12,2028350733
2022-07-13,2427482831
2022-07-14,2370278717
2022-07-15,2553827410
2022-07-16,2441737292
2022-07-17,2229107774
2022-07-18,3545479438
2022-07-19,3958694110
2022-07-20,3435100161
2022-07-21,2781990123
2022-07-22,2512512978
2022-07-23,2097049069
2022-07-24,2168508651
2022-07-25,2754456771
2022-07-26,2687226602
2022-07-27,3154910283
2022-07-28,3687729737
2022-07-29,3339664864
2022-07-30,2437495014
2022-07-31,2186166955
2022-08-01,2620041199
2022-08-02,3058385983
2022-08-03,2311979409
2022-08-04,2930315472
2022-08-05,2789683459
2022-08-06,1701697116
2022-08-07,1618882260
2022-08-08,2699553466
2022-08-09,2764124858
2022-08-10,3334160661
2022-08-11,3174720446
2022-08-12,2278290587
2022-08-13,2552235806
2022-08-14,2307325479
2022-08-15,3381136933
2022-08-16,2742438135
2022-08-17,3303487899
2022-08-18,2329150049
2022-08-19,4504700170
2022-08-20,2976959525
2022-08-21,2633995066
2022-08-22,2868276596
2022-08-23,3124202094
2022-08-24,2475810028
2022-08-25,2299723431
2022-08-26,3479333782
2022-08-27,2389319446
2022-08-28,2180206272
2022-08-29,2835418488
2022-08-30,3464805033
2022-08-31,3220577479
2022-09-01,3138103055
2022-09-02,2656119018
2022-09-03,1680337532
2022-09-04,1880077289
2022-09-05,2101386682
2022-09-06,3494104447
2022-09-07,3038082659
2022-09-08,2585589422
2022-09-09,2815754359
2022-09-10,1988217419
2022-09-11,1829336501
2022-09-12,2686062851
2022-09-13,3869618928
2022-09-14,2983364569
2022-09-15,3401190767
2022-09-16,2289393791
2022-09-17,1413790896
2022-09-18,1920949063
2022-09-19,2787459083
2022-09-20,2308800432
2022-09-21,2689068937
2022-09-22,2057326981
2022-09-23,2200247343
2022-09-24,1512039463
2022-09-25,1222747234
2022-09-26,1849588024
2022-09-27,2319742450
2022-09-28,2358439001
2022-09-29,1979183943
2022-09-30,2318253817
2022-10-01,1608902412
2022-10-02,1278114633
2022-10-03,2135640985
2022-10-04,1809466903
2022-10-05,1828164787
2022-10-06,2028835624
2022-10-07,1605710426
2022-10-08,899457893
2022-10-09,900446671
2022-10-10,1430964591
2022-10-11,2755421575
2022-10-12,1078451881
2022-10-13,2361870489
2022-10-14,2026121325
2022-10-15,1094764305
2022-10-16,1138991545
2022-10-17,1865598218
2022-10-18,1816106162
2022-10-19,1509278038
2022-10-20,1548733177
2022-10-21,1914628483
2022-10-22,1049515442
2022-10-23,1393091675
2022-10-24,1959998214
2022-10-25,3176078370
2022-10-26,3123972259
2022-10-27,2875387953
2022-10-28,2674005180
2022-10-29,2772092907
2022-10-30,2137179782
2022-10-31,2884399336
2022-11-01,1973881064
2022-11-02,3388258214
2022-11-03,2341442488
2022-11-04,3731048556
2022-11-05,2065165662
2022-11-06,2344371759
2022-11-07,3194959358
2022-11-08,8920057624
2022-11-09,10991395072
2022-11-10,11684504412
2022-11-11,5285803844
2022-11-12,4000183861
2022-11-13,2910200038
2022-11-14,3702339212
2022-11-15,2798412608
2022-11-16,2588290370
2022-11-17,2232075592
2022-11-18,1663141329
2022-11-19,1639018926
2022-11-20,2475909649
2022-11-21,3482219374
2022-11-22,3152468287
2022-11-23,3052212925
2022-11-24,2530907510
2022-11-25,1885317149
2022-11-26,1800778522
2022-11-27,1466579275
2022-11-28,2045967529
2022-11-29,1836818566
2022-11-30,2663688417
2022-12-01,1909587050
2022-12-02,1938603320
2022-12-03,1218043201
2022-12-04,1251963863
2022-12-05,1631882688
2022-12-06,1635160803
2022-12-07,1499555093
2022-12-08,1427586380
2022-12-09,1397578024
2022-12-10,1739216701
2022-12-11,1002961366
2022-12-12,1584853198
2022-12-13,3127227324
2022-12-14,2257959874
2022-12-15,1575478404
2022-12-16,2447036832
2022-12-17,1486258685
2022-12-18,916469768
2022-12-19,1447214760
2022-12-20,1593925926
2022-12-21,1201435872
2022-12-22,1297608085
2022-12-23,1185936550
2022-12-24,668799733
2022-12-25,967965957
2022-12-26,943473206
2022-12-27,1177792940
2022-12-28,1511621441
2022-12-29,1321402925
2022-12-30,1064960313
2022-12-31,982139789
2023-01-01,725512689
2023-01-02,939147786
2023-01-03,1049658348
2023-01-04,1733504467
2023-01-05,1387483506
2023-01-06,1611248621
2023-01-07,919278326
2023-01-08,1254395804
2023-01-09,2372088369
2023-01-10,1642242740
2023-01-11,1915569526
2023-01-12,3104294900
2023-01-13,2768153585
2023-01-14,3758745430
2023-01-15,2357639248
2023-01-16,2547690580
2023-01-17,2354898034
2023-01-18,3630255419
2023-01-19,2056117205
2023-01-20,2282111782
2023-01-21,2849105752
2023-01-22,2265797087
2023-01-23,2515544088
2023-01-24,2725735641
2023-01-25,3227084490
2023-01-26,2461359821
2023-01-27,2797990913
2023-01-28,1881685564
2023-01-29,2184931566
2023-01-30,2772875034
2023-01-31,2260847018
2023-02-01,2962028793
2023-02-02,3739177123
2023-02-03,3104546126
2023-02-04,2218863262
2023-02-05,2527352305
2023-02-06,2671643581
2023-02-07,3503055213
2023-02-08,3192395531
2023-02-09,4248707565
2023-02-10,4034590225
2023-02-11,2774511966
2023-02-12,2068986364
2023-02-13,3496980009
2023-02-14,3448704627
2023-02-15,3401065854
2023-02-16,4603432449
2023-02-17,3707097260
2023-02-18,2179624169
2023-02-19,2697053228
2023-02-20,2830822383
2023-02-21,3416189574
2023-02-22,3295093975
2023-02-23,2856544365
2023-02-24,3056164636
2023-02-25,1857180044
2023-02-26,1737763435
2023-02-27,2453132624
2023-02-28,2435638695
2023-03-01,2801439142
2023-03-02,2757034932
2023-03-03,2972819618
2023-03-04,1505992687
2023-03-05,1783224988
2023-03-06,2111814588
2023-03-07,2874871120
2023-03-08,2526276163
2023-03-09,3022942655
2023-03-10,7259193891
2023-03-11,7078236605
2023-03-12,7955686752
2023-03-13,8695241221
2023-03-14,6191647586
2023-03-15,5017276906
2023-03-16,2876276624
2023-03-17,4436815151
2023-03-18,3689957278
2023-03-19,3037650091
2023-03-20,3818358659
2023-03-21,3283289150
2023-03-22,4642783922
2023-03-23,4042538562
2023-03-24,3952590645
2023-03-25,2197220512
2023-03-26,2168799942
2023-03-27,3017613054
2023-03-28,2625674270
2023-03-29,3303057696
2023-03-30,3241896991
2023-03-31,2709589122
2023-04-01,1834964296
2023-04-02,1950640833
2023-04-03,3053236045
2023-04-04,2609651061
2023-04-05,2669657562
2023-04-06,2168549713
2023-04-07,1535222222
2023-04-08,1426378248
2023-04-09,1553301875
2023-04-10,2017709113
2023-04-11,2355136264
2023-04-12,2812504021
2023-04-13,3088780556
2023-04-14,4100106452
2023-04-15,2284673535
2023-04-16,2412903440
2023-04-17,2769582365
2023-04-18,3323066003
2023-04-19,3973175662
2023-04-20,3315156423
2023-04-21,3491272069
2023-04-22,1723268053
2023-04-23,1715908752
2023-04-24,2348555584
2023-04-25,2458719238
2023-04-26,3727828345
2023-04-27,3544991638
2023-04-28,2091730926
2023-04-29,1482746778
2023-04-30,2067103703
2023-05-01,2650141104
2023-05-02,2344890900
2023-05-03,2816530924
2023-05-04,2176833152
2023-05-05,3735354067
2023-05-06,3551390344
2023-05-07,2316701148
2023-05-08,3771156448
2023-05-09,2428483940
2023-05-10,3432164958
2023-05-11,3228302437
2023-05-12,3434395664
2023-05-13,1691529914
2023-05-14,1501741654
2023-05-15,2048121504
2023-05-16,1943725922
2023-05-17,2373980397
2023-05-18,2187574047
2023-05-19,1818915993
2023-05-20,1372907205
2023-05-21,1217456260
2023-05-22,1551960355
2023-05-23,2688750707
2023-05-24,2262256407
2023-05-25,1919716857
2023-05-26,1607128294
2023-05-27,1134574940
2023-05-28,1988200991
2023-05-29,2496845154
2023-05-30,1958907547
2023-05-31,1917517982
2023-06-01,1731551787
2023-06-02,1860444801
2023-06-03,1311629967
2023-06-04,1235402889
2023-06-05,3133145589
2023-06-06,2808073374
2023-06-07,2620562886
2023-06-08,1846003186
2023-06-09,1821020389
2023-06-10,3971845525
2023-06-11,1402255020
2023-06-12,2294636397
2023-06-13,2188938712
2023-06-14,2503427463
2023-06-15,2662780044
2023-06-16,2109074574
2023-06-17,1546839903
2023-06-18,1223481423
2023-06-19,1817399467
2023-06-20,2576204415
2023-06-21,3959371682
2023-06-22,3001037826
2023-06-23,3041822521
2023-06-24,1604167560
2023-06-25,2055479522
2023-06-26,2602263822
2023-06-27,2533648425
2023-06-28,2206015124
2023-06-29,2014379972
2023-06-30,3904813865
2023-07-01,1661805751
2023-07-02,1796066199
2023-07-03,2361389184
2023-07-04,1989569729
2023-07-05,1924237144
2023-07-06,2540061848
2023-07-07,2196397746
2023-07-08,1426962923
2023-07-09,1322839528
2023-07-10,2518353150
2023-07-11,1728987193
2023-07-12,1922786508
2023-07-13,3423182571
2023-07-14,3338795951
2023-07-15,1588926516
2023-07-16,1486058624
2023-07-17,2642138060
2023-07-18,2037626880
2023-07-19,1882459507
2023-07-20,1994471528
2023-07-21,1450982404
2023-07-22,1481044641
2023-07-23,1133269466
2023-07-24,1906858845
2023-07-25,1366025295
2023-07-26,1786650356
2023-07-27,1500301407
2023-07-28,1303321410
2023-07-29,1050169270
2023-07-30,2274674995
2023-07-31,2560237229
2023-08-01,2779481220
2023-08-02,2109809734
2023-08-03,1667756031
2023-08-04,1738099747
2023-08-05,1783539233
2023-08-06,1175504116
2023-08-07,1944451500
2023-08-08,2128824625
2023-08-09,1762054333
2023-08-10,1577951335
2023-08-11,1313122649
2023-08-12,1035025980
2023-08-13,1713710946
2023-08-14,1615015044
2023-08-15,1786447539
2023-08-16,2008284024
2023-08-17,4328465173
2023-08-18,2881241407
2023-08-19,1577278927
2023-08-20,1326461738
2023-08-21,1748762831
2023-08-22,2584021138
2023-08-23,2156766503
2023-08-24,1625327136
2023-08-25,1757730095
2023-08-26,1000247018
2023-08-27,1001983250
2023-08-28,1590426904
2023-08-29,2714892635
2023-08-30,1545627010
2023-08-31,2092055504
2023-09-01,1961154710
2023-09-02,1071303295
2023-09-03,1071388821
2023-09-04,1298402670
2023-09-05,1430265467
2023-09-06,1829010174
2023-09-07,1518339321
2023-09-08,1425140228
2023-09-09,904680071
2023-09-10,1410174837
2023-09-11,2366711446
2023-09-12,2222233212
2023-09-13,1720852612
2023-09-14,1805129472
2023-09-15,1609625289
2023-09-16,1102524587
2023-09-17,966641417
2023-09-18,1835310737
2023-09-19,1609073724
2023-09-20,1562579192
2023-09-21,1583984281
2023-09-22,1232517451
2023-09-23,991513781
2023-09-24,959840696
2023-09-25,1544258719
2023-09-26,1361647788
2023-09-27,1809980885
2023-09-28,2191663943
2023-09-29,1915071654
2023-09-30,1497794246
2023-10-01,1970158646
2023-10-02,2826000784
2023-10-03,2008619080
2023-10-04,1831391018
2023-10-05,1769309679
2023-10-06,1651463494
2023-10-07,1083849978
2023-10-08,1363331683
2023-10-09,1762036051
2023-10-10,1502452261
2023-10-11,1964759230
2023-10-12,1691454024
2023-10-13,1506686052
2023-10-14,891196058
2023-10-15,1109666969
2023-10-16,2816122325
2023-10-17,1583577989
2023-10-18,1575478720
2023-10-19,1530171933
2023-10-20,2067172539
2023-10-21,1563694475
2023-10-22,1709815752
2023-10-23,3754107794
2023-10-24,4488586076
2023-10-25,2846174906
2023-10-26,3002522212
2023-10-27,2339060386
2023-10-28,1326865779
2023-10-29,1502342513
2023-10-30,2261335186
2023-10-31,2383318230
2023-11-01,3284279210
2023-11-02,3380380880
2023-11-03,2804980469
2023-11-04,1767540968
2023-11-05,2668492659
2023-11-06,2797500150
2023-11-07,3022572278
2023-11-08,2295490585
2023-11-09,5468238206
2023-11-10,4177079536
2023-11-11,3793204970
2023-11-12,3270583173
2023-11-13,4439708932
2023-11-14,4373344992
2023-11-15,4195746714
2023-11-16,4676568973
2023-11-17,3967453674
2023-11-18,2543424347
2023-11-19,2413895970
2023-11-20,3548233646
2023-11-21,4595142466
2023-11-22,4025572379
2023-11-23,2551724121
2023-11-24,2923187979
2023-11-25,1888904185
2023-11-26,2328630770
2023-11-27,2877314903
2023-11-28,2941641142
2023-11-29,2767938045
2023-11-30,2703637063
2023-12-01,2549038466
2023-12-02,2600798847
2023-12-03,2332050973
2023-12-04,4287438719
2023-12-05,4292067743
2023-12-06,4479587852
2023-12-07,4547205828
2023-12-08,4123325500
2023-12-09,4296585370
2023-12-10,3034524048
2023-12-11,6130441388
2023-12-12,4703721824
2023-12-13,4584382963
2023-12-14,4375245892
2023-12-15,4546028598
2023-12-16,3796754562
2023-12-17,3255106649
2023-12-18,4393685521
2023-12-19,4024236778
2023-12-20,4999468316
2023-12-21,5130379323
2023-12-22,6926093313
2023-12-23,4236475500
2023-12-24,4952344056
2023-12-25,4344711121
2023-12-26,5478567693
2023-12-27,5812612033
2023-12-28,6359440241
2023-12-29,5275486859
2023-12-30,3215767539
2023-12-31,3253505979
2024-01-01,2642624825
2024-01-02,4944887491
2024-01-03,7522469046
2024-01-04,5487840651
2024-01-05,5131460849
2024-01-06,3086409273
2024-01-07,3120462199
2024-01-08,5660624252
2024-01-09,6464436128
2024-01-10,7805664614
2024-01-11,6798473652
2024-01-12,6979543292
2024-01-13,3726696226
2024-01-14,3358302573
2024-01-15,3593947748
2024-01-16,3524683485
2024-01-17,3731797146
2024-01-18,4135165663
2024-01-19,4277862706
2024-01-20,2460592638
2024-01-21,2430428690
2024-01-22,4603477291
2024-01-23,5172664483
2024-01-24,3265756789
2024-01-25,3319287467
2024-01-26,3482213493
2024-01-27,2189041570
2024-01-28,2610699943
2024-01-29,3426256288
2024-01-30,3715617998
2024-01-31,4589102038
2024-02-01,3560532415
2024-02-02,3256029895
2024-02-03,2298678969
2024-02-04,2200845288
2024-02-05,2891291638
2024-02-06,2888957535
2024-02-07,3326295758
2024-02-08,3500474903
2024-02-09,4046928275
2024-02-10,2651627838
2024-02-11,3036066870
2024-02-12,3953093778
2024-02-13,3857568301
2024-02-14,3940572444
2024-02-15,4473684528
2024-02-16,3898678535
2024-02-17,2801906918
2024-02-18,3032167490
2024-02-19,4043349314
2024-02-20,5137181190
2024-02-21,4627797213
2024-02-22,4559270758
2024-02-23,4024186181
2024-02-24,3307120873
2024-02-25,3668275312
2024-02-26,5354623784
2024-02-27,6543644524
2024-02-28,9451793084
2024-02-29,8732066976
2024-03-01,6504597797
2024-03-02,5852292594
2024-03-03,6498378129
2024-03-04,8511118355
2024-03-05,13802602809
2024-03-06,12312512097
2024-03-07,10388935357
2024-03-08,8364295130
2024-03-09,5399731630
2024-03-10,7004116723
2024-03-11,8864203212
2024-03-12,8876422760
2024-03-13,8295163156
2024-03-14,10068904394
2024-03-15,13395310440
2024-03-16,10690930209
2024-03-17,9293360833
2024-03-18,9429752492
2024-03-19,12133793409
2024-03-20,8606050621
2024-03-21,6660159764
2024-03-22,7768464947
2024-03-23,4611345286
2024-03-24,5099230716
2024-03-25,7842653662
2024-03-26,7690764953
2024-03-27,7876957262
2024-03-28,6949081734
2024-03-29,6722674745
2024-03-30,5167770658
2024-03-31,4766241687
2024-04-01,6682727520
2024-04-02,9239898924
2024-04-03,7200736332
2024-04-04,6761718486
2024-04-05,6144775448
2024-04-06,4171552027
2024-04-07,4764390286
2024-04-08,7641652835
2024-04-09,6641557377
2024-04-10,6498224246
2024-04-11,6230709052
2024-04-12,8887595141
2024-04-13,9852788515
2024-04-14,8038330693
2024-04-15,6705120502
2024-04-16,6444295831
2024-04-17,6039777101
2024-04-18,5766909717
2024-04-19,6864012655
2024-04-20,4233094959
2024-04-21,4511402070
2024-04-22,5622585251
2024-04-23,5010446024
2024-04-24,6625184898
2024-04-25,5519195478
2024-04-26,4970852168
2024-04-27,4677019713
2024-04-28,4197773057
2024-04-29,5040213507
2024-04-30,6215156301
2024-05-01,6697378335
2024-05-02,5170216626
2024-05-03,5084372670
2024-05-04,3927251014
2024-05-05,3443317453
2024-05-06,4768973043
2024-05-07,4629718138
2024-05-08,5069039890
2024-05-09,4385325532
2024-05-10,4362944387
2024-05-11,2754635149
2024-05-12,2621254515
2024-05-13,4292695965
2024-05-14,4429138736
2024-05-15,5537616399
2024-05-16,4843485057
2024-05-17,5286839633
2024-05-18,3819630763
2024-05-19,3466861670
2024-05-20,7602210222
2024-05-21,8739904916
2024-05-22,7019558648
2024-05-23,10534216040
2024-05-24,6735990311
2024-05-25,3929203039
2024-05-26,4785438707
2024-05-27,5818128894
2024-05-28,5592218729
2024-05-29,16459488955
2024-05-30,8096035332
2024-05-31,5106123724
2024-06-01,15957098482
2024-06-02,31478009493
2024-06-03,26072015113
2024-06-04,22784572413
2024-06-05,19733262523
2024-06-06,21384255306
2024-06-07,7764371153
2024-06-08,5195251296
2024-06-09,3962776096
2024-06-10,5063777502
2024-06-11,7255932740
2024-06-12,7044118913
2024-06-13,6220144173
2024-06-14,5892426725
2024-06-15,3772251771
2024-06-16,3748033875
2024-06-17,6212301884
2024-06-18,7691589639
2024-06-19,5348780193
2024-06-20,5422462607
2024-06-21,5565818075
2024-06-22,3574381967
2024-06-23,3263154264
2024-06-24,7430367426
2024-06-25,5021951803
2024-06-26,4963175106
2024-06-27,5726860179
2024-06-28,5107075152
2024-06-29,2957711359
2024-06-30,3158675914
2024-07-01,4756640276
2024-07-02,4238155484
2024-07-03,5530612569
2024-07-04,7277947933
2024-07-05,9604593451
2024-07-06,5041699462
2024-07-07,4707124333
2024-07-08,7654299860
2024-07-09,5988055255
2024-07-10,6062321274
2024-07-11,6604638992
2024-07-12,6250103407
2024-07-13,4195715727
2024-07-14,5694467452
2024-07-15,6951446316
2024-07-16,7093923008
2024-07-17,6298768132
2024-07-18,6268456915
2024-07-19,7480141832
2024-07-20,4984511182
2024-07-21,6409982265
2024-07-22,5990890159
2024-07-23,7565231869
2024-07-24,4675391741
2024-07-25,7479536078
2024-07-26,5144234864
2024-07-27,5558599020
2024-07-28,4336420911
2024-07-29,5996729472
2024-07-30,5551562909
2024-07-31,5858225074
2024-08-01,6326649745
2024-08-02,6996679073
2024-08-03,6150966567
2024-08-04,7184192797
2024-08-05,18474860020
2024-08-06,7499299273
2024-08-07,6970260125
2024-08-08,6391252262
2024-08-09,5141571759
2024-08-10,3513636412
2024-08-11,4669159277
2024-08-12,6050198312
2024-08-13,5308844627
2024-08-14,4096304965
2024-08-15,5454472450
2024-08-16,4041572666
2024-08-17,2829017096
2024-08-18,2977049713
2024-08-19,4423463043
2024-08-20,4849669022
2024-08-21,4794723705
2024-08-22,4926783031
2024-08-23,4472962590
2024-08-24,4224189092
2024-08-25,4002429570
2024-08-26,4929700652
2024-08-27,5147548714
2024-08-28,5944387052
2024-08-29,4431471192
2024-08-30,4314872019
2024-08-31,2488524681
2024-09-01,3655968507
2024-09-02,3652079051
2024-09-03,4047226114
2024-09-04,5006381738
2024-09-05,4144771292
2024-09-06,5766786278
2024-09-07,3071597319
2024-09-08,3100714087
2024-09-09,4253752391
2024-09-10,3778134207
2024-09-11,4515644489
2024-09-12,3579874012
2024-09-13,3397894752
2024-09-14,2695554746
2024-09-15,2615315558
2024-09-16,3663627994
2024-09-17,4199522733
2024-09-18,4660244952
2024-09-19,5294920495
2024-09-20,4994770626
2024-09-21,3928458954
2024-09-22,3504069908
2024-09-23,5152112271
2024-09-24,5071076643
2024-09-25,5170024170
2024-09-26,6165979794
2024-09-27,5829429595
2024-09-28,4352862375
2024-09-29,4304358925
2024-09-30,6118382318
2024-10-01,8035827919
2024-10-02,6647505462
2024-10-03,6073467312
2024-10-04,4973662833
2024-10-05,3540521144
2024-10-06,4079592695
2024-10-07,5867137416
2024-10-08,5994792404
2024-10-09,5852107731
2024-10-10,5926743345
2024-10-11,5218127039
2024-10-12,4729717846
2024-10-13,5178134149
2024-10-14,7855396242
2024-10-15,8067472352
2024-10-16,6692182537
2024-10-17,6382868910
2024-10-18,6176315280
2024-10-19,4651736643
2024-10-20,6173446570
2024-10-21,7407354153
2024-10-22,7358460177
2024-10-23,8185896420
2024-10-24,7611998287
2024-10-25,7969758986
2024-10-26,6015836918
2024-10-27,5291418115
2024-10-28,7583707228
2024-10-29,7955580088
2024-10-30,7668196768
2024-10-31,7370725436
2024-11-01,7278809113
2024-11-02,4958383119
2024-11-03,6229078587
2024-11-04,6294374207
2024-11-05,7455419064
2024-11-06,12774456574
2024-11-07,11031131950
2024-11-08,9235898260
2024-11-09,8995551244
2024-11-10,13105918529
2024-11-11,16747027159
2024-11-12,19207138541
2024-11-13,19802597698
2024-11-14,15674715044
2024-11-15,13029089249
2024-11-16,12720673902
2024-11-17,13956037962
2024-11-18,17191797957
2024-11-19,16004552609
2024-11-20,16581049951
2024-11-21,17932592415
2024-11-22,15521408549
2024-11-23,14803557481
2024-11-24,14170456687
2024-11-25,17400488227
2024-11-26,17466314609
2024-11-27,14153880783
2024-11-28,12467467525
2024-11-29,11189596453
2024-11-30,10366247729
2024-12-01,12946129614
2024-12-02,17534241811
2024-12-03,15977943378
2024-12-04,17977305220
2024-12-05,19895261108
2024-12-06,15649444014
2024-12-07,9869383016
2024-12-08,11290487599
2024-12-09,18721897319
2024-12-10,17767288775
2024-12-11,13501752842
2024-12-12,14845356300
2024-12-13,12081344877
2024-12-14,10055630571
2024-12-15,10604205086
2024-12-16,16204944342
2024-12-17,14682427286
2024-12-18,17312885198
2024-12-19,19210297186
2024-12-20,17781165932
2024-12-21,11868058106
2024-12-22,10448134982
2024-12-23,12166911926
2024-12-24,11836743269
2024-12-25,8854204161
2024-12-26,9769512690
2024-12-27,10039390937
2024-12-28,7956397244
2024-12-29,8566440848
2024-12-30,12635573185
2024-12-31,11058715833
2025-01-01,10058444069
2025-01-02,12843433114
2025-01-03,11537978839
2025-01-04,9578864646
2025-01-05,9545145171
2025-01-06,12980150197
2025-01-07,14225277619
2025-01-08,14248290350
2025-01-09,14047412147
2025-01-10,12823661856
2025-01-11,7794414140
2025-01-12,8141185361
2025-01-13,14697763092
2025-01-14,11243916695
2025-01-15,12563558144
2025-01-16,13080275562
2025-01-17,26640575838
2025-01-18,48448410775
2025-01-19,44806581909
2025-01-20,43907927858
2025-01-21,26035853377
2025-01-22,22813071340
2025-01-23,25103917471
2025-01-24,19800578554
2025-01-25,15334586283
2025-01-26,16477406721
2025-01-27,20723520528
2025-01-28,14938301958
2025-01-29,15087425910
2025-01-30,13414746583
2025-01-31,13765388363
2025-02-01,13930667825
2025-02-02,21996113167
2025-02-03,28776270446
2025-02-04,17673825945
2025-02-05,13002618320
2025-02-06,13376388438
2025-02-07,12069743450
2025-02-08,10254497783
2025-02-09,12900363778
2025-02-10,12133269639
2025-02-11,11724950850
2025-02-12,13216690537
2025-02-13,14056712850
2025-02-14,11444651436
2025-02-15,8266920619
2025-02-16,7898953363
2025-02-17,11453337805
2025-02-18,12288877381
2025-02-19,10250151873
2025-02-20,9813588226
2025-02-21,13891414084
2025-02-22,7746075759
2025-02-23,8826647715
2025-02-24,15571054021
2025-02-25,18535054186
2025-02-26,12870955510
2025-02-27,10879472357
2025-02-28,13879500783
2025-03-01,9251654483
2025-03-02,15899069459
2025-03-03,14868394916
2025-03-04,13200647491
2025-03-05,10632441724
2025-03-06,10028224212
2025-03-07,11764262939
2025-03-08,6522094912
2025-03-09,7009293550
2025-03-10,12253912044
2025-03-11,11477238134
2025-03-12,9011619136
2025-03-13,7166436657
2025-03-14,6087859585
2025-03-15,4353159977
2025-03-16,4825727146
2025-03-17,6324409892
2025-03-18,6349289838
2025-03-19,7750932971
2025-03-20,6508082607
2025-03-21,5863668269
2025-03-22,4224939848
2025-03-23,4831063272
2025-03-24,6979703896
2025-03-25,6611334128
2025-03-26,7186054705
2025-03-27,7129882532
2025-03-28,7922795033
2025-03-29,7527981182
2025-03-30,5100103936
2025-03-31,6598965611
2025-04-01,6939079335
2025-04-02,9805048694
2025-04-03,8883194399
2025-04-04,9193047396
2025-04-05,4311824231
2025-04-06,8190268899
2025-04-07,13547525041
2025-04-08,8366981175
2025-04-09,11869593410
2025-04-10,8665511351
2025-04-11,8051656971
2025-04-12,7104723317
2025-04-13,7770555240
2025-04-14,8663640084
2025-04-15,8237847338
2025-04-16,9064508296
2025-04-17,7629865122
2025-04-18,5148916766
2025-04-19,5415397280
2025-04-20,4987043369
2025-04-21,8118878959
2025-04-22,10320243726
2025-04-23,12547193671
2025-04-24,9318606537
2025-04-25,9972079159
2025-04-26,7702674875
2025-04-27,7319492386
2025-04-28,9696747911
2025-04-29,8724941760
2025-04-30,9341916807
2025-05-01,9573668515
2025-05-02,7964790850
2025-05-03,6720896932
2025-05-04,7100202350
2025-05-05,9981615807
2025-05-06,8385183657
2025-05-07,9243959837
2025-05-08,13754282126
2025-05-09,16533645042
2025-05-10,13344851141
2025-05-11,15336467822
2025-05-12,20259174047
2025-05-13,15236636238
2025-05-14,14834474317
2025-05-15,14793345316
2025-05-16,12181157464
2025-05-17,10443681849
2025-05-18,12273086566
2025-05-19,15005467718
2025-05-20,15723883972
2025-05-21,18860955562
2025-05-22,16479720606
2025-05-23,17642274350
2025-05-24,9060713560
2025-05-25,10033393217
2025-05-26,11884991625
2025-05-27,12582969095
2025-05-28,11609714533
2025-05-29,13623740713
2025-05-30,14025013555
2025-05-31,9966456584
2025-06-01,8908087851
2025-06-02,10359928949
2025-06-03,11299562546
2025-06-04,10008565695
2025-06-05,13556302641
2025-06-06,10453995038
2025-06-07,6970170966
2025-06-08,7291397694
2025-06-09,11686898733
2025-06-10,15246309600
2025-06-11,13366291656
2025-06-12,12959421668
2025-06-13,15102658716
2025-06-14,7770076567
2025-06-15,8619251034
2025-06-16,14445575198
2025-06-17,13961191941
2025-06-18,11752806876
2025-06-19,9308823665
2025-06-20,11138174034
2025-06-21,9841456020
2025-06-22,13280934389
2025-06-23,13737572973
2025-06-24,11381234519
2025-06-25,10775003517
2025-06-26,11107874483
2025-06-27,9251135447
2025-06-28,6810527833
2025-06-29,8312413176
2025-06-30,14954317952
2025-07-01,9454840855
2025-07-02,12158993178
2025-07-03,11119130187
2025-07-04,8839195045
2025-07-05,6616343397
2025-07-06,7720578781
2025-07-07,10208686158
2025-07-08,10216427959
2025-07-09,12503098168
2025-07-10,13828802072
2025-07-11,16190680966
2025-07-12,11965248616
2025-07-13,11300638598
2025-07-14,15844217502
2025-07-15,17226414906
2025-07-16,15348959423
2025-07-17,17437254877
2025-07-18,19032780782
2025-07-19,10744251485
2025-07-20,13835321206
2025-07-21,16650197173
2025-07-22,19595260512
2025-07-23,16981958537
2025-07-24,16735187715
2025-07-25,16295809391
2025-07-26,10265629394
2025-07-27,12804779050
2025-07-28,15901230272
2025-07-29,15468711190
2025-07-30,15854766780
2025-07-31,14916992245
2025-08-01,17303679915
2025-08-02,11646713334
2025-08-03,10527829997
2025-08-04,12139788550
2025-08-05,12858759561
2025-08-06,12118740278
2025-08-07,13809596570
2025-08-08,14835335977
2025-08-09,15950939704
2025-08-10,13934404676
2025-08-11,17386206546
2025-08-12,20858743978
2025-08-13,20347024187
2025-08-14,24893344676
2025-08-15,17266728023
2025-08-16,10668688801
2025-08-17,11045252932
2025-08-18,16611517924
2025-08-19,15923523453
2025-08-20,15768006804
2025-08-21,15501296914
2025-08-22,22443057861
2025-08-23,16139631073
2025-08-24,20312681437
2025-08-25,21140394701
2025-08-26,17406145704
2025-08-27,17961007688
2025-08-28,15165421670
2025-08-29,19347116054
2025-08-30,9836893433
2025-08-31,10224679571
2025-09-01,15403789794
2025-09-02,14554155254
2025-09-03,13781034522
2025-09-04,14349013115
2025-09-05,16530723650
2025-09-06,9181256489
2025-09-07,8500407930
2025-09-08,13722330662
2025-09-09,15110855939
2025-09-10,15655528600
2025-09-11,15883628187
2025-09-12,17122748541
2025-09-13,14555751398
2025-09-14,15180097947
2025-09-15,19438566389
2025-09-16,16533651101
2025-09-17,19273046840
2025-09-18,17419438682
2025-09-19,16040575739
2025-09-20,14394930613
2025-09-21,15538135335
2025-09-22,22439109380
2025-09-23,20295794853
2025-09-24,19574224127
2025-09-25,29324413806
2025-09-26,20831977594
2025-09-27,13567680331
2025-09-28,12883411960
2025-09-29,16207114967
2025-09-30,16401588567
2025-10-01,16718727000
2025-10-02,18619193526
2025-10-03,19570075660
2025-10-04,12980604868
2025-10-05,16149321267
2025-10-06,19134860106
2025-10-07,23534596934
2025-10-08,21677367357
2025-10-09,21443355215
2025-10-10,33826475528
2025-10-11,25706872878
2025-10-12,22644121175
2025-10-13,22041420107
2025-10-14,24806417982
2025-10-15,20420418484
2025-10-16,20884826396
2025-10-17,20006175081
2025-10-18,12386787793
2025-10-19,13655842163
2025-10-20,14487004654
2025-10-21,17268474132
2025-10-22,16940800456
2025-10-23,15694287645
2025-10-24,15146106964
2025-10-25,10681914959
2025-10-26,11690936550
2025-10-27,16636127807
2025-10-28,15890295843
2025-10-29,16537843759
2025-10-30,18291921592
2025-10-31,15056275717
2025-11-01,10332893211
2025-11-02,10319264455
2025-11-03,18546398666
2025-11-04,24936359017
2025-11-05,17550515680
2025-11-06,17171551308
2025-11-07,19546699405
2025-11-08,12600801865
2025-11-09,15323165402
2025-11-10,15388849084
2025-11-11,14882773648
2025-11-12,14842095751
2025-11-13,15766740446
2025-11-14,15333844417
2025-11-15,10851871298
2025-11-16,11138349967
2025-11-17,13659281152
2025-11-18,13396570941
2025-11-19,12609679567
2025-11-20,14200657682
2025-11-21,18141886964
2025-11-22,9272685638
2025-11-23,9411086304
2025-11-24,10738499078
2025-11-25,10289498984
2025-11-26,10699787422
2025-11-27,11508753838
2025-11-28,11119375558
2025-11-29,8652564107
2025-11-30,8448870055
2025-12-01,13529626024
2025-12-02,12086006643
2025-12-03,11990739982
2025-12-04,11415067514
2025-12-05,11212634573
2025-12-06,7781533450
2025-12-07,10000157422
2025-12-08,11076752718
2025-12-09,12852971093
2025-12-10,11953721072
2025-12-11,12229212796
2025-12-12,10848698563
2025-12-13,7198186686
2025-12-14,7640462229
2025-12-15,12432802300
2025-12-16,10932570036
2025-12-17,11304345681
2025-12-18,12277251058
2025-12-19,11388673677
2025-12-20,7238189083
2025-12-21,8005579727
2025-12-22,11015650198
2025-12-23,10505221515
2025-12-24,8856271359
2025-12-25,8362517579
2025-12-26,9276605001
2025-12-27,7081776510
2025-12-28,6932483954
2025-12-29,11309032481
2025-12-30,10747824925
2025-12-31,10157748379
2026-01-01,7168467289
2026-01-02,10587107747
2026-01-03,8557524337
2026-01-04,8768847453
2026-01-05,12637750548
2026-01-06,13208868788
2026-01-07,11892592551
2026-01-08,9646425493
2026-01-09,8933097029
2026-01-10,5517838927
2026-01-11,7493852703
2026-01-12,9813106618
2026-01-13,11414567241
2026-01-14,13530447594
2026-01-15,12145588480
2026-01-16,10715666551
2026-01-17,7691030542
2026-01-18,7336704882
2026-01-19,10746245204
2026-01-20,14811131620
2026-01-21,16491148773
2026-01-22,12589441904
2026-01-23,12266473862
2026-01-24,8477954939
2026-01-25,9948578130
2026-01-26,11578203382
2026-01-27,11305971531
2026-01-28,11568993097
2026-01-29,11817772803
2026-01-30,15314411858
2026-01-31,17751219454
2026-02-01,13592545924
2026-02-02,15185395781
2026-02-03,14777858726
2026-02-04,15686873248
2026-02-05,21878383006
2026-02-06,19239483362
2026-02-07,12670627865
2026-02-08,8765829897
2026-02-09,10114550900
2026-02-10,9217042338
2026-02-11,10129335050
2026-02-12,8899415415
2026-02-13,9175312682
2026-02-14,6621720944
2026-02-15,8703573450
2026-02-16,7183515442
2026-02-17,7494087371
2026-02-18,7993828216
2026-02-19,8118048135
2026-02-20,8030414132
2026-02-21,5024982677
2026-02-22,5304840617
2026-02-23,8334515277
2026-02-24,8195716624
2026-02-25,9211853020
2026-02-26,7928598270
2026-02-27,7753003668
2026-02-28,8752439871
2026-03-01,8150156637
2026-03-02,9826647898
2026-03-03,8705409974
2026-03-04,9942510175
2026-03-05,8219381719
2026-03-06,7291519076
2026-03-07,4496208582
2026-03-08,5591520589
2026-03-09,8531923283
2026-03-10,8191852757
2026-03-11,6631189726
2026-03-12,7756860689
2026-03-13,8981014780
2026-03-14,4173796942
2026-03-15,5266942263
2026-03-16,8609951931
2026-03-17,7565908466
2026-03-18,7842246058
2026-03-19,7134056940
2026-03-20,6954281634
2026-03-21,4327901213
2026-03-22,6761129550
2026-03-23,9410301617
2026-03-24,6178727793
2026-03-25,5883551028
2026-03-26,5609864991
2026-03-27,6060545106
2026-03-28,4024062334
2026-03-29,4478523497
2026-03-30,7421166061
2026-03-31,7509957487
2026-04-01,8509502055
2026-04-02,6237790554
2026-04-03,4627697739
2026-04-04,3224764413
2026-04-05,3844153767
2026-04-06,6360946893
2026-04-07,6918693475
2026-04-08,6410458894
2026-04-09,6280272369
2026-04-10,5640175197
2026-04-11,4513570696
2026-04-12,4902708151
2026-04-13,7158414562
2026-04-14,7833053229
2026-04-15,6181282617
2026-04-16,6717470634
2026-04-17,7624399638
2026-04-18,5741400868
2026-04-19,8657002826
2026-04-20,7550553979
2026-04-21,8509624445
2026-04-22,8573583982
2026-04-23,7487500047
2026-04-24,5678853876
2026-04-25,3964823455
2026-04-26,4475884128
2026-04-27,6040868914
2026-04-28,6759307322
2026-04-29,6416078364
2026-04-30,5611831773
2026-05-01,5384725417
2026-05-02,3464486239
2026-05-03,3969273391
2026-05-04,7516975703
2026-05-05,6093730715
2026-05-06,6601839052
2026-05-07,7449416303
2026-05-08,7397236258
2026-05-09,5237131518
2026-05-10,5805012347
2026-05-11,6798066788
2026-05-12,6631987897
2026-05-13,6586905399
2026-05-14,7364646719
2026-05-15,7036622780
2026-05-16,4894780224
2026-05-17,4272439143
2026-05-18,6655775844
2026-05-19,5340756114
2026-05-20,5985585524
2026-05-21,6457781765
2026-05-22,6426234883
2026-05-23,5726079640
2026-05-24,4768231050
2026-05-25,5449131582
2026-05-26,6552897014
2026-05-27,6280149848
2026-05-28,7041347906
2026-05-29,6900075835
2026-05-30,4395186807
2026-05-31,4347287758
