date_utc,tvl_total
2017-09-27,0
2017-09-28,0
2017-09-29,0
2017-09-30,0
2017-10-01,0
2017-10-02,0
2017-10-03,0
2017-10-04,0
2017-10-05,0
2017-10-06,0
2017-10-07,0
2017-10-08,0
2017-10-09,0
2017-10-10,0
2017-10-11,0
2017-10-12,0
2017-10-13,0
2017-10-14,0
2017-10-15,0
2017-10-16,0
2017-10-17,0
2017-10-18,0
2017-10-19,0
2017-10-20,0
2017-10-21,0
2017-10-22,0
2017-10-23,0
2017-10-24,0
2017-10-25,0
2017-10-26,0
2017-10-27,0
2017-10-28,0
2017-10-29,0
2017-10-30,0
2017-10-31,0
2017-11-01,0
2017-11-02,0
2017-11-03,0
2017-11-04,0
2017-11-05,0
2017-11-06,0
2017-11-07,0
2017-11-08,0
2017-11-09,0
2017-11-10,0
2017-11-11,0
2017-11-12,0
2017-11-13,0
2017-11-14,0
2017-11-15,0
2017-11-16,0
2017-11-17,0
2017-11-18,0
2017-11-19,0
2017-11-20,0
2017-11-21,0
2017-11-22,0
2017-11-23,0
2017-11-24,0
2017-11-25,0
2017-11-26,0
2017-11-27,0
2017-11-28,0
2017-11-29,0
2017-11-30,0
2017-12-01,0
2017-12-02,0
2017-12-03,0
2017-12-04,0
2017-12-05,0
2017-12-06,0
2017-12-07,0
2017-12-08,0
2017-12-09,0
2017-12-10,0
2017-12-11,0
2017-12-12,0
2017-12-13,0
2017-12-14,0
2017-12-15,0
2017-12-16,0
2017-12-17,0
2017-12-18,0
2017-12-19,0
2017-12-20,0
2017-12-21,0
2017-12-22,0
2017-12-23,0
2017-12-24,0
2017-12-25,0
2017-12-26,0
2017-12-27,0
2017-12-28,0
2017-12-29,0
2017-12-30,0
2017-12-31,0
2018-01-01,0
2018-01-02,0
2018-01-03,0
2018-01-04,0
2018-01-05,0
2018-01-06,0
2018-01-07,0
2018-01-08,0
2018-01-09,0
2018-01-10,0
2018-01-11,0
2018-01-12,0
2018-01-13,0
2018-01-14,0
2018-01-15,0
2018-01-16,0
2018-01-17,0
2018-01-18,0
2018-01-19,0
2018-01-20,0
2018-01-21,0
2018-01-22,0
2018-01-23,0
2018-01-24,0
2018-01-25,0
2018-01-26,0
2018-01-27,0
2018-01-28,0
2018-01-29,0
2018-01-30,0
2018-01-31,0
2018-02-01,0
2018-02-02,0
2018-02-03,0
2018-02-04,0
2018-02-05,0
2018-02-06,0
2018-02-07,0
2018-02-08,0
2018-02-09,0
2018-02-10,0
2018-02-11,0
2018-02-12,6685317
2018-02-13,6685317
2018-02-14,6685317
2018-02-15,7335070
2018-02-16,11799306
2018-02-17,11799306
2018-02-18,11799306
2018-02-19,11799306
2018-02-20,11799306
2018-02-21,11620897
2018-02-22,9686994
2018-02-23,11924788
2018-02-24,11924788
2018-02-25,11924788
2018-02-26,11293138
2018-02-27,11293138
2018-02-28,18351636
2018-03-01,18351636
2018-03-02,18351636
2018-03-03,18351636
2018-03-04,18351636
2018-03-05,18351636
2018-03-06,15284730
2018-03-07,15284730
2018-03-08,14201508
2018-03-09,14201508
2018-03-10,14201508
2018-03-11,14201508
2018-03-12,14201508
2018-03-13,14201508
2018-03-14,14529180
2018-03-15,10883302
2018-03-16,10883302
2018-03-17,10883302
2018-03-18,10883302
2018-03-19,10883302
2018-03-20,10883302
2018-03-21,10883302
2018-03-22,10883302
2018-03-23,10883302
2018-03-24,10883302
2018-03-25,10883302
2018-03-26,10883302
2018-03-27,10883302
2018-03-28,10883302
2018-03-29,10975192
2018-03-30,8872233
2018-03-31,8872233
2018-04-01,8872233
2018-04-02,8872233
2018-04-03,8709109
2018-04-04,8709109
2018-04-05,8709109
2018-04-06,8994812
2018-04-07,11513795
2018-04-08,11513795
2018-04-09,11513795
2018-04-10,11513795
2018-04-11,11513795
2018-04-12,11513795
2018-04-13,11513795
2018-04-14,11599561
2018-04-15,11860237
2018-04-16,16745423
2018-04-17,16745423
2018-04-18,16745423
2018-04-19,16745423
2018-04-20,19173183
2018-04-21,19173183
2018-04-22,19557950
2018-04-23,21963401
2018-04-24,21963401
2018-04-25,21963401
2018-04-26,21963401
2018-04-27,22367479
2018-04-28,28948697
2018-04-29,28977326
2018-04-30,28969763
2018-05-01,28984307
2018-05-02,28977941
2018-05-03,35203792
2018-05-04,29514151
2018-05-05,29565821
2018-05-06,29590838
2018-05-07,29584982
2018-05-08,23996888
2018-05-09,24006329
2018-05-10,29220087
2018-05-11,29200576
2018-05-12,29180118
2018-05-13,29161024
2018-05-14,29172651
2018-05-15,29192404
2018-05-16,27637293
2018-05-17,27621514
2018-05-18,26702764
2018-05-19,30301579
2018-05-20,30305637
2018-05-21,30318592
2018-05-22,29046638
2018-05-23,29017571
2018-05-24,28956511
2018-05-25,28999900
2018-05-26,28971623
2018-05-27,24783617
2018-05-28,24794527
2018-05-29,24743844
2018-05-30,31952258
2018-05-31,31943323
2018-06-01,31963581
2018-06-02,31952510
2018-06-03,31986000
2018-06-04,30750887
2018-06-05,30741186
2018-06-06,30734367
2018-06-07,30749864
2018-06-08,30135166
2018-06-09,30137891
2018-06-10,30134960
2018-06-11,20200363
2018-06-12,20202458
2018-06-13,20177422
2018-06-14,20171150
2018-06-15,21673737
2018-06-16,21665463
2018-06-17,24002627
2018-06-18,24004364
2018-06-19,24031704
2018-06-20,24037291
2018-06-21,24045886
2018-06-22,23763827
2018-06-23,21165759
2018-06-24,21175105
2018-06-25,21162437
2018-06-26,21165475
2018-06-27,19744994
2018-06-28,19764441
2018-06-29,19771694
2018-06-30,22475278
2018-07-01,22483726
2018-07-02,22490475
2018-07-03,22513321
2018-07-04,22493042
2018-07-05,22510025
2018-07-06,22526670
2018-07-07,22495522
2018-07-08,25093689
2018-07-09,23126728
2018-07-10,19628038
2018-07-11,19573614
2018-07-12,19899688
2018-07-13,19890030
2018-07-14,19896837
2018-07-15,19888431
2018-07-16,19913834
2018-07-17,19929339
2018-07-18,19924898
2018-07-19,19894895
2018-07-20,20149827
2018-07-21,20590476
2018-07-22,20596340
2018-07-23,20605860
2018-07-24,20578762
2018-07-25,20265462
2018-07-26,20259382
2018-07-27,20250097
2018-07-28,17813102
2018-07-29,17815710
2018-07-30,17814972
2018-07-31,17810324
2018-08-01,17795180
2018-08-02,16575227
2018-08-03,16575865
2018-08-04,16174201
2018-08-05,16159086
2018-08-06,358439
2018-08-07,367117
2018-08-08,367758
2018-08-09,340001
2018-08-10,337587
2018-08-11,16800664
2018-08-12,16800809
2018-08-13,16533578
2018-08-14,16535473
2018-08-15,16534267
2018-08-16,16552382
2018-08-17,16562358
2018-08-18,16790597
2018-08-19,16788445
2018-08-20,16786536
2018-08-21,16782137
2018-08-22,16948572
2018-08-23,12059764
2018-08-24,14320257
2018-08-25,12189870
2018-08-26,13119602
2018-08-27,20787329
2018-08-28,21681043
2018-08-29,13842550
2018-08-30,13838204
2018-08-31,13826746
2018-09-01,33918185
2018-09-02,34461150
2018-09-03,34454043
2018-09-04,34394921
2018-09-05,34281081
2018-09-06,34141470
2018-09-07,31632459
2018-09-08,31627730
2018-09-09,31565234
2018-09-10,30914431
2018-09-11,32694805
2018-09-12,32416971
2018-09-13,32697437
2018-09-14,31981413
2018-09-15,17286027
2018-09-16,18181250
2018-09-17,16785441
2018-09-18,17156973
2018-09-19,17052370
2018-09-20,17295231
2018-09-21,17467378
2018-09-22,17735981
2018-09-23,12120894
2018-09-24,12001453
2018-09-25,10599223
2018-09-26,15541932
2018-09-27,11336827
2018-09-28,14120352
2018-09-29,15375082
2018-09-30,15840876
2018-10-01,16736615
2018-10-02,17016009
2018-10-03,16680954
2018-10-04,14741093
2018-10-05,15414443
2018-10-06,16097534
2018-10-07,15813653
2018-10-08,14055504
2018-10-09,14110331
2018-10-10,14232859
2018-10-11,14193284
2018-10-12,11928443
2018-10-13,12858389
2018-10-14,13118608
2018-10-15,13107525
2018-10-16,15120367
2018-10-17,14676038
2018-10-18,16459120
2018-10-19,15766661
2018-10-20,16173353
2018-10-21,15344886
2018-10-22,16626445
2018-10-23,17177485
2018-10-24,17060213
2018-10-25,17745805
2018-10-26,18335693
2018-10-27,16297339
2018-10-28,18124774
2018-10-29,18378903
2018-10-30,17137508
2018-10-31,15904405
2018-11-01,16170857
2018-11-02,16004698
2018-11-03,11825468
2018-11-04,18343307
2018-11-05,16132848
2018-11-06,16123521
2018-11-07,16610845
2018-11-08,16583198
2018-11-09,15826144
2018-11-10,15734245
2018-11-11,16062153
2018-11-12,15554185
2018-11-13,15761892
2018-11-14,15442880
2018-11-15,12952073
2018-11-16,12990309
2018-11-17,12813281
2018-11-18,12519141
2018-11-19,23183102
2018-11-20,10263670
2018-11-21,8741508
2018-11-22,9535385
2018-11-23,10694808
2018-11-24,10583791
2018-11-25,9642573
2018-11-26,10688756
2018-11-27,10013259
2018-11-28,11008664
2018-11-29,12544817
2018-11-30,12491893
2018-12-01,12166000
2018-12-02,13221851
2018-12-03,12384552
2018-12-04,10976654
2018-12-05,10974056
2018-12-06,9090091
2018-12-07,8277595
2018-12-08,8813639
2018-12-09,9296580
2018-12-10,8282530
2018-12-11,8164333
2018-12-12,8027331
2018-12-13,8382716
2018-12-14,7975874
2018-12-15,7395409
2018-12-16,7772209
2018-12-17,8236167
2018-12-18,9340631
2018-12-19,9786858
2018-12-20,9593244
2018-12-21,10845835
2018-12-22,11597399
2018-12-23,12002498
2018-12-24,13135497
2018-12-25,14344601
2018-12-26,13105091
2018-12-27,13964751
2018-12-28,12584979
2018-12-29,12995052
2018-12-30,4149781
2018-12-31,3926020
2019-01-01,3802744
2019-01-02,4008486
2019-01-03,5319596
2019-01-04,289570752
2019-01-05,304883618
2019-01-06,314016364
2019-01-07,302615159
2019-01-08,301528544
2019-01-09,294935504
2019-01-10,122685489
2019-01-11,260106725
2019-01-12,292940172
2019-01-13,260217997
2019-01-14,194196424
2019-01-15,263607393
2019-01-16,264927702
2019-01-17,270539227
2019-01-18,279843104
2019-01-19,246234892
2019-01-20,253866163
2019-01-21,250653941
2019-01-22,242704516
2019-01-23,238042263
2019-01-24,245751182
2019-01-25,243997393
2019-01-26,244144401
2019-01-27,247621419
2019-01-28,241999811
2019-01-29,113101993
2019-01-30,220276514
2019-01-31,224991272
2019-02-01,230868863
2019-02-02,229338297
2019-02-03,232341479
2019-02-04,232426627
2019-02-05,231779965
2019-02-06,233650015
2019-02-07,225717422
2019-02-08,231314639
2019-02-09,237932307
2019-02-10,263945502
2019-02-11,261409662
2019-02-12,266842887
2019-02-13,265032641
2019-02-14,270656042
2019-02-15,267234814
2019-02-16,279959533
2019-02-17,271616640
2019-02-18,284669961
2019-02-19,308871100
2019-02-20,328181470
2019-02-21,325575107
2019-02-22,325103155
2019-02-23,333555760
2019-02-24,335154182
2019-02-25,367148268
2019-02-26,313312485
2019-02-27,312348327
2019-02-28,315587243
2019-03-01,313264205
2019-03-02,317917225
2019-03-03,306928585
2019-03-04,308802967
2019-03-05,291872587
2019-03-06,299413989
2019-03-07,323339859
2019-03-08,325847315
2019-03-09,317686632
2019-03-10,327652303
2019-03-11,317114163
2019-03-12,314311842
2019-03-13,316017852
2019-03-14,310309736
2019-03-15,313273709
2019-03-16,319734544
2019-03-17,338848314
2019-03-18,338427917
2019-03-19,334112955
2019-03-20,331367254
2019-03-21,332058133
2019-03-22,329173533
2019-03-23,321656817
2019-03-24,324065528
2019-03-25,324888324
2019-03-26,319263059
2019-03-27,316212716
2019-03-28,331333288
2019-03-29,325149316
2019-03-30,334364887
2019-03-31,340535136
2019-04-01,337701754
2019-04-02,335250863
2019-04-03,366236322
2019-04-04,397580056
2019-04-05,382233613
2019-04-06,391714035
2019-04-07,391038985
2019-04-08,402160711
2019-04-09,422159412
2019-04-10,421201009
2019-04-11,431439729
2019-04-12,395146858
2019-04-13,396666901
2019-04-14,389297705
2019-04-15,389969859
2019-04-16,392816437
2019-04-17,383270419
2019-04-18,396528397
2019-04-19,402965067
2019-04-20,405717234
2019-04-21,399268586
2019-04-22,389058388
2019-04-23,396465156
2019-04-24,403778689
2019-04-25,379574360
2019-04-26,374166223
2019-04-27,358142236
2019-04-28,356347839
2019-04-29,360706733
2019-04-30,350720090
2019-05-01,366040359
2019-05-02,373150581
2019-05-03,366280821
2019-05-04,374710083
2019-05-05,369623355
2019-05-06,370720025
2019-05-07,371802886
2019-05-08,401883452
2019-05-09,381493104
2019-05-10,382347098
2019-05-11,379417468
2019-05-12,408271574
2019-05-13,412618499
2019-05-14,419160659
2019-05-15,447939612
2019-05-16,493000209
2019-05-17,499487803
2019-05-18,463519040
2019-05-19,473558786
2019-05-20,505816926
2019-05-21,496273047
2019-05-22,495081036
2019-05-23,494013869
2019-05-24,469154720
2019-05-25,494262395
2019-05-26,502071339
2019-05-27,484952780
2019-05-28,511748306
2019-05-29,499082529
2019-05-30,493867373
2019-05-31,512854276
2019-06-01,471640023
2019-06-02,497170371
2019-06-03,499175684
2019-06-04,486311416
2019-06-05,455320557
2019-06-06,457368543
2019-06-07,461496263
2019-06-08,465263193
2019-06-09,465872717
2019-06-10,455038876
2019-06-11,457207489
2019-06-12,452679683
2019-06-13,469940966
2019-06-14,481044134
2019-06-15,479528759
2019-06-16,490892636
2019-06-17,504375708
2019-06-18,508338611
2019-06-19,499785707
2019-06-20,499623672
2019-06-21,501475713
2019-06-22,539348283
2019-06-23,568485744
2019-06-24,566786356
2019-06-25,568168873
2019-06-26,566722497
2019-06-27,592157474
2019-06-28,551010458
2019-06-29,543944425
2019-06-30,540856458
2019-07-01,533072090
2019-07-02,526079720
2019-07-03,498206970
2019-07-04,527745384
2019-07-05,532809136
2019-07-06,532251501
2019-07-07,523994915
2019-07-08,532011419
2019-07-09,559125387
2019-07-10,564100959
2019-07-11,555865864
2019-07-12,500263848
2019-07-13,506732437
2019-07-14,489755810
2019-07-15,451794549
2019-07-16,451403011
2019-07-17,460499059
2019-07-18,439671234
2019-07-19,431444670
2019-07-20,431705872
2019-07-21,450227146
2019-07-22,483695497
2019-07-23,433600867
2019-07-24,407711854
2019-07-25,442205436
2019-07-26,423403534
2019-07-27,420269111
2019-07-28,406240990
2019-07-29,407973227
2019-07-30,406597757
2019-07-31,406048733
2019-08-01,414628768
2019-08-02,414551646
2019-08-03,425911889
2019-08-04,431983427
2019-08-05,427006937
2019-08-06,449849181
2019-08-07,437042159
2019-08-08,435120148
2019-08-09,429256312
2019-08-10,432278022
2019-08-11,432311896
2019-08-12,438922507
2019-08-13,441783545
2019-08-14,446093224
2019-08-15,444067541
2019-08-16,412741629
2019-08-17,412940794
2019-08-18,418397984
2019-08-19,421458457
2019-08-20,450295295
2019-08-21,445264270
2019-08-22,429924070
2019-08-23,428797363
2019-08-24,435354164
2019-08-25,433578904
2019-08-26,435995124
2019-08-27,437690999
2019-08-28,430961023
2019-08-29,441490142
2019-08-30,410202805
2019-08-31,421345895
2019-09-01,417007111
2019-09-02,416659578
2019-09-03,422722835
2019-09-04,436113531
2019-09-05,446392486
2019-09-06,433387931
2019-09-07,437775541
2019-09-08,424394180
2019-09-09,446321533
2019-09-10,449809067
2019-09-11,450771092
2019-09-12,445977377
2019-09-13,448313809
2019-09-14,453766821
2019-09-15,453545900
2019-09-16,472787145
2019-09-17,486065976
2019-09-18,500441333
2019-09-19,523302994
2019-09-20,518946995
2019-09-21,537046203
2019-09-22,532688656
2019-09-23,522348678
2019-09-24,518673870
2019-09-25,488283596
2019-09-26,428232618
2019-09-27,438795860
2019-09-28,444108768
2019-09-29,460828355
2019-09-30,452610684
2019-10-01,457597405
2019-10-02,471477481
2019-10-03,464897643
2019-10-04,465893454
2019-10-05,463516060
2019-10-06,463042644
2019-10-07,458374933
2019-10-08,461647655
2019-10-09,479056604
2019-10-10,490075304
2019-10-11,507194268
2019-10-12,497095115
2019-10-13,493799862
2019-10-14,491074338
2019-10-15,494255076
2019-10-16,497751898
2019-10-17,477919375
2019-10-18,485394030
2019-10-19,483030202
2019-10-20,485164862
2019-10-21,481667993
2019-10-22,490413955
2019-10-23,497627312
2019-10-24,513833716
2019-10-25,485364560
2019-10-26,505328036
2019-10-27,560722501
2019-10-28,578513288
2019-10-29,592535489
2019-10-30,604452646
2019-10-31,582575042
2019-11-01,553649043
2019-11-02,557410512
2019-11-03,560235654
2019-11-04,556666347
2019-11-05,596576660
2019-11-06,593178137
2019-11-07,594431955
2019-11-08,588958993
2019-11-09,600236534
2019-11-10,599964521
2019-11-11,591878322
2019-11-12,594492907
2019-11-13,608296499
2019-11-14,600898372
2019-11-15,595419805
2019-11-16,583732548
2019-11-17,563338941
2019-11-18,593678746
2019-11-19,605885676
2019-11-20,592789954
2019-11-21,609416934
2019-11-22,604283335
2019-11-23,566659421
2019-11-24,570918387
2019-11-25,575259311
2019-11-26,585191621
2019-11-27,610145138
2019-11-28,614064647
2019-11-29,660153112
2019-11-30,641808977
2019-12-01,623877755
2019-12-02,607194743
2019-12-03,599121018
2019-12-04,620903309
2019-12-05,616893987
2019-12-06,620476030
2019-12-07,614213765
2019-12-08,615203375
2019-12-09,607627369
2019-12-10,634049181
2019-12-11,619849616
2019-12-12,605506704
2019-12-13,606065178
2019-12-14,617427272
2019-12-15,608262030
2019-12-16,621099253
2019-12-17,621405714
2019-12-18,597405598
2019-12-19,561311124
2019-12-20,592657997
2019-12-21,595096723
2019-12-22,596505625
2019-12-23,603633415
2019-12-24,617169609
2019-12-25,603135320
2019-12-26,596748745
2019-12-27,594105107
2019-12-28,584917668
2019-12-29,597478008
2019-12-30,601487306
2019-12-31,613380004
2020-01-01,607332562
2020-01-02,606865359
2020-01-03,601231879
2020-01-04,609464833
2020-01-05,611312656
2020-01-06,614940284
2020-01-07,628391024
2020-01-08,615663241
2020-01-09,638475972
2020-01-10,595229939
2020-01-11,593684061
2020-01-12,616715757
2020-01-13,599230318
2020-01-14,618571876
2020-01-15,655173775
2020-01-16,716155639
2020-01-17,695449832
2020-01-18,734902436
2020-01-19,722303915
2020-01-20,716064048
2020-01-21,689575460
2020-01-22,723306346
2020-01-23,720330464
2020-01-24,707422571
2020-01-25,698871473
2020-01-26,695253169
2020-01-27,702454027
2020-01-28,728541959
2020-01-29,759776417
2020-01-30,774672284
2020-01-31,776206439
2020-02-01,787764254
2020-02-02,798788470
2020-02-03,820986502
2020-02-04,809492709
2020-02-05,802182891
2020-02-06,835607155
2020-02-07,871591970
2020-02-08,900880582
2020-02-09,907158176
2020-02-10,908285885
2020-02-11,861087514
2020-02-12,899925302
2020-02-13,979931389
2020-02-14,1004962044
2020-02-15,1036964909
2020-02-16,1055097547
2020-02-17,1008178689
2020-02-18,955224286
2020-02-19,1005089656
2020-02-20,977171420
2020-02-21,885698851
2020-02-22,913902886
2020-02-23,917192468
2020-02-24,944593591
2020-02-25,950000082
2020-02-26,919292557
2020-02-27,837837072
2020-02-28,829575442
2020-02-29,805408701
2020-03-01,827142708
2020-03-02,820194967
2020-03-03,812416576
2020-03-04,836022679
2020-03-05,818677774
2020-03-06,836095078
2020-03-07,849525548
2020-03-08,864526839
2020-03-09,814793875
2020-03-10,745730680
2020-03-11,747162968
2020-03-12,753596940
2020-03-13,526215500
2020-03-14,500864738
2020-03-15,500878204
2020-03-16,480452769
2020-03-17,407503260
2020-03-18,448877996
2020-03-19,443056136
2020-03-20,475636695
2020-03-21,533013767
2020-03-22,493294754
2020-03-23,485592455
2020-03-24,475090969
2020-03-25,516417986
2020-03-26,516810487
2020-03-27,523279907
2020-03-28,526332929
2020-03-29,513006482
2020-03-30,511092559
2020-03-31,523812722
2020-04-01,533584510
2020-04-02,538682854
2020-04-03,553807713
2020-04-04,581673159
2020-04-05,571488008
2020-04-06,574590832
2020-04-07,597306568
2020-04-08,646148431
2020-04-09,633428002
2020-04-10,636221212
2020-04-11,589048238
2020-04-12,593923537
2020-04-13,590235680
2020-04-14,584963495
2020-04-15,592156479
2020-04-16,678972975
2020-04-17,624065475
2020-04-18,631895664
2020-04-19,648643981
2020-04-20,679939763
2020-04-21,664153050
2020-04-22,645568144
2020-04-23,669577796
2020-04-24,681330696
2020-04-25,693764696
2020-04-26,704976326
2020-04-27,709913375
2020-04-28,717581426
2020-04-29,728259733
2020-04-30,774582432
2020-05-01,762944373
2020-05-02,776982392
2020-05-03,782068269
2020-05-04,797193334
2020-05-05,759931457
2020-05-06,762064433
2020-05-07,805186528
2020-05-08,787553138
2020-05-09,804776036
2020-05-10,809797005
2020-05-11,760285697
2020-05-12,736846654
2020-05-13,730608535
2020-05-14,742888896
2020-05-15,761434154
2020-05-16,749335669
2020-05-17,754654878
2020-05-18,771047477
2020-05-19,788501728
2020-05-20,850810275
2020-05-21,864288456
2020-05-22,932874609
2020-05-23,941337473
2020-05-24,965064677
2020-05-25,1030796010
2020-05-26,1011937027
2020-05-27,1013602098
2020-05-28,1022576737
2020-05-29,1010332469
2020-05-30,1039978610
2020-05-31,1104016559
2020-06-01,1118893117
2020-06-02,1110406433
2020-06-03,1143938485
2020-06-04,1135156109
2020-06-05,1147887531
2020-06-06,1160547395
2020-06-07,1166356805
2020-06-08,1154848957
2020-06-09,1172194648
2020-06-10,1167232725
2020-06-11,1125236418
2020-06-12,1186850100
2020-06-13,1165808622
2020-06-14,1154936959
2020-06-15,1123005696
2020-06-16,1119406845
2020-06-17,1233446354
2020-06-18,1317857912
2020-06-19,1416985396
2020-06-20,1500793618
2020-06-21,1619259330
2020-06-22,1693850491
2020-06-23,1701064886
2020-06-24,1766805368
2020-06-25,1832782635
2020-06-26,1846255707
2020-06-27,1873007337
2020-06-28,1892069877
2020-06-29,1871755195
2020-06-30,1886377777
2020-07-01,1855626154
2020-07-02,1925311909
2020-07-03,1983685859
2020-07-04,2039878540
2020-07-05,2061643094
2020-07-06,2083716129
2020-07-07,2198067688
2020-07-08,2199946230
2020-07-09,2338511330
2020-07-10,2335577251
2020-07-11,2345072800
2020-07-12,2383208057
2020-07-13,2398826107
2020-07-14,2420443899
2020-07-15,2372840192
2020-07-16,2413353321
2020-07-17,2414374942
2020-07-18,2528172572
2020-07-19,2538505370
2020-07-20,2753494519
2020-07-21,2953971382
2020-07-22,3054564955
2020-07-23,3210605288
2020-07-24,3426440852
2020-07-25,3479650403
2020-07-26,3511363205
2020-07-27,3425316368
2020-07-28,3395916701
2020-07-29,3406330580
2020-07-30,3523826771
2020-07-31,3632924677
2020-08-01,3761502667
2020-08-02,3990659182
2020-08-03,3887099640
2020-08-04,4030468458
2020-08-05,4074452908
2020-08-06,4279607614
2020-08-07,4217507871
2020-08-08,4280508106
2020-08-09,4378644330
2020-08-10,4477954700
2020-08-11,4531244051
2020-08-12,4463565026
2020-08-13,4505273736
2020-08-14,4723600020
2020-08-15,5570047314
2020-08-16,5914500817
2020-08-17,5990505598
2020-08-18,6232852545
2020-08-19,6205057307
2020-08-20,6249386807
2020-08-21,6498882106
2020-08-22,6392078041
2020-08-23,6335537512
2020-08-24,6401867358
2020-08-25,6489561469
2020-08-26,6769424974
2020-08-27,6952883744
2020-08-28,7084338137
2020-08-29,7528111384
2020-08-30,7844581324
2020-08-31,8207584728
2020-09-01,8433963988
2020-09-02,9410680700
2020-09-03,9265430916
2020-09-04,8896526476
2020-09-05,8830318893
2020-09-06,7572257943
2020-09-07,7791526356
2020-09-08,7742612698
2020-09-09,7630678702
2020-09-10,7792862111
2020-09-11,8446563736
2020-09-12,8400517893
2020-09-13,8599335006
2020-09-14,8394906793
2020-09-15,8527804553
2020-09-16,8404566843
2020-09-17,8199967636
2020-09-18,8733120313
2020-09-19,9199912198
2020-09-20,9876592771
2020-09-21,10055555512
2020-09-22,9393173228
2020-09-23,9429095749
2020-09-24,9467651325
2020-09-25,9788239508
2020-09-26,10033391998
2020-09-27,10305337261
2020-09-28,10216001553
2020-09-29,10332651976
2020-09-30,10326440119
2020-10-01,10145825104
2020-10-02,10200415800
2020-10-03,9748346052
2020-10-04,9914090237
2020-10-05,9892893536
2020-10-06,9747639083
2020-10-07,9318267012
2020-10-08,9061131098
2020-10-09,9305726080
2020-10-10,9722276407
2020-10-11,9871684405
2020-10-12,9970519312
2020-10-13,9990606706
2020-10-14,10051250216
2020-10-15,10050360121
2020-10-16,9930149526
2020-10-17,9743878518
2020-10-18,9704822598
2020-10-19,9815637246
2020-10-20,9843264813
2020-10-21,9591888440
2020-10-22,9725785479
2020-10-23,9921668666
2020-10-24,10008209832
2020-10-25,10125177972
2020-10-26,10127307927
2020-10-27,9844749016
2020-10-28,9992836699
2020-10-29,9907881598
2020-10-30,9860104700
2020-10-31,9698573476
2020-11-01,9878538103
2020-11-02,9873320919
2020-11-03,9629428640
2020-11-04,9574772240
2020-11-05,9664822064
2020-11-06,9874047452
2020-11-07,10524335299
2020-11-08,10509939726
2020-11-09,10726816021
2020-11-10,11204104231
2020-11-11,11383476536
2020-11-12,11825134588
2020-11-13,11695694954
2020-11-14,11983528065
2020-11-15,11798768430
2020-11-16,11842644138
2020-11-17,11919456044
2020-11-18,11685442898
2020-11-19,11617600135
2020-11-20,11597087230
2020-11-21,12324282573
2020-11-22,12422288261
2020-11-23,12406188548
2020-11-24,12574263026
2020-11-25,12607513972
2020-11-26,12396051960
2020-11-27,11281146563
2020-11-28,11187830681
2020-11-29,11520014524
2020-11-30,12119019421
2020-12-01,12803388297
2020-12-02,12731126252
2020-12-03,12907585008
2020-12-04,13197406236
2020-12-05,12571141754
2020-12-06,12936639955
2020-12-07,13005534015
2020-12-08,13080981635
2020-12-09,12687681825
2020-12-10,12667710662
2020-12-11,12452972579
2020-12-12,12167050737
2020-12-13,12637314013
2020-12-14,12984079772
2020-12-15,12977736155
2020-12-16,13268720516
2020-12-17,13515110299
2020-12-18,13967084205
2020-12-19,13950038871
2020-12-20,14373816374
2020-12-21,14131709453
2020-12-22,13661922869
2020-12-23,13966871763
2020-12-24,13859906051
2020-12-25,13776883205
2020-12-26,14391031898
2020-12-27,14597029518
2020-12-28,14623311922
2020-12-29,15480590017
2020-12-30,15523330775
2020-12-31,15067393849
2021-01-01,15313433312
2021-01-02,15398582859
2021-01-03,15844734388
2021-01-04,17433372218
2021-01-05,18259396575
2021-01-06,20041807756
2021-01-07,21428145786
2021-01-08,21887379778
2021-01-09,22333804802
2021-01-10,22292318709
2021-01-11,22452026103
2021-01-12,20017148509
2021-01-13,20269578977
2021-01-14,21240301655
2021-01-15,22241894243
2021-01-16,21681150973
2021-01-17,22482481040
2021-01-18,22599389603
2021-01-19,23080189297
2021-01-20,24543840811
2021-01-21,23628340497
2021-01-22,21542376968
2021-01-23,22796893252
2021-01-24,23528586294
2021-01-25,25473033726
2021-01-26,25813721185
2021-01-27,25495542717
2021-01-28,24525183771
2021-01-29,26027737408
2021-01-30,27074523123
2021-01-31,27008023692
2021-02-01,26951162223
2021-02-02,27522631977
2021-02-03,29008397743
2021-02-04,32577056914
2021-02-05,33504713611
2021-02-06,35801001743
2021-02-07,35568578562
2021-02-08,34840530434
2021-02-09,37499351350
2021-02-10,39006702601
2021-02-11,40254318624
2021-02-12,41503282708
2021-02-13,42312108470
2021-02-14,41606018760
2021-02-15,42014417010
2021-02-16,41604563156
2021-02-17,42153759983
2021-02-18,43078368514
2021-02-19,44814972077
2021-02-20,46364380778
2021-02-21,48029076986
2021-02-22,48462571484
2021-02-23,45422277502
2021-02-24,39480689491
2021-02-25,43083285679
2021-02-26,42216843741
2021-02-27,40213504586
2021-02-28,40651666193
2021-03-01,39518770517
2021-03-02,42892959651
2021-03-03,43374155467
2021-03-04,45485895394
2021-03-05,44856957876
2021-03-06,44012539293
2021-03-07,45381915293
2021-03-08,44164948434
2021-03-09,45319729091
2021-03-10,47589547807
2021-03-11,47573848752
2021-03-12,48130998230
2021-03-13,49468737783
2021-03-14,52387171847
2021-03-15,51922615006
2021-03-16,50130476311
2021-03-17,50685405067
2021-03-18,51572008874
2021-03-19,52173429881
2021-03-20,53130228111
2021-03-21,54768937279
2021-03-22,52863128002
2021-03-23,52459191511
2021-03-24,50722291332
2021-03-25,50372760975
2021-03-26,48754045074
2021-03-27,51376111226
2021-03-28,51947770237
2021-03-29,52956656619
2021-03-30,55647174361
2021-03-31,58362200833
2021-04-01,58579168386
2021-04-02,61289001350
2021-04-03,64069532850
2021-04-04,69170871898
2021-04-05,70915080545
2021-04-06,73940251921
2021-04-07,74786078122
2021-04-08,70225724767
2021-04-09,72818943393
2021-04-10,75191633847
2021-04-11,76889427596
2021-04-12,76927775094
2021-04-13,78224904805
2021-04-14,81668698111
2021-04-15,86338006323
2021-04-16,88314461325
2021-04-17,88275648007
2021-04-18,88638226523
2021-04-19,81090538941
2021-04-20,82658653055
2021-04-21,83754790914
2021-04-22,84465782504
2021-04-23,86748958832
2021-04-24,84914973510
2021-04-25,83666275538
2021-04-26,87155108774
2021-04-27,95143356236
2021-04-28,98495217299
2021-04-29,100648786518
2021-04-30,99481878823
2021-05-01,101674327463
2021-05-02,105540350199
2021-05-03,106615732924
2021-05-04,111899890937
2021-05-05,112846963228
2021-05-06,114897580194
2021-05-07,117537095473
2021-05-08,117166617525
2021-05-09,120721665673
2021-05-10,121976533671
2021-05-11,122217312504
2021-05-12,121789969806
2021-05-13,120731973048
2021-05-14,114937062071
2021-05-15,118876523477
2021-05-16,115433783103
2021-05-17,113335391820
2021-05-18,109378382089
2021-05-19,101189767353
2021-05-20,86758376166
2021-05-21,85631023604
2021-05-22,82163616231
2021-05-23,74693893860
2021-05-24,71689811883
2021-05-25,79359087634
2021-05-26,81778270407
2021-05-27,87119308982
2021-05-28,84952523307
2021-05-29,79410419152
2021-05-30,78164308133
2021-05-31,82558933133
2021-06-01,85906685024
2021-06-02,87433886963
2021-06-03,91609856128
2021-06-04,92866343602
2021-06-05,89909035226
2021-06-06,90556561498
2021-06-07,91144185616
2021-06-08,90562450330
2021-06-09,88809316389
2021-06-10,90412771053
2021-06-11,88600196907
2021-06-12,86513450743
2021-06-13,87197939876
2021-06-14,91543023912
2021-06-15,94235774124
2021-06-16,92358243973
2021-06-17,89129142095
2021-06-18,87258342871
2021-06-19,85512707644
2021-06-20,84723658152
2021-06-21,79862217128
2021-06-22,73628903144
2021-06-23,73468556453
2021-06-24,76100782998
2021-06-25,76278598816
2021-06-26,73959276191
2021-06-27,74740236648
2021-06-28,76772506831
2021-06-29,79159964924
2021-06-30,81396476485
2021-07-01,81142476083
2021-07-02,80914925275
2021-07-03,81050266108
2021-07-04,83782560850
2021-07-05,85055252203
2021-07-06,84783738168
2021-07-07,88104902189
2021-07-08,88223127772
2021-07-09,86192127047
2021-07-10,85783839524
2021-07-11,86787690765
2021-07-12,86480983209
2021-07-13,84475114362
2021-07-14,83189050435
2021-07-15,82137426212
2021-07-16,80563559506
2021-07-17,79969146521
2021-07-18,81018263441
2021-07-19,79916136101
2021-07-20,77613109400
2021-07-21,77826354919
2021-07-22,81823298935
2021-07-23,82660080849
2021-07-24,84737012961
2021-07-25,86313053352
2021-07-26,87800992796
2021-07-27,89650497102
2021-07-28,91023769286
2021-07-29,91485928762
2021-07-30,92904098981
2021-07-31,94425471140
2021-08-01,95492687235
2021-08-02,95020996862
2021-08-03,94527727165
2021-08-04,94985510333
2021-08-05,98384120258
2021-08-06,100614310706
2021-08-07,103199134084
2021-08-08,105875240899
2021-08-09,104890654782
2021-08-10,107495093983
2021-08-11,107297329139
2021-08-12,107850245070
2021-08-13,108378512843
2021-08-14,112587995447
2021-08-15,112840507267
2021-08-16,113239113365
2021-08-17,110693940384
2021-08-18,109364285770
2021-08-19,110938365495
2021-08-20,114585789547
2021-08-21,117219797239
2021-08-22,116658474758
2021-08-23,118330912156
2021-08-24,118141620237
2021-08-25,116567140939
2021-08-26,116005006606
2021-08-27,115727469551
2021-08-28,119063702442
2021-08-29,118594634080
2021-08-30,117824279116
2021-08-31,118092088549
2021-09-01,122995117383
2021-09-02,129519971539
2021-09-03,130154447216
2021-09-04,132361784912
2021-09-05,133249814432
2021-09-06,135149927254
2021-09-07,129688536633
2021-09-08,122741964531
2021-09-09,123957495591
2021-09-10,123749621241
2021-09-11,121103768696
2021-09-12,124386763200
2021-09-13,125851882906
2021-09-14,124540201292
2021-09-15,129514481707
2021-09-16,131765440134
2021-09-17,130202942998
2021-09-18,129319423464
2021-09-19,129540307067
2021-09-20,122152852336
2021-09-21,112883192373
2021-09-22,115426717205
2021-09-23,121654169073
2021-09-24,121391354572
2021-09-25,118938627043
2021-09-26,119221088475
2021-09-27,120142546959
2021-09-28,116845100463
2021-09-29,115332417039
2021-09-30,117920767099
2021-10-01,122840240151
2021-10-02,127844856776
2021-10-03,129970018522
2021-10-04,130388962620
2021-10-05,131380953221
2021-10-06,132998574450
2021-10-07,134347417713
2021-10-08,136731549626
2021-10-09,137426672339
2021-10-10,138359501178
2021-10-11,135451945126
2021-10-12,137612989929
2021-10-13,138674751566
2021-10-14,142028106295
2021-10-15,144894637874
2021-10-16,147392085801
2021-10-17,147651984390
2021-10-18,148036623054
2021-10-19,145967701193
2021-10-20,149243785217
2021-10-21,156622946347
2021-10-22,154212608739
2021-10-23,152569962444
2021-10-24,156691888018
2021-10-25,155674598845
2021-10-26,159621484836
2021-10-27,158214210305
2021-10-28,152409267884
2021-10-29,159322798801
2021-10-30,156958490039
2021-10-31,154267236142
2021-11-01,156675882909
2021-11-02,158673348529
2021-11-03,164592036806
2021-11-04,167046106857
2021-11-05,167332808402
2021-11-06,166702058317
2021-11-07,169008429285
2021-11-08,173780394903
2021-11-09,177484430035
2021-11-10,176133292796
2021-11-11,171586173510
2021-11-12,174423284300
2021-11-13,173510568888
2021-11-14,174993505179
2021-11-15,175766432832
2021-11-16,172038916517
2021-11-17,164752567382
2021-11-18,166855611027
2021-11-19,159160090856
2021-11-20,168382794939
2021-11-21,172453276460
2021-11-22,170508337233
2021-11-23,165863080355
2021-11-24,171360425638
2021-11-25,170603031987
2021-11-26,174997271760
2021-11-27,162584798201
2021-11-28,164134340773
2021-11-29,170240486191
2021-11-30,173826085673
2021-12-01,177082337746
2021-12-02,177475978249
2021-12-03,175465887429
2021-12-04,167257947667
2021-12-05,160834291335
2021-12-06,159993102098
2021-12-07,164378061111
2021-12-08,165004963695
2021-12-09,168042220518
2021-12-10,160203541737
2021-12-11,155305971828
2021-12-12,158732670352
2021-12-13,160315376532
2021-12-14,151351482585
2021-12-15,154126949916
2021-12-16,158945400183
2021-12-17,157789732623
2021-12-18,156688905764
2021-12-19,161092048612
2021-12-20,160763615775
2021-12-21,160763429986
2021-12-22,166093656393
2021-12-23,165919701568
2021-12-24,171111810671
2021-12-25,170415362769
2021-12-26,171909796600
2021-12-27,173472005062
2021-12-28,170481052251
2021-12-29,164786069730
2021-12-30,161861383040
2021-12-31,163262839610
2022-01-01,163254923278
2022-01-02,166627100353
2022-01-03,167763064064
2022-01-04,167890440248
2022-01-05,167908845700
2022-01-06,161483208119
2022-01-07,158738505009
2022-01-08,153985531576
2022-01-09,151102067394
2022-01-10,153052801981
2022-01-11,150645927233
2022-01-12,155401250634
2022-01-13,159846018261
2022-01-14,157471005690
2022-01-15,158967714302
2022-01-16,160459116235
2022-01-17,161194879286
2022-01-18,157060188333
2022-01-19,156160868279
2022-01-20,154731528549
2022-01-21,150830981922
2022-01-22,135259599035
2022-01-23,128672070664
2022-01-24,132117896610
2022-01-25,128246362202
2022-01-26,132496285678
2022-01-27,133589197129
2022-01-28,126343590716
2022-01-29,127406140388
2022-01-30,128874928548
2022-01-31,127173178518
2022-02-01,129864114374
2022-02-02,132669854315
2022-02-03,128991464456
2022-02-04,130647706158
2022-02-05,138375450533
2022-02-06,140583615320
2022-02-07,142527782077
2022-02-08,144866374232
2022-02-09,144798479102
2022-02-10,147211892089
2022-02-11,143371320217
2022-02-12,139746375936
2022-02-13,139714033144
2022-02-14,139057569225
2022-02-15,140052708608
2022-02-16,145503538206
2022-02-17,144632120309
2022-02-18,138381055831
2022-02-19,136539205534
2022-02-20,135863103538
2022-02-21,132907078182
2022-02-22,130073001446
2022-02-23,131867392572
2022-02-24,131259487421
2022-02-25,131344013098
2022-02-26,135235440932
2022-02-27,136346707420
2022-02-28,132703455875
2022-03-01,142145340783
2022-03-02,143279445359
2022-03-03,143486477449
2022-03-04,138800204470
2022-03-05,133729833980
2022-03-06,135654637325
2022-03-07,131571863471
2022-03-08,131646705884
2022-03-09,134185261422
2022-03-10,139275838027
2022-03-11,135814731658
2022-03-12,134835214105
2022-03-13,134919480938
2022-03-14,133256129986
2022-03-15,135512658397
2022-03-16,136285835511
2022-03-17,140697916266
2022-03-18,140963795836
2022-03-19,145210298733
2022-03-20,145410182437
2022-03-21,143437981733
2022-03-22,147571599654
2022-03-23,149377675753
2022-03-24,150883958062
2022-03-25,152116313684
2022-03-26,151074181894
2022-03-27,152940985206
2022-03-28,156363359901
2022-03-29,157880399567
2022-03-30,160298382775
2022-03-31,161416392258
2022-04-01,157523759496
2022-04-02,161713083862
2022-04-03,161785900203
2022-04-04,162888907936
2022-04-05,162365699533
2022-04-06,158550851005
2022-04-07,152295654844
2022-04-08,154614712335
2022-04-09,151915695029
2022-04-10,153456041925
2022-04-11,151526115022
2022-04-12,144277479730
2022-04-13,146179111667
2022-04-14,148411167245
2022-04-15,146094034980
2022-04-16,147118609393
2022-04-17,147641786004
2022-04-18,145154744781
2022-04-19,148707268866
2022-04-20,149680714015
2022-04-21,149471278679
2022-04-22,146750251672
2022-04-23,146132514168
2022-04-24,145633456720
2022-04-25,144661288041
2022-04-26,147975539601
2022-04-27,142211804376
2022-04-28,144363491809
2022-04-29,144020860709
2022-04-30,140389762000
2022-05-01,135803954502
2022-05-02,138165262049
2022-05-03,138032334605
2022-05-04,137915994394
2022-05-05,142599904881
2022-05-06,136840500586
2022-05-07,135710965333
2022-05-08,130651109990
2022-05-09,125969219332
2022-05-10,109577065257
2022-05-11,107050238144
2022-05-12,89972145279
2022-05-13,78540941679
2022-05-14,79104517844
2022-05-15,79391643233
2022-05-16,81336196979
2022-05-17,78494826652
2022-05-18,80128029812
2022-05-19,76410100595
2022-05-20,78577818932
2022-05-21,76758788918
2022-05-22,77338562377
2022-05-23,79962444989
2022-05-24,79075547304
2022-05-25,79647856279
2022-05-26,79696901722
2022-05-27,76396744010
2022-05-28,75027172350
2022-05-29,76147998529
2022-05-30,76411323436
2022-05-31,80220833202
2022-06-01,79780797983
2022-06-02,76912007718
2022-06-03,77393586914
2022-06-04,75703683452
2022-06-05,75349266739
2022-06-06,75557780436
2022-06-07,75923139213
2022-06-08,75975662422
2022-06-09,75551348176
2022-06-10,74888028918
2022-06-11,72037851845
2022-06-12,69114539604
2022-06-13,66209146580
2022-06-14,57505219764
2022-06-15,55659155326
2022-06-16,55353427983
2022-06-17,51615107270
2022-06-18,52342936796
2022-06-19,49592623169
2022-06-20,51466921304
2022-06-21,52155413457
2022-06-22,52489054118
2022-06-23,51954684768
2022-06-24,53537532265
2022-06-25,54742494233
2022-06-26,54918631350
2022-06-27,54070256531
2022-06-28,53607227895
2022-06-29,52503057134
2022-06-30,51792285139
2022-07-01,51323560104
2022-07-02,51272467944
2022-07-03,52329218540
2022-07-04,52597993690
2022-07-05,54037810199
2022-07-06,54245148389
2022-07-07,55080847760
2022-07-08,55653096891
2022-07-09,55487398916
2022-07-10,55610672146
2022-07-11,54433954520
2022-07-12,52813340975
2022-07-13,51652614172
2022-07-14,52792004055
2022-07-15,53970100038
2022-07-16,54484360830
2022-07-17,55814830165
2022-07-18,55629878723
2022-07-19,58978176500
2022-07-20,59158116080
2022-07-21,58470814583
2022-07-22,59267100883
2022-07-23,59193015736
2022-07-24,59245842896
2022-07-25,59843263392
2022-07-26,57302987837
2022-07-27,57170958724
2022-07-28,60037112020
2022-07-29,61739917923
2022-07-30,61276823638
2022-07-31,61349283323
2022-08-01,61040535280
2022-08-02,60469609927
2022-08-03,59429371656
2022-08-04,60126109326
2022-08-05,60915226037
2022-08-06,62010318545
2022-08-07,61452720543
2022-08-08,62569377839
2022-08-09,62822622108
2022-08-10,61079870947
2022-08-11,63853941886
2022-08-12,63638240062
2022-08-13,64155241266
2022-08-14,64309259098
2022-08-15,63345138885
2022-08-16,62674985113
2022-08-17,62837154436
2022-08-18,61697809883
2022-08-19,60904165860
2022-08-20,57846242883
2022-08-21,57491048530
2022-08-22,58353263673
2022-08-23,58365235639
2022-08-24,58563543988
2022-08-25,58736455503
2022-08-26,59121353537
2022-08-27,56334029681
2022-08-28,56001203489
2022-08-29,54966113275
2022-08-30,56598818630
2022-08-31,56424841479
2022-09-01,56087249969
2022-09-02,56659054832
2022-09-03,56542826895
2022-09-04,56272263246
2022-09-05,56235565993
2022-09-06,56924220438
2022-09-07,54478340045
2022-09-08,55476061041
2022-09-09,55494793507
2022-09-10,56898120774
2022-09-11,57617189746
2022-09-12,56977683227
2022-09-13,56499647814
2022-09-14,53471412212
2022-09-15,52449281946
2022-09-16,51406612759
2022-09-17,51678640948
2022-09-18,52295632174
2022-09-19,50817066859
2022-09-20,51193786049
2022-09-21,51045200049
2022-09-22,49985899726
2022-09-23,51647991622
2022-09-24,51842693912
2022-09-25,51653605021
2022-09-26,51462270867
2022-09-27,52208732784
2022-09-28,52165342293
2022-09-29,52404290761
2022-09-30,52399661991
2022-10-01,52306092667
2022-10-02,52674861869
2022-10-03,52164482092
2022-10-04,52946363827
2022-10-05,53440629170
2022-10-06,53506864509
2022-10-07,53381984802
2022-10-08,52789505297
2022-10-09,52558463278
2022-10-10,52648315774
2022-10-11,51954982265
2022-10-12,51930327416
2022-10-13,51605531827
2022-10-14,51119612754
2022-10-15,51099583091
2022-10-16,50954865814
2022-10-17,51373800458
2022-10-18,51770382987
2022-10-19,51328684504
2022-10-20,50757271222
2022-10-21,50207181075
2022-10-22,50252207642
2022-10-23,50369912162
2022-10-24,51231378299
2022-10-25,50653016301
2022-10-26,52319998212
2022-10-27,53568434375
2022-10-28,52910510642
2022-10-29,53459637418
2022-10-30,54334632653
2022-10-31,53989870592
2022-11-01,53446517168
2022-11-02,53277076643
2022-11-03,52492855523
2022-11-04,52856853161
2022-11-05,54614725967
2022-11-06,54497046195
2022-11-07,53485971351
2022-11-08,53277379155
2022-11-09,48137099063
2022-11-10,42715144218
2022-11-11,44469421588
2022-11-12,43492895655
2022-11-13,42783307042
2022-11-14,41911737067
2022-11-15,42092134325
2022-11-16,42408644602
2022-11-17,41748092775
2022-11-18,41857833291
2022-11-19,41752922192
2022-11-20,41497878099
2022-11-21,40278948590
2022-11-22,40028777850
2022-11-23,40021935217
2022-11-24,40551131098
2022-11-25,40289930470
2022-11-26,40237966881
2022-11-27,40739811180
2022-11-28,40487480483
2022-11-29,39830787972
2022-11-30,40849137391
2022-12-01,41394163433
2022-12-02,41446162586
2022-12-03,40933424089
2022-12-04,40912642962
2022-12-05,41519825643
2022-12-06,40993016363
2022-12-07,41373320711
2022-12-08,41340059343
2022-12-09,41487259662
2022-12-10,41451768352
2022-12-11,41741330106
2022-12-12,41289753278
2022-12-13,41252856040
2022-12-14,41366496007
2022-12-15,41276512407
2022-12-16,40616093768
2022-12-17,38800314025
2022-12-18,39020145772
2022-12-19,39125420017
2022-12-20,38510818488
2022-12-21,39088699301
2022-12-22,39075224103
2022-12-23,39066236874
2022-12-24,39007248969
2022-12-25,39055265561
2022-12-26,38676416189
2022-12-27,38868145980
2022-12-28,38663478116
2022-12-29,38409233423
2022-12-30,38402011979
2022-12-31,38289881319
2023-01-01,37831439596
2023-01-02,38111957099
2023-01-03,38313815504
2023-01-04,38353400260
2023-01-05,38993164782
2023-01-06,38879208483
2023-01-07,38960472311
2023-01-08,39061541787
2023-01-09,39792618494
2023-01-10,40146304588
2023-01-11,40343217718
2023-01-12,41422866188
2023-01-13,41683766834
2023-01-14,43851387232
2023-01-15,43834137104
2023-01-16,44213400713
2023-01-17,44253182127
2023-01-18,44397853439
2023-01-19,43426582453
2023-01-20,44108731595
2023-01-21,46118825866
2023-01-22,45984004388
2023-01-23,46080668992
2023-01-24,46338768171
2023-01-25,45612954214
2023-01-26,46802460827
2023-01-27,46509656925
2023-01-28,46996400440
2023-01-29,46841807509
2023-01-30,47796346738
2023-01-31,46306222169
2023-02-01,46770690024
2023-02-02,48475662175
2023-02-03,48043255918
2023-02-04,48251051132
2023-02-05,48184498215
2023-02-06,47768624055
2023-02-07,47566036528
2023-02-08,48739430648
2023-02-09,48263030757
2023-02-10,46168278918
2023-02-11,45964269095
2023-02-12,46468497825
2023-02-13,46227964107
2023-02-14,45879186087
2023-02-15,46666464774
2023-02-16,49384136019
2023-02-17,48494051838
2023-02-18,49793120035
2023-02-19,50093800095
2023-02-20,49806981408
2023-02-21,50460957300
2023-02-22,49430873608
2023-02-23,49181638449
2023-02-24,49206666539
2023-02-25,48251163478
2023-02-26,47984827659
2023-02-27,48995991771
2023-02-28,49001013318
2023-03-01,48683308203
2023-03-02,49562576237
2023-03-03,49182503371
2023-03-04,47681630203
2023-03-05,47595153135
2023-03-06,47673380170
2023-03-07,47608607772
2023-03-08,47402172051
2023-03-09,46449111675
2023-03-10,44225311790
2023-03-11,43816987099
2023-03-12,42180516442
2023-03-13,45564691326
2023-03-14,46457778089
2023-03-15,46903969013
2023-03-16,45754428367
2023-03-17,45656969041
2023-03-18,48141724353
2023-03-19,47955046060
2023-03-20,48129795508
2023-03-21,48108890084
2023-03-22,48909580082
2023-03-23,48077135511
2023-03-24,49096245595
2023-03-25,48061730701
2023-03-26,47965422285
2023-03-27,48244073036
2023-03-28,47323186524
2023-03-29,47846427401
2023-03-30,48491090148
2023-03-31,48635223132
2023-04-01,48999251808
2023-04-02,48959057563
2023-04-03,48499472010
2023-04-04,48614229756
2023-04-05,49833211134
2023-04-06,49673900577
2023-04-07,49495019272
2023-04-08,49217903807
2023-04-09,49291354269
2023-04-10,49421791834
2023-04-11,50242565702
2023-04-12,50055505013
2023-04-13,50082406465
2023-04-14,52317037833
2023-04-15,52454585547
2023-04-16,52516122376
2023-04-17,52185033897
2023-04-18,51409192779
2023-04-19,52106491089
2023-04-20,49769879293
2023-04-21,49239574903
2023-04-22,47671440563
2023-04-23,47754649297
2023-04-24,47722225937
2023-04-25,47264297738
2023-04-26,47854648359
2023-04-27,48482207058
2023-04-28,48526871437
2023-04-29,48210777948
2023-04-30,48432869052
2023-05-01,48031307191
2023-05-02,46912477996
2023-05-03,47493719077
2023-05-04,48223890882
2023-05-05,48051912149
2023-05-06,49696363730
2023-05-07,48401950831
2023-05-08,47929031066
2023-05-09,46681280603
2023-05-10,46832295840
2023-05-11,46574494568
2023-05-12,45805579322
2023-05-13,45858001162
2023-05-14,45779456625
2023-05-15,45726041777
2023-05-16,46234659813
2023-05-17,46278991996
2023-05-18,46400690160
2023-05-19,46125465041
2023-05-20,46220060259
2023-05-21,46689900702
2023-05-22,46262282523
2023-05-23,46618865287
2023-05-24,47182256828
2023-05-25,45880458094
2023-05-26,45921358353
2023-05-27,46217497049
2023-05-28,46505510164
2023-05-29,47649064344
2023-05-30,47113062615
2023-05-31,47073284518
2023-06-01,45785805204
2023-06-02,45665568060
2023-06-03,46498670650
2023-06-04,46286121349
2023-06-05,46235452024
2023-06-06,44527449046
2023-06-07,45688761378
2023-06-08,44468657986
2023-06-09,44541021781
2023-06-10,43992261268
2023-06-11,42128260913
2023-06-12,42127477706
2023-06-13,41876778116
2023-06-14,42084137146
2023-06-15,40659054549
2023-06-16,40609186911
2023-06-17,41346480235
2023-06-18,41647979258
2023-06-19,41565978734
2023-06-20,41831843854
2023-06-21,43097494432
2023-06-22,44631040079
2023-06-23,44138480926
2023-06-24,44385959137
2023-06-25,44175556731
2023-06-26,44513299268
2023-06-27,44128208792
2023-06-28,44255745244
2023-06-29,43417309867
2023-06-30,43897372063
2023-07-01,45004258850
2023-07-02,44924334083
2023-07-03,45076279418
2023-07-04,45318873249
2023-07-05,45000262451
2023-07-06,44480074897
2023-07-07,43527175667
2023-07-08,43960644747
2023-07-09,44013742351
2023-07-10,43926015241
2023-07-11,44043819351
2023-07-12,44182525431
2023-07-13,43970923970
2023-07-14,45708923426
2023-07-15,44636745487
2023-07-16,44792484002
2023-07-17,44539763684
2023-07-18,44428052850
2023-07-19,44076993739
2023-07-20,43804192436
2023-07-21,43826478228
2023-07-22,43882387531
2023-07-23,43358652189
2023-07-24,43686995836
2023-07-25,42796192842
2023-07-26,42767240678
2023-07-27,42986761308
2023-07-28,42957110543
2023-07-29,43255840589
2023-07-30,43563968255
2023-07-31,41303296744
2023-08-01,40620702619
2023-08-02,40247502839
2023-08-03,39812429972
2023-08-04,40267197420
2023-08-05,40218643605
2023-08-06,40339935274
2023-08-07,40418260104
2023-08-08,40736927834
2023-08-09,41241356207
2023-08-10,41247189997
2023-08-11,41530249148
2023-08-12,41686233071
2023-08-13,41705874245
2023-08-14,41573635257
2023-08-15,41583306469
2023-08-16,41010520523
2023-08-17,40092999858
2023-08-18,38412069451
2023-08-19,38083361681
2023-08-20,38242748484
2023-08-21,38069544235
2023-08-22,37888643541
2023-08-23,37405301925
2023-08-24,38127632869
2023-08-25,37853631757
2023-08-26,37650746937
2023-08-27,37614201568
2023-08-28,37845028507
2023-08-29,37853490729
2023-08-30,39006683472
2023-08-31,38499106007
2023-09-01,37627496208
2023-09-02,37469643109
2023-09-03,37566867675
2023-09-04,37657143613
2023-09-05,37484416096
2023-09-06,37720435971
2023-09-07,37597718514
2023-09-08,37972011314
2023-09-09,37668006135
2023-09-10,37601959453
2023-09-11,37338986491
2023-09-12,36248317784
2023-09-13,36932758966
2023-09-14,37262824318
2023-09-15,37561210823
2023-09-16,38722800072
2023-09-17,38501803164
2023-09-18,38301379416
2023-09-19,38519035005
2023-09-20,38741227844
2023-09-21,38436192866
2023-09-22,37730644227
2023-09-23,37918766177
2023-09-24,37839388055
2023-09-25,37457491275
2023-09-26,37676136302
2023-09-27,37696078201
2023-09-28,37704588986
2023-09-29,38431179322
2023-09-30,38537808002
2023-10-01,38545192723
2023-10-02,39503862886
2023-10-03,38618628283
2023-10-04,38325517497
2023-10-05,38508146499
2023-10-06,38151469117
2023-10-07,38542915622
2023-10-08,38468395345
2023-10-09,38266682667
2023-10-10,37510853383
2023-10-11,36891026474
2023-10-12,36575226241
2023-10-13,36031795410
2023-10-14,36579939313
2023-10-15,36622922625
2023-10-16,36656320871
2023-10-17,37290412703
2023-10-18,36869279949
2023-10-19,36526042213
2023-10-20,36764416227
2023-10-21,37386590294
2023-10-22,38049468210
2023-10-23,38699810370
2023-10-24,40785614407
2023-10-25,40673144531
2023-10-26,41102095321
2023-10-27,41080868771
2023-10-28,40742061770
2023-10-29,41223292197
2023-10-30,41630698835
2023-10-31,42267125474
2023-11-01,41936725086
2023-11-02,42851418045
2023-11-03,42078903878
2023-11-04,42898224591
2023-11-05,43670124059
2023-11-06,43627310443
2023-11-07,43829674345
2023-11-08,43833238538
2023-11-09,44347493565
2023-11-10,46637600145
2023-11-11,46718381033
2023-11-12,46525873196
2023-11-13,46730938214
2023-11-14,45947387066
2023-11-15,45480592697
2023-11-16,47198530302
2023-11-17,45466590461
2023-11-18,45577289016
2023-11-19,45778576734
2023-11-20,46776372772
2023-11-21,46796020629
2023-11-22,44842258898
2023-11-23,46757165129
2023-11-24,46762595272
2023-11-25,47050672629
2023-11-26,46920869952
2023-11-27,46179260695
2023-11-28,45618298038
2023-11-29,46108446829
2023-11-30,45922472698
2023-12-01,46224861222
2023-12-02,46810850179
2023-12-03,48080692637
2023-12-04,48563157449
2023-12-05,49183022180
2023-12-06,50312083617
2023-12-07,49493740146
2023-12-08,50984192257
2023-12-09,51791129292
2023-12-10,51001498906
2023-12-11,50600525348
2023-12-12,49252379484
2023-12-13,48940481134
2023-12-14,50139479292
2023-12-15,51301163758
2023-12-16,49632368353
2023-12-17,49942989122
2023-12-18,49382330725
2023-12-19,50360916393
2023-12-20,49917556199
2023-12-21,50965738882
2023-12-22,51641524629
2023-12-23,52604583846
2023-12-24,52723614838
2023-12-25,52304139295
2023-12-26,52507694261
2023-12-27,52191508675
2023-12-28,54144100733
2023-12-29,53385955194
2023-12-30,52720047564
2023-12-31,52781974089
2024-01-01,52570886795
2024-01-02,54740837970
2024-01-03,54601441989
2024-01-04,52052377113
2024-01-05,53578915936
2024-01-06,53174689112
2024-01-07,52734854180
2024-01-08,52023865468
2024-01-09,54020926829
2024-01-10,54156253701
2024-01-11,57332770251
2024-01-12,57713220878
2024-01-13,55512786329
2024-01-14,56330538252
2024-01-15,55571914008
2024-01-16,55840540223
2024-01-17,56646171203
2024-01-18,55978887639
2024-01-19,54865185994
2024-01-20,55039397612
2024-01-21,55017581291
2024-01-22,54855298249
2024-01-23,52857985863
2024-01-24,52234814570
2024-01-25,52423915486
2024-01-26,52434063322
2024-01-27,53785744474
2024-01-28,54025592407
2024-01-29,53976752063
2024-01-30,55141272783
2024-01-31,54973650715
2024-02-01,53850148084
2024-02-02,54643566203
2024-02-03,54968869142
2024-02-04,54496303561
2024-02-05,54407507512
2024-02-06,55886757228
2024-02-07,57605771447
2024-02-08,58971797500
2024-02-09,60067489468
2024-02-10,61937898856
2024-02-11,62158023107
2024-02-12,62368453716
2024-02-13,64858883939
2024-02-14,64373589421
2024-02-15,67081708735
2024-02-16,67229460301
2024-02-17,66919553197
2024-02-18,66904526540
2024-02-19,68520882644
2024-02-20,69692982880
2024-02-21,70292646796
2024-02-22,69654093320
2024-02-23,69763367606
2024-02-24,68813238496
2024-02-25,70096731394
2024-02-26,71619078289
2024-02-27,73799126816
2024-02-28,75272847937
2024-02-29,78417979575
2024-03-01,78113720681
2024-03-02,80465983241
2024-03-03,80520821099
2024-03-04,82001303645
2024-03-05,84468918526
2024-03-06,82265204599
2024-03-07,87552172459
2024-03-08,88363975067
2024-03-09,89774512280
2024-03-10,90373375076
2024-03-11,90263510453
2024-03-12,94306273174
2024-03-13,92757257253
2024-03-14,94181718189
2024-03-15,92141580874
2024-03-16,89889886754
2024-03-17,85379135071
2024-03-18,88359549270
2024-03-19,86076062583
2024-03-20,79395792327
2024-03-21,87055150836
2024-03-22,86266802445
2024-03-23,83624220465
2024-03-24,84831103112
2024-03-25,87424897881
2024-03-26,90875440015
2024-03-27,91008518669
2024-03-28,89632712616
2024-03-29,91352416053
2024-03-30,90722145093
2024-03-31,90663427942
2024-04-01,92951846366
2024-04-02,90649234137
2024-04-03,86475611853
2024-04-04,87251250378
2024-04-05,87947228876
2024-04-06,87775036290
2024-04-07,88785469792
2024-04-08,90128192431
2024-04-09,95042629598
2024-04-10,91904110918
2024-04-11,92823224445
2024-04-12,93371435700
2024-04-13,85812000102
2024-04-14,79027218049
2024-04-15,83468272113
2024-04-16,83152368844
2024-04-17,82215232906
2024-04-18,80546661432
2024-04-19,82518302111
2024-04-20,83267758325
2024-04-21,85612279840
2024-04-22,85812139324
2024-04-23,87221339902
2024-04-24,87731241295
2024-04-25,85257904237
2024-04-26,85878350056
2024-04-27,85010015391
2024-04-28,87002347077
2024-04-29,87331506197
2024-04-30,85652999997
2024-05-01,81123467340
2024-05-02,81009162198
2024-05-03,82248267512
2024-05-04,85525397303
2024-05-05,86220786316
2024-05-06,86880798704
2024-05-07,85516721703
2024-05-08,84447467427
2024-05-09,82856689560
2024-05-10,84433072886
2024-05-11,82154804453
2024-05-12,82444622219
2024-05-13,82847672647
2024-05-14,82942498128
2024-05-15,81495365587
2024-05-16,85205130687
2024-05-17,84397153801
2024-05-18,87358093759
2024-05-19,87970876198
2024-05-20,87045871581
2024-05-21,96831500204
2024-05-22,98405890865
2024-05-23,98665707205
2024-05-24,97940066866
2024-05-25,97909395490
2024-05-26,98470775826
2024-05-27,100013662870
2024-05-28,100621121097
2024-05-29,99592260982
2024-05-30,98290427943
2024-05-31,98128567257
2024-06-01,98947194284
2024-06-02,99754634408
2024-06-03,99440294707
2024-06-04,99291008644
2024-06-05,100838507858
2024-06-06,102051718962
2024-06-07,101292439275
2024-06-08,98753989842
2024-06-09,98187105109
2024-06-10,98620473819
2024-06-11,97166737188
2024-06-12,94586067348
2024-06-13,96172544270
2024-06-14,94302900041
2024-06-15,93935333705
2024-06-16,95247154047
2024-06-17,96058431301
2024-06-18,93922439583
2024-06-19,92800613469
2024-06-20,93830792041
2024-06-21,92511934149
2024-06-22,92412585707
2024-06-23,92642814142
2024-06-24,90750752973
2024-06-25,88937452322
2024-06-26,90597228912
2024-06-27,89870141559
2024-06-28,90917293202
2024-06-29,89140154873
2024-06-30,89394923820
2024-07-01,91067262976
2024-07-02,91588251440
2024-07-03,90602120218
2024-07-04,88077284050
2024-07-05,83742211335
2024-07-06,82143397970
2024-07-07,83283990652
2024-07-08,80675397515
2024-07-09,82705556964
2024-07-10,83791929635
2024-07-11,84465182065
2024-07-12,84614298304
2024-07-13,85097056531
2024-07-14,86345612916
2024-07-15,88669744746
2024-07-16,91728862921
2024-07-17,92574227776
2024-07-18,91813624098
2024-07-19,91667486315
2024-07-20,94274468204
2024-07-21,94738552687
2024-07-22,95234008575
2024-07-23,94328436627
2024-07-24,94158097538
2024-07-25,91281121041
2024-07-26,89731143614
2024-07-27,92216636632
2024-07-28,92479442172
2024-07-29,92638394318
2024-07-30,93379331094
2024-07-31,91965470525
2024-08-01,90331394467
2024-08-02,89347646298
2024-08-03,85084076349
2024-08-04,82817999316
2024-08-05,77038055109
2024-08-06,72850759178
2024-08-07,75230106835
2024-08-08,72967363833
2024-08-09,78708143523
2024-08-10,78952978030
2024-08-11,79340124637
2024-08-12,77309222710
2024-08-13,79043988423
2024-08-14,80561657774
2024-08-15,78737499754
2024-08-16,77788451493
2024-08-17,78740132792
2024-08-18,79001159653
2024-08-19,79625653096
2024-08-20,79606803506
2024-08-21,79407144970
2024-08-22,80949270614
2024-08-23,80663693393
2024-08-24,84718555276
2024-08-25,84394951798
2024-08-26,84824435278
2024-08-27,82770171157
2024-08-28,77944448083
2024-08-29,78406261191
2024-08-30,78436389136
2024-08-31,78284021711
2024-09-01,78067674414
2024-09-02,76380211776
2024-09-03,78472045736
2024-09-04,76474271781
2024-09-05,77240202358
2024-09-06,75653883285
2024-09-07,72193884474
2024-09-08,73474633921
2024-09-09,74382755145
2024-09-10,76453954601
2024-09-11,76950955832
2024-09-12,76425276776
2024-09-13,77151690426
2024-09-14,79667179051
2024-09-15,78964671749
2024-09-16,77544139308
2024-09-17,75771879892
2024-09-18,77454105184
2024-09-19,77463866774
2024-09-20,80349571192
2024-09-21,82350232587
2024-09-22,82955051202
2024-09-23,82292907036
2024-09-24,84126591628
2024-09-25,84783912736
2024-09-26,83239750258
2024-09-27,85328341456
2024-09-28,86457347497
2024-09-29,85912658876
2024-09-30,85955724995
2024-10-01,84227723495
2024-10-02,80970118301
2024-10-03,78646696047
2024-10-04,78384068214
2024-10-05,80347177894
2024-10-06,80045086689
2024-10-07,79588732566
2024-10-08,80092835006
2024-10-09,79274840955
2024-10-10,77694521221
2024-10-11,77557436096
2024-10-12,80259984401
2024-10-13,81312280615
2024-10-14,81043181408
2024-10-15,84575085400
2024-10-16,83606239340
2024-10-17,83549392254
2024-10-18,82336394591
2024-10-19,83110477061
2024-10-20,83167450749
2024-10-21,85219914010
2024-10-22,85335979746
2024-10-23,85331773423
2024-10-24,83317948526
2024-10-25,84681112234
2024-10-26,82380985591
2024-10-27,82690772991
2024-10-28,82776314522
2024-10-29,84235458190
2024-10-30,86203832912
2024-10-31,86658128502
2024-11-01,83635385912
2024-11-02,83518811120
2024-11-03,83051405209
2024-11-04,82377336866
2024-11-05,80570054603
2024-11-06,82311636292
2024-11-07,89429235326
2024-11-08,92166499506
2024-11-09,93523983556
2024-11-10,96597689864
2024-11-11,99137731620
2024-11-12,103745957257
2024-11-13,103239112080
2024-11-14,101835335140
2024-11-15,99358124053
2024-11-16,101503057799
2024-11-17,102473105526
2024-11-18,101971331163
2024-11-19,104507732394
2024-11-20,103232038677
2024-11-21,102924119600
2024-11-22,109657625949
2024-11-23,110120181544
2024-11-24,111855790597
2024-11-25,111424902332
2024-11-26,109930670875
2024-11-27,108449317835
2024-11-28,116853473801
2024-11-29,115661957716
2024-11-30,117363422127
2024-12-01,119671978478
2024-12-02,120126610119
2024-12-03,118537787112
2024-12-04,126683633215
2024-12-05,125358201702
2024-12-06,124307933699
2024-12-07,129558622546
2024-12-08,129790595170
2024-12-09,129664397280
2024-12-10,120033930108
2024-12-11,120013094693
2024-12-12,126616298127
2024-12-13,127843552973
2024-12-14,128874960838
2024-12-15,127930968403
2024-12-16,130843560548
2024-12-17,133054922111
2024-12-18,130294728883
2024-12-19,123597470336
2024-12-20,117658829630
2024-12-21,117932440775
2024-12-22,114601520974
2024-12-23,113819824747
2024-12-24,117512242177
2024-12-25,120615169031
2024-12-26,120604763066
2024-12-27,116314362016
2024-12-28,115933747653
2024-12-29,118234779618
2024-12-30,116664570702
2024-12-31,115900396594
2025-01-01,115433180587
2025-01-02,117151232521
2025-01-03,119934577170
2025-01-04,124137492446
2025-01-05,125390513595
2025-01-06,125074119825
2025-01-07,126705028891
2025-01-08,118491106809
2025-01-09,116674334914
2025-01-10,113611615173
2025-01-11,115876941751
2025-01-12,116421841155
2025-01-13,115284156473
2025-01-14,112832996310
2025-01-15,116028215160
2025-01-16,122171437234
2025-01-17,119897284990
2025-01-18,124903754141
2025-01-19,121884529762
2025-01-20,119133963183
2025-01-21,120065659072
2025-01-22,122847893161
2025-01-23,121613650519
2025-01-24,122641143369
2025-01-25,122324367236
2025-01-26,123202176741
2025-01-27,121015168430
2025-01-28,117755785880
2025-01-29,115474573208
2025-01-30,117565773142
2025-01-31,120770548520
2025-02-01,119699752961
2025-02-02,115180832556
2025-02-03,106854399609
2025-02-04,109698236161
2025-02-05,105980362917
2025-02-06,106742776935
2025-02-07,106414877238
2025-02-08,105966339174
2025-02-09,106744398309
2025-02-10,106779485490
2025-02-11,108317242415
2025-02-12,107009687313
2025-02-13,110758738918
2025-02-14,109299205682
2025-02-15,110285079887
2025-02-16,109829597543
2025-02-17,108928789446
2025-02-18,108758639449
2025-02-19,107055349044
2025-02-20,108944617693
2025-02-21,110282272317
2025-02-22,106904170626
2025-02-23,108973673958
2025-02-24,110271151206
2025-02-25,102457180904
2025-02-26,100646557435
2025-02-27,95999706379
2025-02-28,95767682799
2025-03-01,96078545762
2025-03-02,96459360507
2025-03-03,104683076037
2025-03-04,94620245363
2025-03-05,95130633816
2025-03-06,98149468150
2025-03-07,95859112557
2025-03-08,95272201599
2025-03-09,95867263634
2025-03-10,90237903538
2025-03-11,86383670493
2025-03-12,88956924024
2025-03-13,89340213827
2025-03-14,88646764713
2025-03-15,90882500096
2025-03-16,92095275925
2025-03-17,90351131564
2025-03-18,91739587858
2025-03-19,91730200670
2025-03-20,94482074599
2025-03-21,92061217413
2025-03-22,91947033577
2025-03-23,92597703457
2025-03-24,94254965144
2025-03-25,97524218037
2025-03-26,98386626836
2025-03-27,97061071204
2025-03-28,96698887587
2025-03-29,92853340474
2025-03-30,90670604700
2025-03-31,89441218942
2025-04-01,91530656571
2025-04-02,93248891472
2025-04-03,90501325452
2025-04-04,91257346871
2025-04-05,91776834673
2025-04-06,91397302989
2025-04-07,84605136209
2025-04-08,84196861570
2025-04-09,81911621881
2025-04-10,87644171546
2025-04-11,84127911791
2025-04-12,85787641601
2025-04-13,87993067002
2025-04-14,87137881588
2025-04-15,87208468282
2025-04-16,86800762009
2025-04-17,85908361938
2025-04-18,86145378933
2025-04-19,85690291463
2025-04-20,86985725331
2025-04-21,86628536341
2025-04-22,85996755505
2025-04-23,91521676360
2025-04-24,92787720110
2025-04-25,93722766656
2025-04-26,95897114811
2025-04-27,96960865868
2025-04-28,96244435896
2025-04-29,96795417192
2025-04-30,96085456092
2025-05-01,95961007788
2025-05-02,97882047386
2025-05-03,98454516845
2025-05-04,97879452446
2025-05-05,96905009872
2025-05-06,96485754127
2025-05-07,96501106640
2025-05-08,95573496286
2025-05-09,105369673001
2025-05-10,108358390861
2025-05-11,114422176361
2025-05-12,113021977885
2025-05-13,111152755197
2025-05-14,115473162063
2025-05-15,112702710707
2025-05-16,110622049165
2025-05-17,110682506596
2025-05-18,109541742021
2025-05-19,110358751143
2025-05-20,111484673425
2025-05-21,112234522608
2025-05-22,114216828167
2025-05-23,116456915578
2025-05-24,111882498615
2025-05-25,112063229812
2025-05-26,113235627345
2025-05-27,114020456553
2025-05-28,115902125981
2025-05-29,115565262943
2025-05-30,112982034263
2025-05-31,109942913227
2025-06-01,110137253265
2025-06-02,110837163204
2025-06-03,110341309942
2025-06-04,109745622809
2025-06-05,109762240206
2025-06-06,104859003777
2025-06-07,107186218672
2025-06-08,108849471314
2025-06-09,108738464167
2025-06-10,112994109030
2025-06-11,116245336345
2025-06-12,115456610368
2025-06-13,109776669534
2025-06-14,109799780123
2025-06-15,108802305635
2025-06-16,109138593907
2025-06-17,111391570433
2025-06-18,109691040764
2025-06-19,110089858936
2025-06-20,110099657747
2025-06-21,106678712698
2025-06-22,103437956711
2025-06-23,100929843981
2025-06-24,106929578069
2025-06-25,108584604160
2025-06-26,108417734503
2025-06-27,107120250898
2025-06-28,107564738313
2025-06-29,109164630434
2025-06-30,110760566232
2025-07-01,110347959136
2025-07-02,108168556840
2025-07-03,111958203190
2025-07-04,113495723907
2025-07-05,111253238164
2025-07-06,111813416349
2025-07-07,113251128595
2025-07-08,112194908705
2025-07-09,114120659998
2025-07-10,118025119349
2025-07-11,122807400136
2025-07-12,123264450950
2025-07-13,122998739126
2025-07-14,124370799390
2025-07-15,124814246918
2025-07-16,126465561144
2025-07-17,130057705214
2025-07-18,132171851668
2025-07-19,133639440247
2025-07-20,134621007256
2025-07-21,138376206084
2025-07-22,138333404815
2025-07-23,139802935856
2025-07-24,136377941166
2025-07-25,135869850367
2025-07-26,137793965777
2025-07-27,138595819071
2025-07-28,142318809092
2025-07-29,139287791640
2025-07-30,138915361769
2025-07-31,138708664952
2025-08-01,135731076582
2025-08-02,130683510578
2025-08-03,128369108980
2025-08-04,131890023787
2025-08-05,136369926447
2025-08-06,135120085546
2025-08-07,137263569925
2025-08-08,143472345855
2025-08-09,144576765301
2025-08-10,149177905607
2025-08-11,148848973985
2025-08-12,147676083840
2025-08-13,154592622570
2025-08-14,157814427186
2025-08-15,153088114177
2025-08-16,150310931664
2025-08-17,150453652643
2025-08-18,150808182023
2025-08-19,148101851687
2025-08-20,142755429867
2025-08-21,148032107021
2025-08-22,146772922080
2025-08-23,158153730414
2025-08-24,159340914869
2025-08-25,156440743025
2025-08-26,149606446880
2025-08-27,154055452495
2025-08-28,153626814854
2025-08-29,154866134011
2025-08-30,150832348606
2025-08-31,151104955299
2025-09-01,150706957302
2025-09-02,148622543147
2025-09-03,149785039160
2025-09-04,153248438666
2025-09-05,150218933472
2025-09-06,150742439274
2025-09-07,149839178782
2025-09-08,151402746889
2025-09-09,152262632731
2025-09-10,152269141707
2025-09-11,154264972790
2025-09-12,156847431556
2025-09-13,162159369226
2025-09-14,161490487897
2025-09-15,159615824723
2025-09-16,158031744129
2025-09-17,157981726652
2025-09-18,160568151700
2025-09-19,161382254427
2025-09-20,158713970357
2025-09-21,160267082018
2025-09-22,158353991345
2025-09-23,152654084391
2025-09-24,150603551302
2025-09-25,150815305692
2025-09-26,145624554149
2025-09-27,148925415653
2025-09-28,150169335195
2025-09-29,154086352197
2025-09-30,155991392801
2025-10-01,155310680674
2025-10-02,161309738992
2025-10-03,164625956484
2025-10-04,166096243795
2025-10-05,165735369717
2025-10-06,166706418099
2025-10-07,171048667425
2025-10-08,167175670088
2025-10-09,168951667622
2025-10-10,164736667796
2025-10-11,147651191388
2025-10-12,145659396148
2025-10-13,155729508148
2025-10-14,158904628610
2025-10-15,155939406865
2025-10-16,150914200181
2025-10-17,148055389975
2025-10-18,145521037305
2025-10-19,148460960829
2025-10-20,148911919004
2025-10-21,150991028010
2025-10-22,147580095842
2025-10-23,144907738900
2025-10-24,146957280385
2025-10-25,149191930919
2025-10-26,149537851410
2025-10-27,154830543706
2025-10-28,154062060771
2025-10-29,151002292959
2025-10-30,149877108446
2025-10-31,146842127010
2025-11-01,147165508876
2025-11-02,147213757245
2025-11-03,147430152264
2025-11-04,139049641512
2025-11-05,128947958954
2025-11-06,130098309347
2025-11-07,127428641657
2025-11-08,130062747492
2025-11-09,128964951210
2025-11-10,133153706412
2025-11-11,133345136133
2025-11-12,129493738665
2025-11-13,129048952368
2025-11-14,126200357785
2025-11-15,123709349107
2025-11-16,123849713171
2025-11-17,121006210463
2025-11-18,118620644633
2025-11-19,121571594153
2025-11-20,119245895590
2025-11-21,115250987504
2025-11-22,111574514224
2025-11-23,110120516169
2025-11-24,111842431116
2025-11-25,115601529888
2025-11-26,115725796025
2025-11-27,118121329251
2025-11-28,117774247861
2025-11-29,117679627404
2025-11-30,116398218905
2025-12-01,115361229487
2025-12-02,111106768768
2025-12-03,116095928458
2025-12-04,120603031589
2025-12-05,119046738838
2025-12-06,116846790224
2025-12-07,116806829362
2025-12-08,117237332151
2025-12-09,117901144628
2025-12-10,121417614177
2025-12-11,120631718563
2025-12-12,120229972628
2025-12-13,118321363754
2025-12-14,119172735520
2025-12-15,118805122945
2025-12-16,115659308980
2025-12-17,116625304053
2025-12-18,113762273708
2025-12-19,113210750081
2025-12-20,116325723931
2025-12-21,116790306510
2025-12-22,117599470628
2025-12-23,117176759248
2025-12-24,114892379168
2025-12-25,115146587559
2025-12-26,114422096327
2025-12-27,114473872725
2025-12-28,115092392014
2025-12-29,115535996949
2025-12-30,113658043927
2025-12-31,113496049926
2026-01-01,114542200984
2026-01-02,117007100076
2026-01-03,119289306472
2026-01-04,120668440321
2026-01-05,121457892601
2026-01-06,123967965307
2026-01-07,124699444224
2026-01-08,121481070518
2026-01-09,119666808658
2026-01-10,118798975708
2026-01-11,119843646071
2026-01-12,120658389634
2026-01-13,119249511868
2026-01-14,125910489681
2026-01-15,127738492067
2026-01-16,126701889468
2026-01-17,126881241401
2026-01-18,127798720068
2026-01-19,125154204677
2026-01-20,124592462127
2026-01-21,117603902269
2026-01-22,118743530939
2026-01-23,118125287126
2026-01-24,117989904796
2026-01-25,118599141411
2026-01-26,114861822727
2026-01-27,117698264454
2026-01-28,119682366490
2026-01-29,119848795224
2026-01-30,114742412661
2026-01-31,112636757707
2026-02-01,106308073541
2026-02-02,102538289215
2026-02-03,103923454358
2026-02-04,102271643370
2026-02-05,99595151575
2026-02-06,89497396682
2026-02-07,95547025939
2026-02-08,96857676833
2026-02-09,97532090668
2026-02-10,97267452386
2026-02-11,95457033547
2026-02-12,94201795262
2026-02-13,93806713593
2026-02-14,96006335994
2026-02-15,96757067746
2026-02-16,94816112811
2026-02-17,95085924339
2026-02-18,94745994241
2026-02-19,92075001535
2026-02-20,92356171525
2026-02-21,92384254557
2026-02-22,92693231723
2026-02-23,91810377239
2026-02-24,88925026926
2026-02-25,88662485928
2026-02-26,93352744317
2026-02-27,92795422656
2026-02-28,90751803719
2026-03-01,91447336470
2026-03-02,90517751814
2026-03-03,92885583065
2026-03-04,91507550971
2026-03-05,95590867461
2026-03-06,95019266213
2026-03-07,92681287653
2026-03-08,92676748620
2026-03-09,92035135409
2026-03-10,93963076919
2026-03-11,94153673033
2026-03-12,93648113884
2026-03-13,95037444128
2026-03-14,94643511059
2026-03-15,95355892142
2026-03-16,97148705737
2026-03-17,99845589388
2026-03-18,99367692687
2026-03-19,96018178503
2026-03-20,94214992013
2026-03-21,95587200490
2026-03-22,94728351234
2026-03-23,92317425476
2026-03-24,94768031250
2026-03-25,95002767319
2026-03-26,95813491913
2026-03-27,93186256188
2026-03-28,91541956880
2026-03-29,91803833121
2026-03-30,91830231706
2026-03-31,91901227975
2026-04-01,94134710580
2026-04-02,93366124880
2026-04-03,91739374362
2026-04-04,91338200664
2026-04-05,91827344257
2026-04-06,93198088359
2026-04-07,91467297329
2026-04-08,94779608613
2026-04-09,93942531337
2026-04-10,94585969689
2026-04-11,95796338957
2026-04-12,96583471513
2026-04-13,94111876932
2026-04-14,98119965737
2026-04-15,97556756348
2026-04-16,97980994758
2026-04-17,98112214936
2026-04-18,99322393399
2026-04-19,92728841575
2026-04-20,85927464861
2026-04-21,85388617081
2026-04-22,84921097651
2026-04-23,85715840568
2026-04-24,84330679938
2026-04-25,83374445438
2026-04-26,83863066548
2026-04-27,85062743719
2026-04-28,83529123463
2026-04-29,82997877402
2026-04-30,83093042895
2026-05-01,83266714885
2026-05-02,83768928423
2026-05-03,84106481158
2026-05-04,84367726849
2026-05-05,84467547520
2026-05-06,85099170521
2026-05-07,85030158050
2026-05-08,84313085574
2026-05-09,84593680222
2026-05-10,84828773189
2026-05-11,85894684573
2026-05-12,85415996712
2026-05-13,84777902766
2026-05-14,84130216719
2026-05-15,85101339566
2026-05-16,83782704608
2026-05-17,82825860040
2026-05-18,81956855719
2026-05-19,81583077824
2026-05-20,80908183896
2026-05-21,81548448610
2026-05-22,81944467147
2026-05-23,80573154196
2026-05-24,81791694047
2026-05-25,81578940759
2026-05-26,82041248757
2026-05-27,80767947641
2026-05-28,80378330676
2026-05-29,80084165607
2026-05-30,79613269674
2026-05-31,80719598965
