Date,XLC
2018-06-19,46.32431411743164
2018-06-20,46.89919662475586
2018-06-21,46.61174011230469
2018-06-22,46.81574630737305
2018-06-25,45.85142135620117
2018-06-26,45.92746353149414
2018-06-27,45.52690124511719
2018-06-28,45.981239318847656
2018-06-29,45.92560958862305
2018-07-02,46.213043212890625
2018-07-03,45.647422790527344
2018-07-05,46.34284973144531
2018-07-06,47.07537078857422
2018-07-09,47.34427261352539
2018-07-10,47.32478332519531
2018-07-11,47.26080322265625
2018-07-12,48.00259017944336
2018-07-13,47.92840576171875
2018-07-16,47.78933334350586
2018-07-17,47.79859924316406
2018-07-18,47.659515380859375
2018-07-19,47.32573318481445
2018-07-20,47.168087005615234
2018-07-23,47.3628044128418
2018-07-24,47.69660949707031
2018-07-25,48.03968048095703
2018-07-26,46.22787857055664
2018-07-27,45.35071563720703
2018-07-30,44.63675308227539
2018-07-31,44.9334602355957
2018-08-01,44.74801254272461
2018-08-02,45.04473114013672
2018-08-03,45.35071563720703
2018-08-06,45.8050537109375
2018-08-07,45.86069107055664
2018-08-08,45.82360076904297
2018-08-09,46.0739631652832
2018-08-10,45.68450927734375
2018-08-13,45.61961364746094
2018-08-14,45.944149017333984
2018-08-15,45.30434036254883
2018-08-16,45.28580856323242
2018-08-17,45.07256317138672
2018-08-20,45.146728515625
2018-08-21,45.424888610839844
2018-08-22,45.3692512512207
2018-08-23,45.1838264465332
2018-08-24,45.84214782714844
2018-08-27,46.28721618652344
2018-08-28,46.08322525024414
2018-08-29,46.34284973144531
2018-08-30,46.05541229248047
2018-08-31,45.60107421875
2018-09-04,45.03546905517578
2018-09-05,44.45130920410156
2018-09-06,44.11751174926758
2018-09-07,44.210235595703125
2018-09-10,44.30295944213867
2018-09-11,44.74801254272461
2018-09-12,44.61820983886719
2018-09-13,44.9334602355957
2018-09-14,44.85000991821289
2018-09-17,44.41423034667969
2018-09-18,44.72947692871094
2018-09-19,44.85000991821289
2018-09-20,45.341434478759766
2018-09-21,45.138755798339844
2018-09-24,45.138755798339844
2018-09-25,45.1573600769043
2018-09-26,45.33401107788086
2018-09-27,45.7244987487793
2018-09-28,45.55714797973633
2018-10-01,45.3712043762207
2018-10-02,45.33401107788086
2018-10-03,45.53853988647461
2018-10-04,44.887733459472656
2018-10-05,44.46004867553711
2018-10-08,44.31128692626953
2018-10-09,44.28340148925781
2018-10-10,42.535499572753906
2018-10-11,42.17290496826172
2018-10-12,43.111934661865234
2018-10-15,42.94458770751953
2018-10-16,44.07886505126953
2018-10-17,44.25551986694336
2018-10-18,43.44664001464844
2018-10-19,43.43734359741211
2018-10-22,43.40945053100586
2018-10-23,43.31648254394531
2018-10-24,41.25245666503906
2018-10-25,42.61916732788086
2018-10-26,41.4662971496582
2018-10-29,40.82477569580078
2018-10-30,41.940460205078125
2018-10-31,42.805118560791016
2018-11-01,43.05614471435547
2018-11-02,42.61916732788086
2018-11-05,42.44252014160156
2018-11-06,42.693546295166016
2018-11-07,43.47454071044922
2018-11-08,43.0654411315918
2018-11-09,42.18219757080078
2018-11-12,41.54997253417969
2018-11-13,41.41980743408203
2018-11-14,41.62436294555664
2018-11-15,41.93116760253906
2018-11-16,41.726627349853516
2018-11-19,40.46218490600586
2018-11-20,39.93223571777344
2018-11-21,40.406394958496094
2018-11-23,39.87645721435547
2018-11-26,40.7875862121582
2018-11-27,40.91774368286133
2018-11-28,41.77312088012695
2018-11-29,41.912593841552734
2018-11-30,41.847496032714844
2018-12-03,41.912593841552734
2018-12-04,40.6760139465332
2018-12-06,41.131587982177734
2018-12-07,40.35061264038086
2018-12-10,40.657432556152344
2018-12-11,40.69461441040039
2018-12-12,41.131587982177734
2018-12-13,40.945648193359375
2018-12-14,40.545860290527344
2018-12-17,39.75558853149414
2018-12-18,39.93223571777344
2018-12-19,39.076866149902344
2018-12-20,38.388877868652344
2018-12-21,37.13337707519531
2018-12-24,36.34984588623047
2018-12-26,38.39259719848633
2018-12-27,38.56982421875
2018-12-28,38.44856262207031
2018-12-31,38.504539489746094
2019-01-02,39.01755142211914
2019-01-03,38.364627838134766
2019-01-04,40.01560592651367
2019-01-07,40.472660064697266
2019-01-08,41.15358352661133
2019-01-09,41.20955276489258
2019-01-10,41.293495178222656
2019-01-11,41.088287353515625
2019-01-14,40.93904113769531
2019-01-15,41.619956970214844
2019-01-16,41.44273376464844
2019-01-17,41.610633850097656
2019-01-18,41.946441650390625
2019-01-22,41.07896423339844
2019-01-23,40.89240646362305
2019-01-24,41.07896423339844
2019-01-25,41.6013069152832
2019-01-28,41.23753356933594
2019-01-29,40.75249099731445
2019-01-30,41.34013748168945
2019-01-31,43.0284423828125
2019-02-01,42.87920379638672
2019-02-04,43.28028869628906
2019-02-05,43.75600814819336
2019-02-06,42.77659606933594
2019-02-07,42.36616897583008
2019-02-08,42.655338287353516
2019-02-11,42.216949462890625
2019-02-12,42.70197677612305
2019-02-13,42.72996139526367
2019-02-14,42.888526916503906
2019-02-15,43.075077056884766
2019-02-19,43.1217155456543
2019-02-20,42.972476959228516
2019-02-21,42.57137680053711
2019-02-22,42.972476959228516
2019-02-25,43.019107818603516
2019-02-26,43.019107818603516
2019-02-27,42.804569244384766
2019-02-28,42.83255386352539
2019-03-01,43.16835403442383
2019-03-04,43.22431945800781
2019-03-05,43.494815826416016
2019-03-06,43.47616195678711
2019-03-07,43.09373092651367
2019-03-08,43.06575393676758
2019-03-11,43.8399543762207
2019-03-12,44.035831451416016
2019-03-13,44.166404724121094
2019-03-14,43.97053527832031
2019-03-15,43.93596649169922
2019-03-18,43.56219482421875
2019-03-19,43.63694763183594
2019-03-20,44.029396057128906
2019-03-21,44.608741760253906
2019-03-22,43.88924789428711
2019-03-25,43.81449508666992
2019-03-26,44.029396057128906
2019-03-27,43.71170425415039
2019-03-28,43.60891342163086
2019-03-29,43.702369689941406
2019-04-01,44.365787506103516
2019-04-02,44.599403381347656
2019-04-03,44.76759338378906
2019-04-04,45.01987838745117
2019-04-05,45.150691986083984
2019-04-08,45.06660079956055
2019-04-09,45.188072204589844
2019-04-10,45.384300231933594
2019-04-11,45.412322998046875
2019-04-12,45.80478286743164
2019-04-15,45.76739501953125
2019-04-16,45.81412124633789
2019-04-17,45.898223876953125
2019-04-18,45.9262580871582
2019-04-22,46.13181686401367
2019-04-23,46.748538970947266
2019-04-24,46.53361892700195
2019-04-25,47.05689239501953
2019-04-26,47.4306526184082
2019-04-29,47.86048889160156
2019-04-30,46.7859001159668
2019-05-01,46.54296875
2019-05-02,46.356082916259766
2019-05-03,46.80459213256836
2019-05-06,46.72984313964844
2019-05-07,45.97297668457031
2019-05-08,45.898223876953125
2019-05-09,45.758060455322266
2019-05-10,45.888885498046875
2019-05-13,44.46857452392578
2019-05-14,44.720863342285156
2019-05-15,45.72067642211914
2019-05-16,46.12248611450195
2019-05-17,45.78609085083008
2019-05-20,45.02921676635742
2019-05-21,45.52445602416992
2019-05-22,45.47773742675781
2019-05-23,44.84233474731445
2019-05-24,44.8329963684082
2019-05-28,45.02921676635742
2019-05-29,44.59004211425781
2019-05-30,44.69283676147461
2019-05-31,44.00136184692383
2019-06-03,42.61844253540039
2019-06-04,43.53416442871094
2019-06-05,43.5528450012207
2019-06-06,43.739749908447266
2019-06-07,44.44987869262695
2019-06-10,44.412506103515625
2019-06-11,44.599403381347656
2019-06-12,44.384483337402344
2019-06-13,44.879722595214844
2019-06-14,44.96381378173828
2019-06-17,45.47773742675781
2019-06-18,45.73002624511719
2019-06-19,45.78609085083008
2019-06-20,46.07575988769531
2019-06-21,46.27058029174805
2019-06-24,46.38296890258789
2019-06-25,45.5212516784668
2019-06-26,45.34329605102539
2019-06-27,45.66175842285156
2019-06-28,46.101993560791016
2019-07-01,46.47663879394531
2019-07-02,46.90751266479492
2019-07-03,47.15103530883789
2019-07-05,47.21659851074219
2019-07-08,46.79511260986328
2019-07-09,47.08547592163086
2019-07-10,47.61936569213867
2019-07-11,47.6474609375
2019-07-12,47.9940185546875
2019-07-15,48.003387451171875
2019-07-16,47.8909912109375
2019-07-17,47.44139099121094
2019-07-18,47.057369232177734
2019-07-19,46.448543548583984
2019-07-22,46.626502990722656
2019-07-23,46.804466247558594
2019-07-24,47.21659851074219
2019-07-25,47.0948371887207
2019-07-26,48.443603515625
2019-07-29,48.1719856262207
2019-07-30,47.94718551635742
2019-07-31,47.56315994262695
2019-08-01,47.33837127685547
2019-08-02,46.87940979003906
2019-08-05,45.362030029296875
2019-08-06,46.0176887512207
2019-08-07,46.07387924194336
2019-08-08,47.00117111206055
2019-08-09,46.47663879394531
2019-08-12,45.9802131652832
2019-08-13,46.65460968017578
2019-08-14,44.99673843383789
2019-08-15,45.07167053222656
2019-08-16,45.65238952636719
2019-08-19,46.36424255371094
2019-08-20,46.055145263671875
2019-08-21,46.23312759399414
2019-08-22,46.13009262084961
2019-08-23,44.86561965942383
2019-08-26,45.53999328613281
2019-08-27,45.62430191040039
2019-08-28,45.736690521240234
2019-08-29,46.448543548583984
2019-08-30,46.39235305786133
2019-09-03,45.93339157104492
2019-09-04,46.823204040527344
2019-09-05,47.61936569213867
2019-09-06,47.516334533691406
2019-09-09,47.666194915771484
2019-09-10,47.73176574707031
2019-09-11,47.98465347290039
2019-09-12,48.12514877319336
2019-09-13,48.040855407714844
2019-09-16,47.862884521484375
2019-09-17,47.90972137451172
2019-09-18,47.853519439697266
2019-09-19,47.900352478027344
2019-09-20,47.58960723876953
2019-09-23,47.42061996459961
2019-09-24,46.70709991455078
2019-09-25,47.24224090576172
2019-09-26,46.782203674316406
2019-09-27,46.25645065307617
2019-09-30,46.49116516113281
2019-10-01,46.021759033203125
2019-10-02,45.32701110839844
2019-10-03,45.76826477050781
2019-10-04,46.38789749145508
2019-10-07,46.38789749145508
2019-10-08,45.63683319091797
2019-10-09,45.909088134765625
2019-10-10,46.17195129394531
2019-10-11,46.71648025512695
2019-10-14,46.613224029541016
2019-10-15,47.411224365234375
2019-10-16,47.4957160949707
2019-10-17,47.77735900878906
2019-10-18,47.22344970703125
2019-10-21,47.50510787963867
2019-10-22,47.04507827758789
2019-10-23,47.411224365234375
2019-10-24,46.876094818115234
2019-10-25,47.24224090576172
2019-10-28,47.68348693847656
2019-10-29,47.25163269042969
2019-10-30,47.38307189941406
2019-10-31,47.52389144897461
2019-11-01,47.83369827270508
2019-11-04,48.09657287597656
2019-11-05,48.115352630615234
2019-11-06,47.94635772705078
2019-11-07,48.24678421020508
2019-11-08,48.37822723388672
2019-11-11,48.15290069580078
2019-11-12,48.209228515625
2019-11-13,48.19045639038086
2019-11-14,48.40639877319336
2019-11-15,48.810081481933594
2019-11-18,48.979087829589844
2019-11-19,49.00724411010742
2019-11-20,48.70682907104492
2019-11-21,48.838253021240234
2019-11-22,48.85704040527344
2019-11-25,49.00724411010742
2019-11-26,49.1668586730957
2019-11-27,49.51420974731445
2019-11-29,49.3452262878418
2019-12-02,48.87580490112305
2019-12-03,48.781925201416016
2019-12-04,49.035404205322266
2019-12-05,49.24195861816406
2019-12-06,49.532989501953125
2019-12-09,49.3452262878418
2019-12-10,49.176239013671875
2019-12-11,49.401554107666016
2019-12-12,49.457889556884766
2019-12-13,49.3452262878418
2019-12-16,49.83342361450195
2019-12-17,49.78647994995117
2019-12-18,50.12446594238281
2019-12-19,50.58448791503906
2019-12-20,50.74163055419922
2019-12-23,50.609893798828125
2019-12-24,50.600494384765625
2019-12-26,50.98624801635742
2019-12-27,50.89216613769531
2019-12-30,50.365264892578125
2019-12-31,50.45935821533203
2020-01-02,51.05210876464844
2020-01-03,50.722816467285156
2020-01-06,51.400245666503906
2020-01-07,51.46609878540039
2020-01-08,51.833045959472656
2020-01-09,52.105899810791016
2020-01-10,51.89889907836914
2020-01-13,52.388160705566406
2020-01-14,52.25643539428711
2020-01-15,52.510475158691406
2020-01-16,52.91504669189453
2020-01-17,53.32903289794922
2020-01-21,53.28199768066406
2020-01-22,53.25376892089844
2020-01-23,53.03736877441406
2020-01-24,52.397579193115234
2020-01-27,51.579002380371094
2020-01-28,52.171749114990234
2020-01-29,52.08707046508789
2020-01-30,51.56018829345703
2020-01-31,50.722816467285156
2020-02-03,51.3249626159668
2020-02-04,51.861263275146484
2020-02-05,51.945945739746094
2020-02-06,52.59515380859375
2020-02-07,52.557518005371094
2020-02-10,52.868019104003906
2020-02-11,52.81155776977539
2020-02-12,53.49839401245117
2020-02-13,53.507808685302734
2020-02-14,53.573673248291016
2020-02-18,53.93120193481445
2020-02-19,54.175819396972656
2020-02-20,53.6207160949707
2020-02-21,52.802146911621094
2020-02-24,51.033294677734375
2020-02-25,49.669029235839844
2020-02-26,49.57492446899414
2020-02-27,47.61790084838867
2020-02-28,47.75901794433594
2020-03-02,49.41497039794922
2020-03-03,47.78726577758789
2020-03-04,49.50906753540039
2020-03-05,47.70257568359375
2020-03-06,46.874610900878906
2020-03-09,43.750885009765625
2020-03-10,45.980770111083984
2020-03-11,44.004920959472656
2020-03-12,39.87445831298828
2020-03-13,43.45922088623047
2020-03-16,38.55723190307617
2020-03-17,40.23199462890625
2020-03-18,38.89594268798828
2020-03-19,39.592201232910156
2020-03-20,37.842166900634766
2020-03-23,38.04313278198242
2020-03-24,40.383087158203125
2020-03-25,39.76035690307617
2020-03-26,42.024837493896484
2020-03-27,40.34534454345703
2020-03-30,41.81725311279297
2020-03-31,41.74177932739258
2020-04-01,40.08115768432617
2020-04-02,40.59066390991211
2020-04-03,39.76979446411133
2020-04-06,42.3928108215332
2020-04-07,42.704166412353516
2020-04-08,43.61940383911133
2020-04-09,43.94020462036133
2020-04-13,44.00624465942383
2020-04-14,45.308319091796875
2020-04-15,44.88372802734375
2020-04-16,45.06298828125
2020-04-17,45.676300048828125
2020-04-20,45.261138916015625
2020-04-21,43.836402893066406
2020-04-22,45.01582336425781
2020-04-23,45.33662796020508
2020-04-24,45.91217041015625
2020-04-27,46.289588928222656
2020-04-28,45.44984436035156
2020-04-29,47.64826202392578
2020-04-30,47.44069290161133
2020-05-01,46.780216217041016
2020-05-04,47.0538444519043
2020-05-05,47.299163818359375
2020-05-06,47.16707229614258
2020-05-07,48.05400085449219
2020-05-08,48.93147277832031
2020-05-11,48.95977783203125
2020-05-12,48.006813049316406
2020-05-13,47.18593978881836
2020-05-14,47.69545364379883
2020-05-15,48.355926513671875
2020-05-18,49.374942779541016
2020-05-19,49.365501403808594
2020-05-20,50.733619689941406
2020-05-21,50.37507629394531
2020-05-22,50.67700958251953
2020-05-26,50.81853485107422
2020-05-27,51.17708206176758
2020-05-28,50.69587707519531
2020-05-29,50.969505310058594
2020-06-01,51.554481506347656
2020-06-02,51.762062072753906
2020-06-03,51.92245864868164
2020-06-04,51.53561782836914
2020-06-05,52.375362396240234
2020-06-08,53.356632232666016
2020-06-09,53.224544525146484
2020-06-10,53.06414031982422
2020-06-11,50.62038803100586
2020-06-12,51.0638542175293
2020-06-15,51.88472366333008
2020-06-16,52.3093147277832
2020-06-17,52.375362396240234
2020-06-18,52.545204162597656
2020-06-19,52.40367126464844
2020-06-22,52.519004821777344
2020-06-23,52.85936737060547
2020-06-24,51.66810989379883
2020-06-25,51.895023345947266
2020-06-26,49.60706329345703
2020-06-29,50.52413558959961
2020-06-30,51.091392517089844
2020-07-01,52.35828399658203
2020-07-02,52.188114166259766
2020-07-06,53.237545013427734
2020-07-07,53.086273193359375
2020-07-08,53.55900192260742
2020-07-09,53.62517166137695
2020-07-10,54.55170440673828
2020-07-13,53.454994201660156
2020-07-14,53.98442840576172
2020-07-15,54.305877685546875
2020-07-16,54.40042495727539
2020-07-17,54.27751922607422
2020-07-20,54.92985534667969
2020-07-21,54.66514205932617
2020-07-22,54.72187423706055
2020-07-23,53.83317565917969
2020-07-24,53.74807357788086
2020-07-27,54.116798400878906
2020-07-28,53.55900192260742
2020-07-29,54.05060958862305
2020-07-30,54.2018928527832
2020-07-31,54.95823669433594
2020-08-03,55.0054931640625
2020-08-04,55.35531997680664
2020-08-05,55.27022171020508
2020-08-06,56.7261962890625
2020-08-07,56.66001510620117
2020-08-10,56.470924377441406
2020-08-11,55.629493713378906
2020-08-12,56.29128646850586
2020-08-13,56.57493209838867
2020-08-14,56.56547546386719
2020-08-17,56.63165283203125
2020-08-18,57.14219284057617
2020-08-19,56.981468200683594
2020-08-20,57.69054412841797
2020-08-21,57.435272216796875
2020-08-24,58.13490295410156
2020-08-25,58.68325424194336
2020-08-26,60.687583923339844
2020-08-27,59.950138092041016
2020-08-28,60.091957092285156
2020-08-31,59.80831527709961
2020-09-01,60.299949645996094
2020-09-02,61.58574295043945
2020-09-03,59.496334075927734
2020-09-04,58.409080505371094
2020-09-08,56.868019104003906
2020-09-09,57.548728942871094
2020-09-10,56.697837829589844
2020-09-11,56.5181999206543
2020-09-14,56.73564529418945
2020-09-15,57.74727249145508
2020-09-16,57.12328338623047
2020-09-17,56.073848724365234
2020-09-18,55.53495407104492
2020-09-21,54.885013580322266
2020-09-22,55.94614028930664
2020-09-23,54.61026382446289
2020-09-24,54.71446990966797
2020-09-25,55.443992614746094
2020-09-28,56.18299865722656
2020-09-29,56.239830017089844
2020-09-30,56.27774429321289
2020-10-01,57.08305358886719
2020-10-02,55.95561218261719
2020-10-05,56.8746223449707
2020-10-06,55.68085479736328
2020-10-07,56.08824920654297
2020-10-08,56.817779541015625
2020-10-09,57.15885925292969
2020-10-12,58.6652717590332
2020-10-13,58.722129821777344
2020-10-14,58.021018981933594
2020-10-15,57.57572937011719
2020-10-16,57.585205078125
2020-10-19,56.552494049072266
2020-10-20,56.95988845825195
2020-10-21,57.916805267333984
2020-10-22,58.295780181884766
2020-10-23,58.845306396484375
2020-10-26,57.5567741394043
2020-10-27,57.92628479003906
2020-10-28,55.65243911743164
2020-10-29,57.05463409423828
2020-10-30,56.08824920654297
2020-11-02,56.05983352661133
2020-11-03,56.89356994628906
2020-11-04,59.347434997558594
2020-11-05,60.49383544921875
2020-11-06,60.35172653198242
2020-11-09,59.84009552001953
2020-11-10,59.650611877441406
2020-11-11,60.190643310546875
2020-11-12,59.849578857421875
2020-11-13,60.740177154541016
2020-11-16,61.128597259521484
2020-11-17,60.910709381103516
2020-11-18,60.29487609863281
2020-11-19,60.664371490478516
2020-11-20,60.52225875854492
2020-11-23,60.550682067871094
2020-11-24,61.79182434082031
2020-11-25,61.7823486328125
2020-11-27,62.180274963378906
2020-11-30,61.962364196777344
2020-12-01,63.099281311035156
2020-12-02,63.686702728271484
2020-12-03,63.402469635009766
2020-12-04,63.459293365478516
2020-12-07,63.85723114013672
2020-12-08,63.76249694824219
2020-12-09,63.004554748535156
2020-12-10,63.042442321777344
2020-12-11,63.421417236328125
2020-12-14,63.22244644165039
2020-12-15,63.74352264404297
2020-12-16,63.686702728271484
2020-12-17,63.525638580322266
2020-12-18,63.58247756958008
2020-12-21,63.03873062133789
2020-12-22,62.45037078857422
2020-12-23,62.81098556518555
2020-12-24,62.87742233276367
2020-12-28,64.00664520263672
2020-12-29,63.94972229003906
2020-12-30,63.52268981933594
2020-12-31,64.0351333618164
2021-01-04,63.086185455322266
2021-01-05,63.313934326171875
2021-01-06,63.0102653503418
2021-01-07,63.845333099365234
2021-01-08,64.04461669921875
2021-01-11,62.90589141845703
2021-01-12,61.89049530029297
2021-01-13,62.1087532043457
2021-01-14,61.757652282714844
2021-01-15,61.95692825317383
2021-01-19,63.076698303222656
2021-01-20,65.05998992919922
2021-01-21,65.29723358154297
2021-01-22,65.32571411132812
2021-01-25,65.70527648925781
2021-01-26,66.59729766845703
2021-01-27,64.44317626953125
2021-01-28,64.67093658447266
2021-01-29,63.46574020385742
2021-02-01,64.65193939208984
2021-02-02,65.63883972167969
2021-02-03,66.5213851928711
2021-02-04,66.91992950439453
2021-02-05,67.76448822021484
2021-02-08,68.03021240234375
2021-02-09,68.25794982910156
2021-02-10,68.90322875976562
2021-02-11,68.9791488647461
2021-02-12,69.27333068847656
2021-02-16,69.6054458618164
2021-02-17,69.80473327636719
2021-02-18,69.46311950683594
2021-02-19,68.7798843383789
2021-02-22,68.50469207763672
2021-02-23,69.03608703613281
2021-02-24,69.1594467163086
2021-02-25,67.65062713623047
2021-02-26,67.91633605957031
2021-03-01,69.65290069580078
2021-03-02,69.14048767089844
2021-03-03,68.153564453125
2021-03-04,68.03021240234375
2021-03-05,69.62443542480469
2021-03-08,68.6944808959961
2021-03-09,69.46311950683594
2021-03-10,69.75730895996094
2021-03-11,71.07633972167969
2021-03-12,70.87704467773438
2021-03-15,71.3800048828125
2021-03-16,72.12969207763672
2021-03-17,72.13915252685547
2021-03-18,70.9434814453125
2021-03-19,71.560302734375
2021-03-22,72.16204833984375
2021-03-23,71.62969970703125
2021-03-24,69.82349395751953
2021-03-25,69.48126983642578
2021-03-26,68.72076416015625
2021-03-29,69.42424011230469
2021-03-30,69.42424011230469
2021-03-31,69.6999282836914
2021-04-01,70.8977279663086
2021-04-05,72.39021301269531
2021-04-06,72.57080841064453
2021-04-07,73.13168334960938
2021-04-08,73.14119720458984
2021-04-09,73.12217712402344
2021-04-12,72.82747650146484
2021-04-13,72.92253875732422
2021-04-14,72.17154693603516
2021-04-15,73.09365844726562
2021-04-16,73.04613494873047
2021-04-19,72.63735961914062
2021-04-20,72.24761199951172
2021-04-21,72.3711929321289
2021-04-22,71.83882904052734
2021-04-23,72.6753921508789
2021-04-26,72.82747650146484
2021-04-27,72.53279876708984
2021-04-28,73.1982192993164
2021-04-29,75.22303771972656
2021-04-30,74.19639587402344
2021-05-03,73.80663299560547
2021-05-04,73.14119720458984
2021-05-05,72.99858093261719
2021-05-06,73.85418701171875
2021-05-07,74.41503143310547
2021-05-10,72.98908996582031
2021-05-11,72.77993774414062
2021-05-12,71.35400390625
2021-05-13,71.86734771728516
2021-05-14,73.28377532958984
2021-05-17,72.70391845703125
2021-05-18,71.96241760253906
2021-05-19,72.07649230957031
2021-05-20,73.31230926513672
2021-05-21,73.06513214111328
2021-05-24,74.3960189819336
2021-05-25,74.37701416015625
2021-05-26,74.86182403564453
2021-05-27,75.14702606201172
2021-05-28,74.89984893798828
2021-06-01,74.94739532470703
2021-06-02,74.71923828125
2021-06-03,74.21541595458984
2021-06-04,75.28009796142578
2021-06-07,75.66986846923828
2021-06-08,75.45123291015625
2021-06-09,75.37516784667969
2021-06-10,75.78392791748047
2021-06-11,75.86946868896484
2021-06-14,76.37330627441406
2021-06-15,75.93601989746094
2021-06-16,75.27058410644531
2021-06-17,75.58429718017578
2021-06-18,74.70022583007812
2021-06-21,75.4249496459961
2021-06-22,76.0725326538086
2021-06-23,75.99633026123047
2021-06-24,76.7105941772461
2021-06-25,76.80584716796875
2021-06-28,77.67244720458984
2021-06-29,77.25344848632812
2021-06-30,77.11056518554688
2021-07-01,77.68199157714844
2021-07-02,78.22480010986328
2021-07-06,78.03433990478516
2021-07-07,77.9200439453125
2021-07-08,77.06295013427734
2021-07-09,77.74864196777344
2021-07-12,78.30101776123047
2021-07-13,78.10100555419922
2021-07-14,78.04387664794922
2021-07-15,77.49152374267578
2021-07-16,77.00582122802734
2021-07-19,75.83442687988281
2021-07-20,76.6915512084961
2021-07-21,77.3296127319336
2021-07-22,77.59626770019531
2021-07-23,79.5199966430664
2021-07-26,79.92949676513672
2021-07-27,78.97715759277344
2021-07-28,79.5961685180664
2021-07-29,78.73908233642578
2021-07-30,78.47241973876953
2021-08-02,78.29147338867188
2021-08-03,77.93910217285156
2021-08-04,78.15815734863281
2021-08-05,78.87242126464844
2021-08-06,78.87242126464844
2021-08-09,78.72954559326172
2021-08-10,78.8819351196289
2021-08-11,79.03430938720703
2021-08-12,79.17713165283203
2021-08-13,79.22476959228516
2021-08-16,79.35807800292969
2021-08-17,78.70097351074219
2021-08-18,78.10100555419922
2021-08-19,78.11051940917969
2021-08-20,78.78668212890625
2021-08-23,79.7390365600586
2021-08-24,79.99613952636719
2021-08-25,80.11996459960938
2021-08-26,79.42476654052734
2021-08-27,80.68183898925781
2021-08-30,81.23419189453125
2021-08-31,81.5389175415039
2021-09-01,81.94844818115234
2021-09-02,81.39610290527344
2021-09-03,81.39610290527344
2021-09-07,81.58655548095703
2021-09-08,81.16754150390625
2021-09-09,80.76753997802734
2021-09-10,80.24375915527344
2021-09-13,80.44375610351562
2021-09-14,79.74854278564453
2021-09-15,80.1390151977539
2021-09-16,80.06281280517578
2021-09-17,79.17713165283203
2021-09-20,77.58592987060547
2021-09-21,77.26156616210938
2021-09-22,77.22343444824219
2021-09-23,78.01522827148438
2021-09-24,78.65436553955078
2021-09-27,78.64482116699219
2021-09-28,76.72736358642578
2021-09-29,76.66058349609375
2021-09-30,76.4220962524414
2021-10-01,77.70994567871094
2021-10-04,76.03096771240234
2021-10-05,77.16618347167969
2021-10-06,77.29973602294922
2021-10-07,77.63362884521484
2021-10-08,77.25202941894531
2021-10-11,76.08821868896484
2021-10-12,75.38227081298828
2021-10-13,75.73526763916016
2021-10-14,76.80369567871094
2021-10-15,76.62242126464844
2021-10-18,77.21390533447266
2021-10-19,77.95796966552734
2021-10-20,78.11060333251953
2021-10-21,78.33955383300781
2021-10-22,76.67967987060547
2021-10-25,77.0135726928711
2021-10-26,76.32669830322266
2021-10-27,76.11683654785156
2021-10-28,76.36485290527344
2021-10-29,76.60334777832031
2021-11-01,76.72736358642578
2021-11-02,76.73690795898438
2021-11-03,77.0135726928711
2021-11-04,77.31884002685547
2021-11-05,77.93888854980469
2021-11-08,77.595458984375
2021-11-09,77.4046859741211
2021-11-10,76.52703094482422
2021-11-11,76.37439727783203
2021-11-12,77.49054718017578
2021-11-15,77.70994567871094
2021-11-16,77.12802124023438
2021-11-17,76.83230590820312
2021-11-18,76.27900695800781
2021-11-19,76.02143859863281
2021-11-22,75.0960922241211
2021-11-23,74.895751953125
2021-11-24,75.00069427490234
2021-11-26,73.62698364257812
2021-11-29,74.25658416748047
2021-11-30,71.90030670166016
2021-12-01,70.2403793334961
2021-12-02,71.42332458496094
2021-12-03,71.26113891601562
2021-12-06,72.43453979492188
2021-12-07,73.17861938476562
2021-12-08,73.71283721923828
2021-12-09,73.13093566894531
2021-12-10,73.1690673828125
2021-12-13,72.78748321533203
2021-12-14,72.59669494628906
2021-12-15,73.35987091064453
2021-12-16,73.25493621826172
2021-12-17,72.95921325683594
2021-12-20,72.44969940185547
2021-12-21,73.82624816894531
2021-12-22,74.00787353515625
2021-12-23,74.66744232177734
2021-12-27,75.3939437866211
2021-12-28,75.35572814941406
2021-12-29,74.98291778564453
2021-12-30,75.29834747314453
2021-12-31,74.25640106201172
2022-01-03,74.7726058959961
2022-01-04,74.61011505126953
2022-01-05,72.73648071289062
2022-01-06,73.06148529052734
2022-01-07,73.07105255126953
2022-01-10,72.6122055053711
2022-01-11,73.52033996582031
2022-01-12,73.61592864990234
2022-01-13,72.85120391845703
2022-01-14,73.18576049804688
2022-01-18,72.29674530029297
2022-01-19,72.1724853515625
2022-01-20,71.45553588867188
2022-01-21,69.03704071044922
2022-01-24,69.54368591308594
2022-01-25,68.11934661865234
2022-01-26,67.12519073486328
2022-01-27,67.20166015625
2022-01-28,69.12307739257812
2022-01-31,70.69078826904297
2022-02-01,71.3025894165039
2022-02-02,72.7269058227539
2022-02-03,67.86124420166016
2022-02-04,68.03330993652344
2022-02-07,66.84796142578125
2022-02-08,66.81929016113281
2022-02-09,68.70246887207031
2022-02-10,67.71785736083984
2022-02-11,66.25527954101562
2022-02-14,66.26485443115234
2022-02-15,67.19209289550781
2022-02-16,66.72370147705078
2022-02-17,64.9456787109375
2022-02-18,64.43903350830078
2022-02-22,63.77946090698242
2022-02-23,62.70880889892578
2022-02-24,64.46771240234375
2022-02-25,65.50965881347656
2022-02-28,65.43319702148438
2022-03-01,64.6111068725586
2022-03-02,65.16552734375
2022-03-03,64.48682403564453
2022-03-04,63.5595817565918
2022-03-07,61.446983337402344
2022-03-08,61.294029235839844
2022-03-09,63.12940979003906
2022-03-10,62.661014556884766
2022-03-11,61.533016204833984
2022-03-14,60.816070556640625
2022-03-15,61.982295989990234
2022-03-16,63.693397521972656
2022-03-17,64.38168334960938
2022-03-18,65.22288513183594
2022-03-21,64.6124038696289
2022-03-22,65.8199462890625
2022-03-23,64.91907501220703
2022-03-24,65.98286437988281
2022-03-25,66.29911804199219
2022-03-28,66.50995635986328
2022-03-29,67.66957092285156
2022-03-30,67.19039916992188
2022-03-31,65.91577911376953
2022-04-01,66.40453338623047
2022-04-04,68.23500061035156
2022-04-05,67.36290740966797
2022-04-06,66.10746765136719
2022-04-07,65.53244018554688
2022-04-08,65.24493408203125
2022-04-11,64.40156555175781
2022-04-12,63.874481201171875
2022-04-13,64.81365966796875
2022-04-14,63.71157455444336
2022-04-18,63.50072479248047
2022-04-19,64.76575469970703
2022-04-20,61.95777130126953
2022-04-21,60.19439697265625
2022-04-22,58.766441345214844
2022-04-25,59.57146072387695
2022-04-26,57.61640548706055
2022-04-27,56.332210540771484
2022-04-28,58.58435821533203
2022-04-29,56.60055160522461
2022-05-02,58.16267013549805
2022-05-03,58.31601333618164
2022-05-04,60.31898880004883
2022-05-05,58.0955924987793
2022-05-06,56.897647857666016
2022-05-09,55.421775817871094
2022-05-10,55.67094802856445
2022-05-11,54.664676666259766
2022-05-12,55.25885772705078
2022-05-13,56.55263137817383
2022-05-16,56.18846130371094
2022-05-17,57.4151496887207
2022-05-18,55.53676986694336
2022-05-19,55.46010971069336
2022-05-20,55.6038703918457
2022-05-23,56.43764114379883
2022-05-24,54.43465805053711
2022-05-25,55.163028717041016
2022-05-26,56.50471115112305
2022-05-27,57.71225357055664
2022-05-31,57.673919677734375
2022-06-01,57.01264953613281
2022-06-02,58.402259826660156
2022-06-03,57.13723373413086
2022-06-06,57.42474365234375
2022-06-07,57.83682632446289
2022-06-08,57.683494567871094
2022-06-09,55.91053009033203
2022-06-10,54.34841537475586
2022-06-13,51.78001022338867
2022-06-14,51.636260986328125
2022-06-15,52.795875549316406
2022-06-16,50.86957931518555
2022-06-17,51.59792709350586
2022-06-21,51.962989807128906
2022-06-22,52.04945373535156
2022-06-23,52.693111419677734
2022-06-24,54.70092010498047
2022-06-27,54.18215560913086
2022-06-28,52.60664367675781
2022-06-29,52.76995849609375
2022-06-30,52.135902404785156
2022-07-01,52.664283752441406
2022-07-05,53.88433837890625
2022-07-06,53.89394760131836
2022-07-07,54.73934555053711
2022-07-08,54.47996139526367
2022-07-11,52.82760238647461
2022-07-12,52.79877471923828
2022-07-13,52.55860137939453
2022-07-14,51.89573669433594
2022-07-15,53.231075286865234
2022-07-18,52.962100982666016
2022-07-19,54.84502029418945
2022-07-20,55.748043060302734
2022-07-21,55.71923828125
2022-07-22,53.78828048706055
2022-07-25,53.60575485229492
2022-07-26,52.529781341552734
2022-07-27,54.74895095825195
2022-07-28,54.12450408935547
2022-07-29,54.15333938598633
2022-08-01,54.07647705078125
2022-08-02,53.99000549316406
2022-08-03,55.286930084228516
2022-08-04,55.527095794677734
2022-08-05,54.84502029418945
2022-08-08,55.16204071044922
2022-08-09,54.62406921386719
2022-08-10,56.16114807128906
2022-08-11,56.218788146972656
2022-08-12,57.2178955078125
2022-08-15,57.41962432861328
2022-08-16,57.534908294677734
2022-08-17,56.420528411865234
2022-08-18,56.33407211303711
2022-08-19,55.42142105102539
2022-08-22,53.8363151550293
2022-08-23,53.375186920166016
2022-08-24,53.692203521728516
2022-08-25,54.73934555053711
2022-08-26,52.99090576171875
2022-08-29,52.57781982421875
2022-08-30,52.11669921875
2022-08-31,52.2415771484375
2022-09-01,52.72193145751953
2022-09-02,51.72282028198242
2022-09-06,51.07916259765625
2022-09-07,52.107086181640625
2022-09-08,51.98220443725586
2022-09-09,53.43281555175781
2022-09-12,53.711421966552734
2022-09-13,50.762142181396484
2022-09-14,50.848609924316406
2022-09-15,50.62764358520508
2022-09-16,50.089664459228516
2022-09-19,50.37849807739258
2022-09-20,49.598690032958984
2022-09-21,48.385677337646484
2022-09-22,48.21239471435547
2022-09-23,47.278568267822266
2022-09-26,46.50840759277344
2022-09-27,46.258087158203125
2022-09-28,47.83693313598633
2022-09-29,46.672054290771484
2022-09-30,46.10405349731445
2022-10-03,47.39409255981445
2022-10-04,48.8477783203125
2022-10-05,48.47231674194336
2022-10-06,48.21239471435547
2022-10-07,46.91273498535156
2022-10-10,46.78757858276367
2022-10-11,45.91151809692383
2022-10-12,45.85376739501953
2022-10-13,46.960872650146484
2022-10-14,46.190704345703125
2022-10-17,47.46147537231445
2022-10-18,47.817684173583984
2022-10-19,47.8561897277832
2022-10-20,47.97171401977539
2022-10-21,48.27978515625
2022-10-24,48.61673355102539
2022-10-25,49.90675354003906
2022-10-26,48.327911376953125
2022-10-27,46.03667068481445
2022-10-28,47.20154571533203
2022-10-31,46.41212844848633
2022-11-01,46.11368942260742
2022-11-02,44.81403350830078
2022-11-03,43.71654510498047
2022-11-04,44.014991760253906
2022-11-07,44.80440139770508
2022-11-08,44.852542877197266
2022-11-09,44.246036529541016
2022-11-10,46.922359466552734
2022-11-11,48.154632568359375
2022-11-14,47.96208572387695
2022-11-15,48.674495697021484
2022-11-16,48.193138122558594
2022-11-17,47.827308654785156
2022-11-18,47.682899475097656
2022-11-21,47.2881965637207
2022-11-22,47.990970611572266
2022-11-23,48.597476959228516
2022-11-25,48.327911376953125
2022-11-28,47.55775451660156
2022-11-29,47.576995849609375
2022-11-30,49.58905792236328
2022-12-01,49.87787628173828
2022-12-02,50.00302505493164
2022-12-05,49.21361541748047
2022-12-06,47.798423767089844
2022-12-07,47.55775451660156
2022-12-08,47.46147537231445
2022-12-09,47.59626007080078
2022-12-12,47.97171401977539
2022-12-13,48.78038787841797
2022-12-14,48.14500045776367
2022-12-15,46.267723083496094
2022-12-16,46.258087158203125
2022-12-19,45.1752815246582
2022-12-20,45.484100341796875
2022-12-21,46.082454681396484
2022-12-22,45.686763763427734
2022-12-23,46.13070297241211
2022-12-27,45.71572494506836
2022-12-28,45.04982376098633
2022-12-29,46.29477310180664
2022-12-30,46.31407165527344
2023-01-03,46.91241455078125
2023-01-04,47.7906379699707
2023-01-05,47.858192443847656
2023-01-06,48.63990783691406
2023-01-09,48.717105865478516
2023-01-10,49.4505729675293
2023-01-11,49.80765151977539
2023-01-12,50.35773849487305
2023-01-13,50.52180480957031
2023-01-17,50.04892349243164
2023-01-18,49.440921783447266
2023-01-19,49.69184112548828
2023-01-20,51.2456169128418
2023-01-23,52.143131256103516
2023-01-24,51.99837112426758
2023-01-25,52.18174743652344
2023-01-26,52.992401123046875
2023-01-27,53.359130859375
2023-01-30,52.51951599121094
2023-01-31,53.15647506713867
2023-02-01,53.78376770019531
2023-02-02,57.31595230102539
2023-02-03,56.16751480102539
2023-02-06,55.4919548034668
2023-02-07,56.524593353271484
2023-02-08,54.74884796142578
2023-02-09,53.552154541015625
2023-02-10,53.0406494140625
2023-02-13,53.793418884277344
2023-02-14,53.812721252441406
2023-02-15,54.30491638183594
2023-02-16,53.47494125366211
2023-02-17,53.41704177856445
2023-02-21,52.23965072631836
2023-02-22,52.345802307128906
2023-02-23,52.10453414916992
2023-02-24,51.38072967529297
2023-02-27,51.54478073120117
2023-02-28,51.631649017333984
2023-03-01,51.2359619140625
2023-03-02,51.718502044677734
2023-03-03,52.8476448059082
2023-03-06,52.8476448059082
2023-03-07,52.30720520019531
2023-03-08,52.33614730834961
2023-03-09,51.15876388549805
2023-03-10,50.43494415283203
2023-03-13,50.43494415283203
2023-03-14,51.8632698059082
2023-03-15,52.423011779785156
2023-03-16,53.60040283203125
2023-03-17,53.08890914916992
2023-03-20,53.48567199707031
2023-03-21,54.62758255004883
2023-03-22,53.66954040527344
2023-03-23,54.540489196777344
2023-03-24,54.821128845214844
2023-03-27,54.51145935058594
2023-03-28,54.06630325317383
2023-03-29,54.78241729736328
2023-03-30,55.043701171875
2023-03-31,56.098514556884766
2023-04-03,56.33076858520508
2023-04-04,56.50494384765625
2023-04-05,56.32108688354492
2023-04-06,57.027523040771484
2023-04-10,56.90171813964844
2023-04-11,56.756561279296875
2023-04-12,56.1662483215332
2023-04-13,57.337196350097656
2023-04-14,57.317832946777344
2023-04-17,56.98881149291992
2023-04-18,56.69849395751953
2023-04-19,56.27269744873047
2023-04-20,55.69207000732422
2023-04-21,55.82754898071289
2023-04-24,55.76948928833008
2023-04-25,54.89854431152344
2023-04-26,54.31791305541992
2023-04-27,57.4726676940918
2023-04-28,57.96620559692383
2023-05-01,57.956520080566406
2023-05-02,56.88235855102539
2023-05-03,56.6597900390625
2023-05-04,55.7501335144043
2023-05-05,56.44689178466797
2023-05-08,57.01784133911133
2023-05-09,56.6597900390625
2023-05-10,57.162994384765625
2023-05-11,57.733943939208984
2023-05-12,57.7823371887207
2023-05-15,58.05329895019531
2023-05-16,57.98554992675781
2023-05-17,58.69199752807617
2023-05-18,59.746803283691406
2023-05-19,59.427452087402344
2023-05-22,59.96937561035156
2023-05-23,59.2242317199707
2023-05-24,58.95326614379883
2023-05-25,58.95326614379883
2023-05-26,60.15324401855469
2023-05-30,60.2500114440918
2023-05-31,60.23066329956055
2023-06-01,61.04354476928711
2023-06-02,61.1209602355957
2023-06-05,61.275794982910156
2023-06-06,61.527400970458984
2023-06-07,60.84031677246094
2023-06-08,61.14999008178711
2023-06-09,61.16934585571289
2023-06-12,61.8951301574707
2023-06-13,62.09834671020508
2023-06-14,62.20479202270508
2023-06-15,63.19188690185547
2023-06-16,62.669307708740234
2023-06-20,62.363975524902344
2023-06-21,61.743629455566406
2023-06-22,62.228275299072266
2023-06-23,62.09258270263672
2023-06-26,61.47222900390625
2023-06-27,62.50937271118164
2023-06-28,62.79045867919922
2023-06-29,62.45121765136719
2023-06-30,63.08125305175781
2023-07-03,63.29450607299805
2023-07-05,63.77915573120117
2023-07-06,63.275115966796875
2023-07-07,63.052181243896484
2023-07-10,62.88739013671875
2023-07-11,63.982688903808594
2023-07-12,64.75811767578125
2023-07-13,65.70801544189453
2023-07-14,65.08767700195312
2023-07-17,64.85505676269531
2023-07-18,65.30091857910156
2023-07-19,65.48507690429688
2023-07-20,64.18624877929688
2023-07-21,63.5465087890625
2023-07-24,63.662818908691406
2023-07-25,63.86637878417969
2023-07-26,64.86474609375
2023-07-27,65.40755462646484
2023-07-28,66.69668579101562
2023-07-31,66.67732238769531
2023-08-01,66.5900650024414
2023-08-02,65.3396987915039
2023-08-03,65.17491912841797
2023-08-04,65.02951049804688
2023-08-07,66.03758239746094
2023-08-08,65.8534164428711
2023-08-09,65.14582824707031
2023-08-10,65.36876678466797
2023-08-11,65.05860900878906
2023-08-14,65.5335464477539
2023-08-15,64.95198059082031
2023-08-16,64.17655181884766
2023-08-17,63.43988800048828
2023-08-18,63.06187057495117
2023-08-21,63.51742935180664
2023-08-22,63.51742935180664
2023-08-23,64.54486846923828
2023-08-24,63.30418395996094
2023-08-25,63.37203598022461
2023-08-28,64.14745330810547
2023-08-29,65.57231903076172
2023-08-30,65.58202362060547
2023-08-31,65.6498794555664
2023-09-01,65.03921508789062
2023-09-05,65.02951049804688
2023-09-06,64.82595825195312
2023-09-07,64.70966339111328
2023-09-08,64.90351104736328
2023-09-11,65.88249969482422
2023-09-12,65.19429016113281
2023-09-13,65.40755462646484
2023-09-14,66.31867218017578
2023-09-15,65.4366226196289
2023-09-18,65.48326873779297
2023-09-19,65.53184509277344
2023-09-20,64.63787078857422
2023-09-21,63.841064453125
2023-09-22,63.76334762573242
2023-09-25,63.9188117980957
2023-09-26,63.209476470947266
2023-09-27,63.37466049194336
2023-09-28,64.07427978515625
2023-09-29,63.71476364135742
2023-10-02,64.19088745117188
2023-10-03,63.3260612487793
2023-10-04,63.928531646728516
2023-10-05,63.841064453125
2023-10-06,65.016845703125
2023-10-09,65.71646881103516
2023-10-10,66.09542083740234
2023-10-11,66.69789123535156
2023-10-12,65.91081237792969
2023-10-13,65.17230987548828
2023-10-16,66.22176361083984
2023-10-17,66.45496368408203
2023-10-18,65.30834197998047
2023-10-19,65.24034118652344
2023-10-20,64.63787078857422
2023-10-23,64.97797393798828
2023-10-24,65.7456283569336
2023-10-25,62.898521423339844
2023-10-26,61.52841567993164
2023-10-27,61.30492401123047
2023-10-30,62.56814193725586
2023-10-31,62.88881301879883
2023-11-01,63.81193542480469
2023-11-02,64.65731811523438
2023-11-03,65.64844512939453
2023-11-06,65.47354125976562
2023-11-07,65.82335662841797
2023-11-08,65.51240539550781
2023-11-09,65.49298858642578
2023-11-10,66.53269958496094
2023-11-13,66.3869400024414
2023-11-14,67.46553802490234
2023-11-15,67.7959213256836
2023-11-16,68.0971450805664
2023-11-17,68.08743286132812
2023-11-20,68.85508728027344
2023-11-21,68.62187957763672
2023-11-22,69.18546295166016
2023-11-24,68.95226287841797
2023-11-27,68.52468872070312
2023-11-28,68.68989562988281
2023-11-29,68.19432830810547
2023-11-30,67.7959213256836
2023-12-01,67.93196105957031
2023-12-04,67.25177001953125
2023-12-05,66.9408187866211
2023-12-06,66.76591491699219
2023-12-07,68.1651611328125
2023-12-08,68.48583984375
2023-12-11,67.96111297607422
2023-12-12,68.24290466308594
2023-12-13,68.88423919677734
2023-12-14,69.18546295166016
2023-12-15,69.01054382324219
2023-12-18,69.86190795898438
2023-12-19,70.572998046875
2023-12-20,70.02750396728516
2023-12-21,70.7191162109375
2023-12-22,70.72885131835938
2023-12-26,71.00159454345703
2023-12-27,71.0113296508789
2023-12-28,71.2061538696289
2023-12-29,70.7775650024414
2024-01-02,70.378173828125
2024-01-03,70.11518096923828
2024-01-04,69.88138580322266
2024-01-05,70.17362976074219
2024-01-08,71.26460266113281
2024-01-09,71.11849975585938
2024-01-10,71.7808837890625
2024-01-11,71.54708862304688
2024-01-12,71.89775848388672
2024-01-16,71.48863983154297
2024-01-17,71.05030822753906
2024-01-18,71.917236328125
2024-01-19,72.89134216308594
2024-01-22,73.03746032714844
2024-01-23,73.7582778930664
2024-01-24,74.21611785888672
2024-01-25,75.4239730834961
2024-01-26,75.6675033569336
2024-01-29,76.30066680908203
2024-01-30,75.78439331054688
2024-01-31,73.91412353515625
2024-02-01,74.6739273071289
2024-02-02,77.67413330078125
2024-02-05,76.5831527709961
2024-02-06,76.34935760498047
2024-02-07,76.7389907836914
2024-02-08,77.03124237060547
2024-02-09,77.118896484375
2024-02-12,77.36241912841797
2024-02-13,76.27143859863281
2024-02-14,77.48904418945312
2024-02-15,78.12220764160156
2024-02-16,76.90459442138672
2024-02-20,76.78771209716797
2024-02-21,76.70003509521484
2024-02-22,77.8494644165039
2024-02-23,77.65464782714844
2024-02-26,76.52469635009766
2024-02-27,77.14810943603516
2024-02-28,76.62211608886719
2024-02-29,77.30396270751953
2024-03-01,77.94686889648438
2024-03-04,76.92408752441406
2024-03-05,76.30066680908203
2024-03-06,76.40780639648438
2024-03-07,77.64490509033203
2024-03-08,77.52801513671875
2024-03-11,77.38189697265625
2024-03-12,78.06376647949219
2024-03-13,78.20014190673828
2024-03-14,78.01505279541016
2024-03-15,77.23578643798828
2024-03-18,78.8219985961914
2024-03-19,78.79268646240234
2024-03-20,79.72058868408203
2024-03-21,79.74988555908203
2024-03-22,79.9159164428711
2024-03-25,79.64244842529297
2024-03-26,79.47639465332031
2024-03-27,79.88663482666016
2024-03-28,79.7596664428711
2024-04-01,80.375
2024-04-02,80.2480239868164
2024-04-03,80.88289642333984
2024-04-04,79.78895568847656
2024-04-05,80.5996322631836
2024-04-08,80.60940551757812
2024-04-09,80.69731903076172
2024-04-10,80.06244659423828
2024-04-11,80.76568603515625
2024-04-12,79.43733978271484
2024-04-15,78.43130493164062
2024-04-16,78.1675796508789
2024-04-17,78.09921264648438
2024-04-18,78.48014068603516
2024-04-19,77.62062072753906
2024-04-22,77.72805786132812
2024-04-23,78.90990447998047
2024-04-24,78.95872497558594
2024-04-25,76.145751953125
2024-04-26,78.2457275390625
2024-04-29,77.33736419677734
2024-04-30,76.048095703125
2024-05-01,76.75132751464844
2024-05-02,77.52294921875
2024-05-03,78.34339904785156
2024-05-06,79.40802764892578
2024-05-07,79.49593353271484
2024-05-08,79.36897277832031
2024-05-09,79.76941680908203
2024-05-10,79.88663482666016
2024-05-13,79.74012756347656
2024-05-14,80.10151672363281
2024-05-15,80.60940551757812
2024-05-16,80.55079650878906
2024-05-17,80.68754577636719
2024-05-20,80.92195129394531
2024-05-21,80.81452178955078
2024-05-22,80.91218566894531
2024-05-23,79.99406433105469
2024-05-24,81.01963806152344
2024-05-28,81.1563720703125
2024-05-29,80.72662353515625
2024-05-30,80.46290588378906
2024-05-31,81.32242584228516
2024-06-03,81.64474487304688
2024-06-04,81.95729064941406
2024-06-05,82.95355224609375
2024-06-06,83.00241088867188
2024-06-07,82.43589782714844
2024-06-10,82.64100646972656
2024-06-11,82.79727172851562
2024-06-12,82.62146759033203
2024-06-13,81.90846252441406
2024-06-14,82.17217254638672
2024-06-17,82.56287384033203
2024-06-18,82.07450866699219
2024-06-20,82.42611694335938
2024-06-21,82.96331787109375
2024-06-24,83.241455078125
2024-06-25,84.17178344726562
2024-06-26,84.18159484863281
2024-06-27,84.66145324707031
2024-06-28,83.88778686523438
2024-07-01,83.53524017333984
2024-07-02,84.27952575683594
2024-07-03,84.30889129638672
2024-07-05,85.94435119628906
2024-07-08,85.17069244384766
2024-07-09,85.43510437011719
2024-07-10,85.9737319946289
2024-07-11,84.79855346679688
2024-07-12,84.52434539794922
2024-07-15,84.82794189453125
2024-07-16,85.05316925048828
2024-07-17,83.77027893066406
2024-07-18,83.72132110595703
2024-07-19,83.34917449951172
2024-07-22,83.70172119140625
2024-07-23,83.5842056274414
2024-07-24,81.40035247802734
2024-07-25,80.46021270751953
2024-07-26,81.96833801269531
2024-07-29,82.69303894042969
2024-07-30,83.0260009765625
2024-07-31,84.01510620117188
2024-08-01,84.35785675048828
2024-08-02,82.98682403564453
2024-08-05,80.60708618164062
2024-08-06,81.55702209472656
2024-08-07,81.12613677978516
2024-08-08,82.74199676513672
2024-08-09,83.44710540771484
2024-08-12,82.86930847167969
2024-08-13,83.94654846191406
2024-08-14,83.46669006347656
2024-08-15,84.22074890136719
2024-08-16,84.47539520263672
2024-08-19,85.43510437011719
2024-08-20,85.37635040283203
2024-08-21,85.73869323730469
2024-08-22,85.09234619140625
2024-08-23,85.68972778320312
2024-08-26,85.88558959960938
2024-08-27,85.68972778320312
2024-08-28,85.12171173095703
2024-08-29,84.9454574584961
2024-08-30,85.51345825195312
2024-09-03,83.94654846191406
2024-09-04,83.54503631591797
2024-09-05,83.78987121582031
2024-09-06,82.03689575195312
2024-09-09,82.38944244384766
2024-09-10,82.36986541748047
2024-09-11,82.7126235961914
2024-09-12,84.25993347167969
2024-09-13,85.07276153564453
2024-09-16,85.96392059326172
2024-09-17,85.96392059326172
2024-09-18,85.89537811279297
2024-09-19,87.06075286865234
2024-09-20,87.06075286865234
2024-09-23,87.25624084472656
2024-09-24,87.66879272460938
2024-09-25,87.39375305175781
2024-09-26,87.8849105834961
2024-09-27,88.41534423828125
2024-09-30,88.79842376708984
2024-10-01,88.86717987060547
2024-10-02,88.59214782714844
2024-10-03,88.28763580322266
2024-10-04,89.26991271972656
2024-10-07,88.071533203125
2024-10-08,88.8475341796875
2024-10-09,88.87701416015625
2024-10-10,88.21887969970703
2024-10-11,88.82789611816406
2024-10-14,89.2404556274414
2024-10-15,89.43690490722656
2024-10-16,89.37796020507812
2024-10-17,88.95558166503906
2024-10-18,89.61372375488281
2024-10-21,89.26010131835938
2024-10-22,89.3877944946289
2024-10-23,88.71002197265625
2024-10-24,89.0145263671875
2024-10-25,89.2404556274414
2024-10-28,89.8101806640625
2024-10-29,90.65493774414062
2024-10-30,91.20501708984375
2024-10-31,90.40937042236328
2024-11-01,90.76299285888672
2024-11-04,90.45848083496094
2024-11-05,91.46041870117188
2024-11-06,93.7098388671875
2024-11-07,94.93769836425781
2024-11-08,94.47602081298828
2024-11-11,95.00645446777344
2024-11-12,95.43866729736328
2024-11-13,95.47794342041016
2024-11-14,95.3698959350586
2024-11-15,93.46426391601562
2024-11-18,94.38761138916016
2024-11-19,95.00645446777344
2024-11-20,95.61546325683594
2024-11-21,95.3698959350586
2024-11-22,95.16361999511719
2024-11-25,95.6547622680664
2024-11-26,96.00837707519531
2024-11-27,96.13607788085938
2024-11-29,96.65670013427734
2024-12-02,97.45233917236328
2024-12-03,98.23817443847656
2024-12-04,98.46409606933594
2024-12-05,98.23817443847656
2024-12-06,99.1418685913086
2024-12-09,97.02995300292969
2024-12-10,98.55249786376953
2024-12-11,100.1634521484375
2024-12-12,100.35008239746094
2024-12-13,99.15169525146484
2024-12-16,99.53477478027344
2024-12-17,98.78824615478516
2024-12-18,95.9690933227539
2024-12-19,95.7038803100586
2024-12-20,96.22447967529297
2024-12-23,96.7503890991211
2024-12-24,97.66629028320312
2024-12-26,97.53826141357422
2024-12-27,96.67160034179688
2024-12-30,95.65721893310547
2024-12-31,95.34207153320312
2025-01-02,95.80494689941406
2025-01-03,96.39584350585938
2025-01-06,97.43978118896484
2025-01-07,96.35646057128906
2025-01-08,95.78524780273438
2025-01-10,94.35723876953125
2025-01-13,94.3966293334961
2025-01-14,94.08148193359375
2025-01-15,95.62767791748047
2025-01-16,95.08601379394531
2025-01-17,95.91327667236328
2025-01-21,96.7799301147461
2025-01-22,97.74507904052734
2025-01-23,98.00113677978516
2025-01-24,98.88748931884766
2025-01-27,99.39960479736328
2025-01-28,99.8821792602539
2025-01-29,100.32534790039062
2025-01-30,100.42383575439453
2025-01-31,100.82762145996094
2025-02-03,101.04428100585938
2025-02-04,101.95032501220703
2025-02-05,100.96549224853516
2025-02-06,101.3988265991211
2025-02-07,101.18215942382812
2025-02-10,101.63517761230469
2025-02-11,101.8026123046875
2025-02-12,101.91094207763672
2025-02-13,103.08289337158203
2025-02-14,103.71318054199219
2025-02-18,103.2306137084961
2025-02-19,103.34880065917969
2025-02-20,102.86622619628906
2025-02-21,101.4579086303711
2025-02-24,101.6548843383789
2025-02-25,100.14808654785156
2025-02-26,99.9708023071289
2025-02-27,99.00566101074219
2025-02-28,100.45337677001953
2025-03-03,99.44884490966797
2025-03-04,98.66097259521484
2025-03-05,99.93141174316406
2025-03-06,98.1390151977539
2025-03-07,98.7693099975586
2025-03-10,96.30722045898438
2025-03-11,94.88905334472656
2025-03-12,95.36177062988281
2025-03-13,93.40193939208984
2025-03-14,95.11557006835938
2025-03-17,95.79508972167969
2025-03-18,94.45572662353516
2025-03-19,95.57843780517578
2025-03-20,95.37161254882812
2025-03-21,96.12008666992188
2025-03-24,97.4812240600586
2025-03-25,98.71591186523438
2025-03-26,97.87631225585938
2025-03-27,97.44171905517578
2025-03-28,94.56734466552734
2025-03-31,95.2686538696289
2025-04-01,95.32791900634766
2025-04-02,95.66375732421875
2025-04-03,91.39667510986328
2025-04-04,86.16159057617188
2025-04-07,86.28011322021484
2025-04-08,85.0750503540039
2025-04-09,92.59184265136719
2025-04-10,89.39152526855469
2025-04-11,90.152099609375
2025-04-14,90.75463104248047
2025-04-15,90.9818115234375
2025-04-16,88.53218841552734
2025-04-17,89.10508728027344
2025-04-21,87.09994506835938
2025-04-22,89.37178802490234
2025-04-23,90.80401611328125
2025-04-24,92.6214828491211
2025-04-25,93.20426177978516
2025-04-28,93.55984497070312
2025-04-29,94.24140167236328
2025-04-30,94.27102661132812
2025-05-01,94.7550277709961
2025-05-02,96.22676849365234
2025-05-05,96.45396423339844
2025-05-06,96.43419647216797
2025-05-07,96.25640106201172
2025-05-08,96.48358917236328
2025-05-09,95.98971557617188
2025-05-12,97.98497009277344
2025-05-13,98.94308471679688
2025-05-14,99.45672607421875
2025-05-15,99.85181427001953
2025-05-16,100.53337860107422
2025-05-19,100.63214111328125
2025-05-20,100.38520812988281
2025-05-21,99.63452911376953
2025-05-22,99.4172134399414
2025-05-23,98.96284484863281
2025-05-27,100.57288360595703
2025-05-28,100.55313110351562
2025-05-29,99.74317169189453
2025-05-30,100.15802764892578
2025-06-02,100.65190124511719
2025-06-03,100.36544799804688
2025-06-04,101.00748443603516
2025-06-05,101.14578247070312
2025-06-06,102.43973541259766
2025-06-09,102.1434097290039
2025-06-10,103.43736267089844
2025-06-11,103.20030975341797
2025-06-12,102.36071014404297
2025-06-13,101.32357788085938
2025-06-16,103.06201934814453
2025-06-17,102.15328216552734
2025-06-18,102.20266723632812
2025-06-20,101.58038330078125
2025-06-23,102.8666000366211
2025-06-24,104.19339752197266
2025-06-25,104.17359161376953
2025-06-26,105.38157653808594
2025-06-27,106.61925506591797
2025-06-30,107.46088409423828
2025-07-01,106.69847869873047
2025-07-02,106.39152526855469
2025-07-03,106.97571563720703
2025-07-07,105.94596099853516
2025-07-08,105.72811889648438
2025-07-09,106.00537109375
2025-07-10,105.64891052246094
2025-07-11,104.96571350097656
2025-07-14,105.99546813964844
2025-07-15,104.9458999633789
2025-07-16,105.26274871826172
2025-07-17,105.62911224365234
2025-07-18,105.14393615722656
2025-07-21,106.5499496459961
2025-07-22,106.7974853515625
2025-07-23,107.38167572021484
2025-07-24,107.55989837646484
2025-07-25,106.55985260009766
2025-07-28,105.98556518554688
2025-07-29,105.07463073730469
2025-07-30,105.40137481689453
2025-07-31,106.35192108154297
2025-08-01,105.07463073730469
2025-08-04,107.09454345703125
2025-08-05,106.26280212402344
2025-08-06,106.66876983642578
2025-08-07,106.21329498291016
2025-08-08,106.56974792480469
2025-08-11,107.11433410644531
2025-08-12,109.1639404296875
2025-08-13,110.01547241210938
2025-08-14,110.10458374023438
2025-08-15,110.38182830810547
2025-08-18,109.70852661132812
2025-08-19,109.09463500976562
2025-08-20,108.76788330078125
2025-08-21,108.6490707397461
2025-08-22,110.2135009765625
2025-08-25,110.3917236328125
2025-08-26,109.90655517578125
2025-08-27,110.09468078613281
2025-08-28,110.51054382324219
2025-08-29,110.29270935058594
2025-09-02,110.10458374023438
2025-09-03,111.9462661743164
2025-09-04,112.95621490478516
2025-09-05,113.56021118164062
2025-09-08,113.68892669677734
2025-09-09,114.33252716064453
2025-09-10,113.49089813232422
2025-09-11,115.23355102539062
2025-09-12,116.1939926147461
2025-09-15,117.82775115966797
2025-09-16,117.35247039794922
2025-09-17,117.65943145751953
2025-09-18,117.74853515625
2025-09-19,118.23371887207031
2025-09-22,117.82137298583984
2025-09-23,117.65245819091797
2025-09-24,116.67872619628906
2025-09-25,116.28128051757812
2025-09-26,117.41398620605469
2025-09-29,117.79155731201172
2025-09-30,117.61270904541016
2025-10-01,115.96332550048828
2025-10-02,115.70499420166016
2025-10-03,115.64537811279297
2025-10-06,115.76461791992188
2025-10-07,115.3174819946289
2025-10-08,114.84056091308594
2025-10-09,114.18478393554688
2025-10-10,112.0783462524414
2025-10-13,113.11168670654297
2025-10-14,113.85688781738281
2025-10-15,114.66171264648438
2025-10-16,113.4395751953125
2025-10-17,114.20465850830078
2025-10-20,115.49633026123047
2025-10-21,115.90371704101562
2025-10-22,114.9001693725586
2025-10-23,114.5126724243164
2025-10-24,114.81075286865234
2025-10-27,116.41046142578125
2025-10-28,115.83415985107422
2025-10-29,115.54601287841797
2025-10-30,113.588623046875
2025-10-31,114.07547760009766
2025-11-03,112.86328887939453
2025-11-04,112.0882797241211
2025-11-05,112.69437408447266
2025-11-06,111.68090057373047
2025-11-07,111.39276123046875
2025-11-10,112.55526733398438
2025-11-11,113.46939086914062
2025-11-12,112.81361389160156
2025-11-13,111.21391296386719
2025-11-14,110.61775207519531
2025-11-17,110.46871185302734
2025-11-18,111.09467315673828
2025-11-19,110.47865295410156
2025-11-20,109.26644897460938
2025-11-21,111.1841049194336
2025-11-24,112.28700256347656
2025-11-25,113.5687484741211
2025-11-26,113.72772216796875
2025-11-28,114.65177917480469
2025-12-01,114.11522674560547
2025-12-02,114.4927978515625
2025-12-03,114.3934326171875
2025-12-04,115.0492172241211
2025-12-05,116.3806381225586
2025-12-08,115.5162124633789
2025-12-09,115.64537811279297
2025-12-10,116.3210220336914
2025-12-11,116.06269073486328
2025-12-12,115.80435943603516
2025-12-15,115.82422637939453
2025-12-16,115.90371704101562
2025-12-17,115.06908416748047
2025-12-18,115.72486114501953
2025-12-19,115.7745361328125
2025-12-22,116.28890991210938
2025-12-23,117.01658630371094
2025-12-24,117.71435546875
2025-12-26,117.59474182128906
2025-12-29,117.5149917602539
2025-12-30,117.9137191772461
2025-12-31,117.34553527832031
2026-01-02,116.52814483642578
2026-01-05,117.37544250488281
2026-01-06,116.95677947998047
2026-01-07,116.71753692626953
2026-01-08,117.1063003540039
2026-01-09,117.5349349975586
2026-01-12,117.17607879638672
2026-01-13,116.51817321777344
2026-01-14,116.26896667480469
2026-01-15,115.84033966064453
2026-01-16,114.80364227294922
2026-01-20,113.10905456542969
2026-01-21,114.2653579711914
2026-01-22,115.88021087646484
2026-01-23,116.58795166015625
2026-01-26,117.39537048339844
2026-01-27,116.52814483642578
2026-01-28,116.37862396240234
2026-01-29,119.40895080566406
2026-01-30,119.69802856445312
2026-02-02,119.2893295288086
2026-02-03,117.36547088623047
2026-02-04,116.428466796875
2026-02-05,115.84033966064453
2026-02-06,115.39176940917969
2026-02-09,116.5082015991211
2026-02-10,117.20597839355469
2026-02-11,116.36865234375
2026-02-12,114.27532958984375
2026-02-13,114.21552276611328
2026-02-17,114.03609466552734
2026-02-18,114.2254867553711
2026-02-19,114.77374267578125
2026-02-20,116.428466796875
2026-02-23,114.9930419921875
2026-02-24,115.7905044555664
2026-02-25,116.1294174194336
2026-02-26,116.34871673583984
2026-02-27,117.67449188232422
2026-03-02,117.49506378173828
2026-03-03,117.58477020263672
2026-03-04,118.4121322631836
2026-03-05,118.06324768066406
2026-03-06,117.08636474609375
2026-03-09,117.18604278564453
2026-03-10,117.0066146850586
2026-03-11,116.62782287597656
2026-03-12,114.90332794189453
2026-03-13,114.0859375
2026-03-16,114.96314239501953
2026-03-17,115.00301361083984
2026-03-18,113.29845428466797
2026-03-19,112.78010559082031
2026-03-20,111.87300109863281
2026-03-23,112.70999908447266
2026-03-24,111.12999725341797
2026-03-25,111.44000244140625
2026-03-26,108.80999755859375
2026-03-27,107.04000091552734
2026-03-30,107.95999908447266
2026-03-31,110.86000061035156
2026-04-01,111.23999786376953
2026-04-02,111.69999694824219
2026-04-06,111.76000213623047
2026-04-07,111.81999969482422
2026-04-08,113.80999755859375
2026-04-09,114.2699966430664
2026-04-10,113.94999694824219
2026-04-13,114.81999969482422
2026-04-14,116.55999755859375
2026-04-15,117.36000061035156
2026-04-16,118.83000183105469
2026-04-17,119.0999984741211
2026-04-20,118.75
2026-04-21,117.16000366210938
2026-04-22,117.87999725341797
2026-04-23,117.38999938964844
2026-04-24,115.54000091552734
2026-04-27,115.80999755859375
2026-04-28,115.75
2026-04-29,115.29000091552734
2026-04-30,116.51000213623047
2026-05-01,116.72000122070312
2026-05-04,116.0999984741211
2026-05-05,115.62999725341797
2026-05-06,117.3499984741211
2026-05-07,117.37999725341797
2026-05-08,116.94000244140625
2026-05-11,115.58000183105469
2026-05-12,115.86000061035156
2026-05-13,116.76000213623047
2026-05-14,117.11000061035156
2026-05-15,116.08000183105469
2026-05-18,116.9800033569336
2026-05-19,115.8499984741211
2026-05-20,116.0999984741211
2026-05-21,116.0999984741211
2026-05-22,115.45999908447266
2026-05-26,115.55000305175781
2026-05-27,116.26000213623047
2026-05-28,116.66999816894531
2026-05-29,115.69000244140625
